customer_id,company_name,industry,company_size,country_name,signup_date,signup_source,is_active,churned_at,churn_reason,nps_score,created_at,plan_id,status,billing_cycle,mrr_usd,discount_pct,cancellation_reason,start_date,end_date,plan_name,plan_tier,monthly_price_usd,total_events,unique_days_active,avg_session_dur_sec,unique_features,engagement_score,total_tickets,escalated_count,avg_satisfaction,lifetime_value,is_churned
1,Rush Platform,E-commerce,small,France,2023-01-31 00:00:00+00:00,partner,False,2024-02-26 10:13:36+00:00,Outgrew the platform,7.0,2026-03-22 03:05:22.902197+00:00,1.0,cancelled,annual,0.0,15.0,Missing features,2023-01-31 00:00:00+00:00,2023-04-20 00:00:00+00:00,Free,free,0.0,28,20,1918.44,13,24.89,10.0,0.0,3.3333333333333335,988.7,1
2,TrekStack,Manufacturing,small,Canada,2023-06-09 00:00:00+00:00,referral,True,,none,7.0,2026-03-22 03:05:22.902197+00:00,1.0,paused,monthly,0.0,0.0,none,2023-06-09 00:00:00+00:00,,Free,free,0.0,18,13,1820.3333333333333,10,18.17,7.0,1.0,5.0,388.21,0
3,Wave Group,Education,enterprise,United States,2023-10-28 00:00:00+00:00,organic,True,,none,7.0,2026-03-22 03:05:22.902197+00:00,1.0,active,annual,0.0,20.0,none,2023-10-28 00:00:00+00:00,,Free,free,0.0,19,14,1733.5333333333333,10,18.58,9.0,1.0,4.0,1519.2699999999998,0
4,KeenSoftware,Technology,large,United Kingdom,2024-04-09 00:00:00+00:00,partner,True,,none,7.0,2026-03-22 03:05:22.902197+00:00,6.0,active,annual,82.5,0.0,none,2024-08-10 00:00:00+00:00,,Enterprise,enterprise,99.0,25,18,1690.1818181818182,9,21.93,4.0,0.0,4.0,1125.7,0
5,QuestAnalytics,Logistics,large,United States,2023-10-04 00:00:00+00:00,partner,True,,none,7.0,2026-03-22 03:05:22.902197+00:00,3.0,active,annual,15.83,0.0,none,2024-10-01 00:00:00+00:00,,Starter Plus,starter,19.0,29,20,1897.7272727272727,11,25.03,3.0,0.0,0.0,1324.98,0
6,RiftWorks,Insurance,small,United Kingdom,2025-08-23 00:00:00+00:00,partner,True,,none,7.0,2026-03-22 03:05:22.902197+00:00,1.0,paused,monthly,0.0,0.0,none,2025-08-23 00:00:00+00:00,,Free,free,0.0,21,19,1703.5263157894738,11,20.88,5.0,1.0,4.0,3280.84,0
7,PeakIO,Telecommunications,large,Canada,2024-08-21 00:00:00+00:00,paid_ads,True,,none,7.0,2026-03-22 03:05:22.902197+00:00,1.0,active,annual,0.0,0.0,none,2024-08-21 00:00:00+00:00,,Free,free,0.0,33,27,1464.0416666666667,14,27.58,11.0,4.0,4.5,4392.51,0
8,Data Systems,Finance,large,United States,2024-04-24 00:00:00+00:00,organic,True,,none,7.0,2026-03-22 03:05:22.902197+00:00,1.0,active,monthly,0.0,0.0,none,2024-04-24 00:00:00+00:00,,Free,free,0.0,26,21,1670.3478260869565,11,23.37,3.0,0.0,5.0,886.83,0
9,Iris Hub,Education,enterprise,Singapore,2025-06-15 00:00:00+00:00,paid_ads,True,,none,7.0,2026-03-22 03:05:22.902197+00:00,1.0,active,annual,0.0,0.0,none,2025-06-15 00:00:00+00:00,,Free,free,0.0,31,25,1982.6153846153845,12,27.71,6.0,0.0,4.0,4243.16,0
10,GlowSystems,Education,enterprise,Singapore,2025-03-08 00:00:00+00:00,organic,True,,none,7.0,2026-03-22 03:05:22.902197+00:00,5.0,active,monthly,59.0,0.0,none,2025-03-08 00:00:00+00:00,,Professional Plus,professional,59.0,24,20,1641.7058823529412,13,22.37,5.0,0.0,0.0,307.53,0
11,Xenon Cloud,E-commerce,small,United Kingdom,2024-06-29 00:00:00+00:00,paid_ads,True,,none,7.0,2026-03-22 03:05:22.902197+00:00,2.0,active,annual,7.5,25.0,none,2024-06-29 00:00:00+00:00,,Starter,starter,12.0,32,26,1830.1379310344828,14,28.1,5.0,0.0,2.3333333333333335,1180.0700000000002,0
12,QuarkDev,Manufacturing,small,Japan,2024-10-27 00:00:00+00:00,referral,True,,none,7.0,2026-03-22 03:05:22.902197+00:00,6.0,active,monthly,99.0,0.0,none,2024-10-27 00:00:00+00:00,,Enterprise,enterprise,99.0,28,21,1289.5416666666667,14,23.2,6.0,1.0,5.0,1997.86,0
13,Vertex Labs,Real Estate,medium,United Kingdom,2025-07-16 00:00:00+00:00,referral,False,2025-09-16 01:57:15+00:00,Switched to competitor,1.0,2026-03-22 03:05:22.902197+00:00,1.0,cancelled,monthly,0.0,0.0,Switched competitor,2025-07-16 00:00:00+00:00,2025-09-16 00:00:00+00:00,Free,free,0.0,17,14,1826.0,9,17.99,1.0,0.0,3.0,616.23,1
14,Keen Ventures,Consulting,small,Canada,2024-02-25 00:00:00+00:00,referral,True,,none,7.0,2026-03-22 03:05:22.902197+00:00,6.0,active,annual,74.25,10.0,none,2025-05-17 00:00:00+00:00,,Enterprise,enterprise,99.0,30,22,1570.9166666666667,13,25.14,7.0,2.0,4.0,3220.7999999999997,0
15,DataLogic,Insurance,enterprise,United States,2024-04-18 00:00:00+00:00,referral,True,,none,7.0,2026-03-22 03:05:22.902197+00:00,2.0,active,monthly,12.0,0.0,none,2024-04-18 00:00:00+00:00,,Starter,starter,12.0,21,18,1917.578947368421,10,21.19,5.0,0.0,3.5,1801.1100000000001,0
16,Iris Labs,Healthcare,enterprise,United Kingdom,2023-06-18 00:00:00+00:00,event,True,,none,7.0,2026-03-22 03:05:22.902197+00:00,2.0,active,annual,10.0,0.0,none,2023-06-18 00:00:00+00:00,,Starter,starter,12.0,26,24,1932.842105263158,10,25.04,6.0,0.0,4.0,519.45,0
17,DriftCloud,Legal,enterprise,Japan,2024-08-16 00:00:00+00:00,organic,True,,none,6.0,2026-03-22 03:05:22.902197+00:00,2.0,active,monthly,9.6,20.0,none,2025-04-02 00:00:00+00:00,,Starter,starter,12.0,31,26,1624.2380952380952,13,26.91,7.0,0.0,4.333333333333333,267.53,0
18,LinkIO,Retail,medium,United States,2025-06-01 00:00:00+00:00,partner,True,,none,10.0,2026-03-22 03:05:22.902197+00:00,4.0,active,monthly,39.0,0.0,none,2025-06-01 00:00:00+00:00,,Professional,professional,39.0,26,23,2006.0,11,25.09,4.0,0.0,0.0,1785.98,0
19,Flow Corp,Logistics,medium,Brazil,2024-02-10 00:00:00+00:00,referral,False,2025-07-25 09:00:24+00:00,Poor support experience,8.0,2026-03-22 03:05:22.902197+00:00,4.0,cancelled,annual,32.5,0.0,none,2025-01-26 00:00:00+00:00,2025-07-25 00:00:00+00:00,Professional,professional,39.0,30,23,2115.875,11,27.05,3.0,1.0,0.0,2886.65,1
20,AcmeHQ,Real Estate,small,United States,2025-06-19 00:00:00+00:00,event,True,,none,7.0,2026-03-22 03:05:22.902197+00:00,6.0,active,annual,82.5,0.0,none,2025-06-19 00:00:00+00:00,,Enterprise,enterprise,99.0,23,22,2385.266666666667,11,24.85,3.0,1.0,0.0,1316.6,0
21,NexusStack,Logistics,enterprise,Japan,2023-04-20 00:00:00+00:00,partner,True,,none,6.0,2026-03-22 03:05:22.902197+00:00,4.0,active,monthly,39.0,0.0,none,2023-04-20 00:00:00+00:00,,Professional,professional,39.0,25,20,1695.909090909091,13,22.95,0.0,0.0,0.0,821.03,0
22,Onyx Analytics,Media,medium,Germany,2023-12-08 00:00:00+00:00,event,True,,none,7.0,2026-03-22 03:05:22.902197+00:00,5.0,active,annual,49.17,0.0,none,2023-12-08 00:00:00+00:00,,Professional Plus,professional,59.0,26,22,1949.8947368421052,13,24.8,7.0,0.0,5.0,696.78,0
23,KitePro,Legal,medium,Japan,2025-05-04 00:00:00+00:00,organic,True,,none,7.0,2026-03-22 03:05:22.902197+00:00,6.0,cancelled,annual,82.5,0.0,Not using it,2025-05-04 00:00:00+00:00,2025-09-11 00:00:00+00:00,Enterprise,enterprise,99.0,24,20,1864.5555555555557,12,23.02,4.0,0.0,5.0,896.6600000000001,0
24,TidalStudio,Insurance,enterprise,United States,2025-06-24 00:00:00+00:00,paid_ads,True,,none,7.0,2026-03-22 03:05:22.902197+00:00,3.0,active,annual,15.83,0.0,none,2025-06-24 00:00:00+00:00,,Starter Plus,starter,19.0,19,18,2194.5555555555557,11,21.42,8.0,1.0,4.666666666666667,564.05,0
25,PulseSolutions,Insurance,small,Australia,2025-06-03 00:00:00+00:00,referral,True,,none,4.0,2026-03-22 03:05:22.902197+00:00,1.0,active,monthly,0.0,25.0,none,2025-06-03 00:00:00+00:00,,Free,free,0.0,24,22,1634.7,13,22.95,1.0,0.0,4.0,1975.15,0
26,YieldAI,E-commerce,small,Canada,2023-07-17 00:00:00+00:00,event,True,,none,2.0,2026-03-22 03:05:22.902197+00:00,6.0,active,monthly,99.0,0.0,none,2023-12-01 00:00:00+00:00,,Enterprise,enterprise,99.0,24,17,1741.6190476190477,11,21.61,7.0,2.0,4.333333333333333,3011.64,0
27,WaveStack,Logistics,enterprise,Japan,2023-09-29 00:00:00+00:00,organic,False,2025-02-03 08:53:39+00:00,Budget cuts,6.0,2026-03-22 03:05:22.902197+00:00,4.0,cancelled,annual,32.5,0.0,Switched competitor,2024-09-22 00:00:00+00:00,2025-02-03 00:00:00+00:00,Professional,professional,39.0,22,17,1830.357142857143,12,21.2,5.0,1.0,5.0,3489.52,1
28,Keen Software,Education,small,France,2023-03-13 00:00:00+00:00,organic,True,,none,7.0,2026-03-22 03:05:22.902197+00:00,3.0,active,monthly,19.0,0.0,none,2024-01-12 00:00:00+00:00,,Starter Plus,starter,19.0,26,18,1643.125,10,22.28,2.0,0.0,1.0,2071.79,0
29,QuestSystems,Education,medium,Germany,2024-03-06 00:00:00+00:00,paid_ads,True,,none,9.0,2026-03-22 03:05:22.902197+00:00,3.0,expired,monthly,19.0,0.0,Company reorganization,2024-12-20 00:00:00+00:00,2025-06-05 00:00:00+00:00,Starter Plus,starter,19.0,21,17,1349.8235294117646,11,19.1,7.0,0.0,3.0,326.77,0
30,NexusVentures,Media,enterprise,United States,2024-04-21 00:00:00+00:00,referral,True,,none,7.0,2026-03-22 03:05:22.902197+00:00,2.0,active,monthly,12.0,0.0,none,2024-04-21 00:00:00+00:00,,Starter,starter,12.0,12,9,2287.909090909091,7,15.83,5.0,0.0,0.0,4572.34,0
31,VineSolutions,Education,medium,Singapore,2023-08-19 00:00:00+00:00,referral,True,,none,2.0,2026-03-22 03:05:22.902197+00:00,4.0,active,monthly,39.0,0.0,none,2023-08-19 00:00:00+00:00,,Professional,professional,39.0,18,17,1607.076923076923,11,18.76,7.0,0.0,4.0,2323.3,0
32,Arc Stack,Real Estate,small,France,2025-05-31 00:00:00+00:00,paid_ads,True,,none,7.0,2026-03-22 03:05:22.902197+00:00,3.0,active,annual,15.83,0.0,none,2025-05-31 00:00:00+00:00,,Starter Plus,starter,19.0,15,14,1543.6153846153845,10,16.35,7.0,1.0,3.3333333333333335,441.08,0
33,SageDev,Media,small,United States,2025-08-30 00:00:00+00:00,organic,True,,none,9.0,2026-03-22 03:05:22.902197+00:00,5.0,active,monthly,59.0,0.0,none,2025-08-30 00:00:00+00:00,,Professional Plus,professional,59.0,16,13,1270.0833333333333,6,15.13,3.0,0.0,0.0,247.64999999999998,0
34,JadeHQ,Legal,enterprise,Canada,2024-06-17 00:00:00+00:00,event,True,,none,7.0,2026-03-22 03:05:22.902197+00:00,4.0,active,monthly,33.15,15.0,none,2025-02-04 00:00:00+00:00,,Professional,professional,39.0,23,18,1844.2777777777778,11,21.85,2.0,0.0,4.0,274.15000000000003,0
35,PulseAnalytics,Telecommunications,medium,United States,2024-02-22 00:00:00+00:00,organic,True,,none,2.0,2026-03-22 03:05:22.902197+00:00,2.0,active,annual,10.0,0.0,none,2024-02-22 00:00:00+00:00,,Starter,starter,12.0,25,22,1938.3,10,24.06,6.0,0.0,5.0,560.6,0
36,YieldHub,Legal,small,Brazil,2025-09-03 00:00:00+00:00,partner,True,,none,9.0,2026-03-22 03:05:22.902197+00:00,5.0,active,monthly,59.0,0.0,none,2025-09-03 00:00:00+00:00,,Professional Plus,professional,59.0,21,14,1343.0,11,18.18,5.0,0.0,5.0,502.38,0
37,Flux Labs,Manufacturing,small,Singapore,2025-10-01 00:00:00+00:00,organic,True,,none,7.0,2026-03-22 03:05:22.902197+00:00,4.0,active,monthly,39.0,0.0,none,2025-12-01 00:00:00+00:00,,Professional,professional,39.0,27,24,1833.3809523809523,11,25.21,5.0,0.0,3.0,1456.33,0
38,FlowStack,Retail,medium,United States,2025-06-19 00:00:00+00:00,organic,True,,none,7.0,2026-03-22 03:05:22.902197+00:00,6.0,active,annual,82.5,0.0,none,2025-09-16 00:00:00+00:00,,Enterprise,enterprise,99.0,33,25,1850.4074074074074,12,28.07,2.0,0.0,0.0,539.0699999999999,0
39,QuarkTech,Legal,medium,United States,2025-08-30 00:00:00+00:00,paid_ads,True,,none,7.0,2026-03-22 03:05:22.902197+00:00,1.0,active,monthly,0.0,0.0,none,2025-08-30 00:00:00+00:00,,Free,free,0.0,30,22,1519.7142857142858,12,24.87,9.0,0.0,3.0,935.61,0
40,PulseDigital,Healthcare,medium,United Kingdom,2025-02-04 00:00:00+00:00,paid_ads,True,,none,7.0,2026-03-22 03:05:22.902197+00:00,2.0,active,annual,10.0,0.0,none,2025-02-04 00:00:00+00:00,,Starter,starter,12.0,18,17,1648.0,12,18.99,6.0,1.0,3.0,4933.12,0
41,TidalSystems,Telecommunications,small,Brazil,2025-04-30 00:00:00+00:00,referral,True,,none,9.0,2026-03-22 03:05:22.902197+00:00,2.0,active,monthly,12.0,0.0,none,2025-04-30 00:00:00+00:00,,Starter,starter,12.0,21,16,1749.7777777777778,10,20.03,4.0,1.0,2.6666666666666665,3401.2400000000002,0
42,KeenAI,Manufacturing,large,India,2025-09-10 00:00:00+00:00,referral,True,,none,7.0,2026-03-22 03:05:22.902197+00:00,5.0,active,annual,49.17,0.0,none,2025-09-10 00:00:00+00:00,,Professional Plus,professional,59.0,14,14,1542.4166666666667,10,15.94,9.0,2.0,4.0,1058.92,0
43,TrekDigital,Legal,medium,Singapore,2025-04-25 00:00:00+00:00,referral,True,,none,9.0,2026-03-22 03:05:22.902197+00:00,1.0,active,monthly,0.0,0.0,none,2025-10-28 00:00:00+00:00,,Free,free,0.0,25,19,1410.7727272727273,11,21.5,4.0,0.0,0.0,1264.9499999999998,0
44,Drift Ventures,Real Estate,large,Australia,2025-03-27 00:00:00+00:00,event,True,,none,8.0,2026-03-22 03:05:22.902197+00:00,1.0,active,monthly,0.0,25.0,none,2025-10-06 00:00:00+00:00,,Free,free,0.0,29,21,1765.85,12,24.99,3.0,0.0,4.0,968.06,0
45,JadeLabs,E-commerce,small,United Kingdom,2024-05-17 00:00:00+00:00,organic,True,,none,6.0,2026-03-22 03:05:22.902197+00:00,1.0,active,monthly,0.0,0.0,none,2024-05-17 00:00:00+00:00,,Free,free,0.0,31,26,1556.423076923077,12,26.59,4.0,0.0,4.0,693.3,0
46,SagePlatform,Real Estate,small,Canada,2024-12-20 00:00:00+00:00,partner,True,,none,5.0,2026-03-22 03:05:22.902197+00:00,1.0,active,annual,0.0,0.0,none,2024-12-20 00:00:00+00:00,,Free,free,0.0,24,16,1802.6,13,21.71,2.0,0.0,0.0,2585.15,0
47,UltraSystems,Insurance,large,United States,2024-06-21 00:00:00+00:00,partner,True,,none,7.0,2026-03-22 03:05:22.902197+00:00,3.0,active,monthly,19.0,0.0,none,2025-02-18 00:00:00+00:00,,Starter Plus,starter,19.0,19,15,1799.4666666666667,8,18.9,1.0,0.0,0.0,706.8,0
48,SyncPlatform,Education,small,France,2025-08-24 00:00:00+00:00,event,False,2025-10-29 13:03:59+00:00,Not enough users,0.0,2026-03-22 03:05:22.902197+00:00,6.0,cancelled,annual,70.12,15.0,Missing features,2025-12-28 00:00:00+00:00,2025-10-29 00:00:00+00:00,Enterprise,enterprise,99.0,26,17,1656.05,11,22.12,2.0,1.0,4.0,605.01,1
49,EchoIO,Finance,small,Germany,2024-10-06 00:00:00+00:00,event,True,,none,9.0,2026-03-22 03:05:22.902197+00:00,1.0,active,monthly,0.0,0.0,none,2024-10-06 00:00:00+00:00,,Free,free,0.0,18,14,1606.6923076923076,10,17.76,8.0,0.0,3.0,959.98,0
50,Warp Corp,Real Estate,medium,Brazil,2024-08-25 00:00:00+00:00,referral,True,,none,8.0,2026-03-22 03:05:22.902197+00:00,1.0,active,annual,0.0,0.0,none,2025-04-03 00:00:00+00:00,,Free,free,0.0,21,18,1357.5294117647059,10,19.33,4.0,0.0,0.0,473.82,0
51,WarpSoftware,Education,large,United States,2024-12-06 00:00:00+00:00,event,True,,none,5.0,2026-03-22 03:05:22.902197+00:00,3.0,active,annual,15.83,0.0,none,2024-12-06 00:00:00+00:00,,Starter Plus,starter,19.0,27,22,1937.8695652173913,13,25.16,3.0,0.0,4.0,506.6,0
52,Orbit Analytics,Insurance,enterprise,Singapore,2024-10-25 00:00:00+00:00,event,False,2025-03-07 03:52:26+00:00,No longer needed,0.0,2026-03-22 03:05:22.902197+00:00,1.0,cancelled,annual,0.0,25.0,Missing features,2024-10-25 00:00:00+00:00,2025-03-07 00:00:00+00:00,Free,free,0.0,21,15,1859.4117647058824,12,20.3,2.0,0.0,0.0,389.83,1
53,MistPro,Telecommunications,small,Canada,2024-05-20 00:00:00+00:00,organic,True,,none,10.0,2026-03-22 03:05:22.902197+00:00,1.0,active,annual,0.0,0.0,none,2024-12-20 00:00:00+00:00,,Free,free,0.0,27,19,1548.85,14,23.06,5.0,0.0,4.0,3871.9599999999996,0
54,Orbit Ops,Retail,enterprise,Brazil,2025-02-20 00:00:00+00:00,event,True,,none,8.0,2026-03-22 03:05:22.902197+00:00,1.0,active,monthly,0.0,0.0,none,2025-02-20 00:00:00+00:00,,Free,free,0.0,26,19,1825.391304347826,12,23.38,4.0,1.0,0.0,2201.7599999999998,0
55,LunaVentures,Retail,medium,United States,2023-12-04 00:00:00+00:00,organic,True,,none,8.0,2026-03-22 03:05:22.902197+00:00,4.0,active,monthly,31.2,20.0,none,2024-05-31 00:00:00+00:00,,Professional,professional,39.0,19,16,1952.5,9,19.81,4.0,0.0,2.0,1404.44,0
56,Flow Works,Education,small,United States,2024-07-09 00:00:00+00:00,referral,True,,none,7.0,2026-03-22 03:05:22.902197+00:00,5.0,active,monthly,59.0,0.0,none,2025-03-08 00:00:00+00:00,,Professional Plus,professional,59.0,21,18,1500.5882352941176,11,19.9,7.0,0.0,4.0,1874.23,0
57,OnyxHQ,E-commerce,small,Japan,2024-10-07 00:00:00+00:00,organic,True,,none,4.0,2026-03-22 03:05:22.902197+00:00,4.0,active,annual,32.5,0.0,none,2024-10-07 00:00:00+00:00,,Professional,professional,39.0,22,20,1782.421052631579,9,21.64,9.0,1.0,3.0,375.15,0
58,Hub HQ,Healthcare,large,United States,2025-09-30 00:00:00+00:00,partner,True,,none,4.0,2026-03-22 03:05:22.902197+00:00,3.0,active,monthly,19.0,0.0,none,2025-09-30 00:00:00+00:00,,Starter Plus,starter,19.0,23,18,1490.8235294117646,11,20.67,5.0,1.0,3.0,913.9300000000001,0
59,MistDev,Finance,enterprise,United States,2023-01-03 00:00:00+00:00,referral,True,,none,8.0,2026-03-22 03:05:22.902197+00:00,2.0,active,monthly,12.0,0.0,none,2023-01-03 00:00:00+00:00,,Starter,starter,12.0,29,24,1833.3636363636363,13,26.21,5.0,1.0,0.0,1749.84,0
60,JetHQ,Marketing,small,Japan,2023-09-02 00:00:00+00:00,organic,True,,none,9.0,2026-03-22 03:05:22.902197+00:00,5.0,active,monthly,59.0,0.0,none,2024-08-08 00:00:00+00:00,,Professional Plus,professional,59.0,26,24,1869.4347826086957,13,25.13,5.0,0.0,4.0,990.97,0
61,UltraPro,Telecommunications,enterprise,Australia,2023-02-07 00:00:00+00:00,referral,False,2025-09-10 19:31:16+00:00,Company closed,7.0,2026-03-22 03:05:22.902197+00:00,1.0,cancelled,monthly,0.0,0.0,Switched competitor,2023-02-07 00:00:00+00:00,2025-09-10 00:00:00+00:00,Free,free,0.0,35,26,1686.4444444444443,13,28.72,6.0,2.0,4.0,732.86,1
62,GridDev,Technology,large,United States,2024-12-10 00:00:00+00:00,organic,True,,none,6.0,2026-03-22 03:05:22.902197+00:00,3.0,active,monthly,16.15,15.0,none,2025-08-24 00:00:00+00:00,,Starter Plus,starter,19.0,24,20,1807.15,12,22.82,4.0,0.0,3.0,33.96,0
63,UltraStack,Insurance,medium,Japan,2025-02-03 00:00:00+00:00,referral,False,2025-04-12 05:33:23+00:00,none,7.0,2026-03-22 03:05:22.902197+00:00,4.0,cancelled,monthly,39.0,0.0,Switched competitor,2025-06-29 00:00:00+00:00,2025-04-12 00:00:00+00:00,Professional,professional,39.0,34,28,1756.4583333333333,13,29.15,8.0,0.0,0.0,1762.92,1
64,CoreSolutions,Telecommunications,small,United States,2024-06-27 00:00:00+00:00,paid_ads,True,,none,7.0,2026-03-22 03:05:22.902197+00:00,2.0,active,annual,10.0,0.0,none,2024-06-27 00:00:00+00:00,,Starter,starter,12.0,31,28,1776.76,12,27.92,0.0,0.0,0.0,427.07,0
65,Yield Group,Logistics,small,Canada,2023-01-10 00:00:00+00:00,paid_ads,True,,none,6.0,2026-03-22 03:05:22.902197+00:00,1.0,active,annual,0.0,15.0,none,2023-01-10 00:00:00+00:00,,Free,free,0.0,24,22,1961.8636363636363,11,23.84,2.0,0.0,0.0,985.3199999999999,0
66,EdgeHQ,Real Estate,small,Singapore,2025-05-23 00:00:00+00:00,event,True,,none,8.0,2026-03-22 03:05:22.902197+00:00,1.0,active,monthly,0.0,0.0,none,2025-05-23 00:00:00+00:00,,Free,free,0.0,27,20,2045.2,12,24.82,3.0,1.0,0.0,2189.2,0
67,Quest Logic,Education,small,Brazil,2025-05-02 00:00:00+00:00,organic,True,,none,9.0,2026-03-22 03:05:22.902197+00:00,1.0,active,monthly,0.0,0.0,none,2025-05-02 00:00:00+00:00,,Free,free,0.0,26,20,1910.3809523809523,13,24.07,5.0,0.0,1.0,6615.02,0
68,Quark Ops,Insurance,large,Singapore,2024-03-27 00:00:00+00:00,organic,False,2025-02-03 09:30:22+00:00,none,8.0,2026-03-22 03:05:22.902197+00:00,6.0,cancelled,annual,82.5,0.0,Budget cuts,2024-03-27 00:00:00+00:00,2025-02-03 00:00:00+00:00,Enterprise,enterprise,99.0,29,22,1857.7727272727273,13,25.69,3.0,0.0,4.0,1611.27,1
69,Ion Dynamics,Telecommunications,small,Japan,2023-10-30 00:00:00+00:00,referral,True,,none,3.0,2026-03-22 03:05:22.902197+00:00,1.0,active,annual,0.0,0.0,none,2023-10-30 00:00:00+00:00,,Free,free,0.0,27,25,1964.2727272727273,9,25.75,8.0,0.0,4.666666666666667,1977.18,0
70,JetHub,Retail,large,France,2024-02-09 00:00:00+00:00,event,False,2025-04-30 18:25:58+00:00,Switched to competitor,5.0,2026-03-22 03:05:22.902197+00:00,4.0,cancelled,monthly,39.0,0.0,Company reorganization,2024-12-20 00:00:00+00:00,2025-04-30 00:00:00+00:00,Professional,professional,39.0,23,16,1876.142857142857,11,21.35,8.0,0.0,4.25,362.8,1
71,LinkLogic,Marketing,small,Singapore,2024-09-16 00:00:00+00:00,event,True,,none,9.0,2026-03-22 03:05:22.902197+00:00,7.0,active,monthly,199.0,0.0,none,2025-08-02 00:00:00+00:00,,Enterprise Custom,enterprise,199.0,20,17,2007.5,10,20.79,9.0,4.0,3.5,2521.9,0
72,Cloud AI,Education,medium,United States,2025-08-30 00:00:00+00:00,organic,True,,none,7.0,2026-03-22 03:05:22.902197+00:00,2.0,active,monthly,12.0,0.0,none,2025-10-30 00:00:00+00:00,,Starter,starter,12.0,27,21,2012.7727272727273,13,25.11,8.0,0.0,4.0,1692.21,0
73,LinkPro,Telecommunications,medium,Singapore,2024-01-15 00:00:00+00:00,organic,True,,none,5.0,2026-03-22 03:05:22.902197+00:00,2.0,active,monthly,9.6,20.0,none,2024-01-15 00:00:00+00:00,,Starter,starter,12.0,24,21,1441.7058823529412,12,21.91,5.0,0.0,4.666666666666667,1877.34,0
74,GridOps,Telecommunications,large,India,2023-08-06 00:00:00+00:00,organic,True,,none,1.0,2026-03-22 03:05:22.902197+00:00,3.0,active,annual,15.83,0.0,none,2023-08-06 00:00:00+00:00,,Starter Plus,starter,19.0,28,18,2193.740740740741,11,25.01,3.0,1.0,0.0,983.71,0
75,NovaTech,Media,small,Brazil,2024-09-02 00:00:00+00:00,referral,False,2025-01-22 09:10:45+00:00,No longer needed,6.0,2026-03-22 03:05:22.902197+00:00,1.0,cancelled,monthly,0.0,0.0,Missing features,2024-09-02 00:00:00+00:00,2025-01-22 00:00:00+00:00,Free,free,0.0,18,16,1490.75,11,18.07,6.0,0.0,4.0,286.04,1
76,Wave Platform,Real Estate,small,United States,2023-03-07 00:00:00+00:00,referral,True,,none,7.0,2026-03-22 03:05:22.902197+00:00,2.0,active,annual,10.0,0.0,none,2023-10-21 00:00:00+00:00,,Starter,starter,12.0,18,15,2098.785714285714,12,19.9,6.0,0.0,5.0,3373.81,0
77,Nexus AI,Legal,enterprise,Singapore,2025-05-17 00:00:00+00:00,referral,True,,none,7.0,2026-03-22 03:05:22.902197+00:00,4.0,active,monthly,39.0,0.0,none,2025-08-02 00:00:00+00:00,,Professional,professional,39.0,27,17,2340.5,10,24.7,2.0,0.0,5.0,458.78999999999996,0
78,Rush Group,Logistics,medium,Japan,2024-09-11 00:00:00+00:00,referral,True,,none,7.0,2026-03-22 03:05:22.902197+00:00,5.0,active,monthly,59.0,0.0,none,2024-09-11 00:00:00+00:00,,Professional Plus,professional,59.0,20,16,2054.266666666667,10,20.65,3.0,0.0,2.0,462.87,0
79,PeakStack,Media,large,United Kingdom,2025-01-17 00:00:00+00:00,organic,False,2025-07-31 17:43:43+00:00,Company closed,7.0,2026-03-22 03:05:22.902197+00:00,4.0,cancelled,annual,32.5,0.0,Company reorganization,2025-01-17 00:00:00+00:00,2025-07-31 00:00:00+00:00,Professional,professional,39.0,27,23,1859.2,14,25.3,9.0,0.0,4.0,730.76,1
80,JetOps,Healthcare,small,United States,2024-08-23 00:00:00+00:00,organic,True,,none,8.0,2026-03-22 03:05:22.902197+00:00,5.0,active,monthly,59.0,0.0,none,2024-08-23 00:00:00+00:00,,Professional Plus,professional,59.0,40,31,2034.78125,13,33.38,7.0,0.0,3.0,321.99,0
81,WaveOps,Manufacturing,enterprise,France,2023-06-08 00:00:00+00:00,organic,True,,none,3.0,2026-03-22 03:05:22.902197+00:00,5.0,active,monthly,47.2,20.0,none,2023-12-15 00:00:00+00:00,,Professional Plus,professional,59.0,31,25,1790.6363636363637,12,27.07,4.0,0.0,0.0,1866.8000000000002,0
82,Orbit Corp,Retail,medium,Brazil,2023-10-07 00:00:00+00:00,organic,True,,none,6.0,2026-03-22 03:05:22.902197+00:00,4.0,active,monthly,39.0,0.0,none,2023-10-07 00:00:00+00:00,,Professional,professional,39.0,30,25,1653.75,12,26.21,3.0,1.0,0.0,1213.56,0
83,LunaDigital,Manufacturing,small,United States,2024-03-05 00:00:00+00:00,organic,True,,none,6.0,2026-03-22 03:05:22.902197+00:00,1.0,active,monthly,0.0,0.0,none,2024-03-05 00:00:00+00:00,,Free,free,0.0,35,24,1953.6666666666667,12,28.91,7.0,1.0,3.6666666666666665,1193.01,0
84,ZealVentures,Telecommunications,small,United States,2024-03-10 00:00:00+00:00,referral,True,,none,6.0,2026-03-22 03:05:22.902197+00:00,1.0,active,monthly,0.0,0.0,none,2024-03-10 00:00:00+00:00,,Free,free,0.0,21,17,1987.75,12,21.33,5.0,0.0,4.0,1034.5,0
85,Rift Ops,Real Estate,medium,Japan,2023-07-29 00:00:00+00:00,event,True,,none,4.0,2026-03-22 03:05:22.902197+00:00,1.0,active,monthly,0.0,0.0,none,2023-07-29 00:00:00+00:00,,Free,free,0.0,24,18,1639.25,14,21.86,4.0,0.0,4.0,191.11,0
86,Flux Pro,Manufacturing,small,United States,2025-06-01 00:00:00+00:00,referral,True,,none,7.0,2026-03-22 03:05:22.902197+00:00,4.0,active,monthly,35.1,10.0,none,2025-06-01 00:00:00+00:00,,Professional,professional,39.0,27,22,1832.611111111111,13,24.81,6.0,1.0,3.75,1691.8100000000002,0
87,UltraVentures,Manufacturing,large,Singapore,2024-09-24 00:00:00+00:00,organic,True,,none,7.0,2026-03-22 03:05:22.902197+00:00,2.0,active,monthly,12.0,0.0,none,2025-08-02 00:00:00+00:00,,Starter,starter,12.0,24,23,1266.9411764705883,12,21.92,3.0,0.0,3.0,1211.07,0
88,FlowCorp,E-commerce,medium,Brazil,2025-03-08 00:00:00+00:00,organic,False,2025-10-22 06:02:56+00:00,none,3.0,2026-03-22 03:05:22.902197+00:00,1.0,cancelled,annual,0.0,0.0,Not using it,2025-03-08 00:00:00+00:00,2025-10-22 00:00:00+00:00,Free,free,0.0,17,14,1883.4615384615386,11,18.38,3.0,0.0,4.0,3969.4300000000003,1
89,WavePro,Logistics,enterprise,United States,2025-02-16 00:00:00+00:00,referral,True,,none,9.0,2026-03-22 03:05:22.902197+00:00,6.0,active,annual,61.88,25.0,none,2025-02-16 00:00:00+00:00,,Enterprise,enterprise,99.0,27,23,1907.96,12,25.26,3.0,0.0,2.0,813.46,0
90,DriftHub,Real Estate,medium,Singapore,2023-03-11 00:00:00+00:00,event,True,,none,7.0,2026-03-22 03:05:22.902197+00:00,3.0,active,monthly,19.0,0.0,none,2023-03-11 00:00:00+00:00,,Starter Plus,starter,19.0,30,25,2248.846153846154,12,28.2,7.0,4.0,3.0,2763.81,0
91,LinkAI,Healthcare,small,Canada,2025-09-27 00:00:00+00:00,organic,True,,none,7.0,2026-03-22 03:05:22.902197+00:00,3.0,active,monthly,19.0,0.0,none,2025-11-27 00:00:00+00:00,,Starter Plus,starter,19.0,23,21,1610.095238095238,12,22.07,1.0,0.0,0.0,312.09,0
92,DriftVentures,Insurance,large,United States,2023-06-04 00:00:00+00:00,organic,True,,none,9.0,2026-03-22 03:05:22.902197+00:00,1.0,active,annual,0.0,0.0,none,2023-09-26 00:00:00+00:00,,Free,free,0.0,22,16,1982.1176470588234,13,21.51,5.0,2.0,4.0,730.1800000000001,0
93,TrekTech,Finance,small,United Kingdom,2024-01-17 00:00:00+00:00,organic,True,,none,9.0,2026-03-22 03:05:22.902197+00:00,4.0,active,monthly,39.0,0.0,none,2024-01-17 00:00:00+00:00,,Professional,professional,39.0,27,25,2221.7619047619046,12,26.91,2.0,0.0,4.0,1074.21,0
94,OnyxStack,Marketing,small,Japan,2023-12-08 00:00:00+00:00,event,False,2025-06-05 10:37:34+00:00,No longer needed,7.0,2026-03-22 03:05:22.902197+00:00,1.0,cancelled,monthly,0.0,0.0,none,2023-12-08 00:00:00+00:00,2025-06-05 00:00:00+00:00,Free,free,0.0,25,19,1762.9545454545455,11,22.68,3.0,0.0,5.0,530.44,1
95,PeakNet,Finance,medium,France,2024-11-17 00:00:00+00:00,referral,True,,none,7.0,2026-03-22 03:05:22.902197+00:00,5.0,active,annual,49.17,0.0,none,2025-10-20 00:00:00+00:00,,Professional Plus,professional,59.0,24,18,1973.4705882352941,11,22.68,4.0,0.0,0.0,505.67,0
96,PeakOps,Marketing,small,India,2023-05-21 00:00:00+00:00,organic,False,2024-09-21 11:55:43+00:00,none,6.0,2026-03-22 03:05:22.902197+00:00,6.0,cancelled,monthly,99.0,0.0,Switched competitor,2024-05-12 00:00:00+00:00,2024-09-21 00:00:00+00:00,Enterprise,enterprise,99.0,26,24,1931.1,13,25.34,6.0,0.0,0.0,1153.98,1
97,QuestWorks,Real Estate,small,Brazil,2023-06-19 00:00:00+00:00,partner,True,,none,7.0,2026-03-22 03:05:22.902197+00:00,2.0,active,monthly,10.8,10.0,none,2023-06-19 00:00:00+00:00,,Starter,starter,12.0,17,13,2114.25,9,18.65,3.0,0.0,0.0,3073.3599999999997,0
98,Vine HQ,E-commerce,medium,United Kingdom,2025-08-27 00:00:00+00:00,organic,True,,none,9.0,2026-03-22 03:05:22.902197+00:00,2.0,expired,annual,10.0,0.0,Company reorganization,2025-08-27 00:00:00+00:00,2025-10-30 00:00:00+00:00,Starter,starter,12.0,20,16,1720.235294117647,10,19.53,6.0,1.0,0.0,651.1,0
99,GlowDev,Finance,enterprise,United Kingdom,2024-07-21 00:00:00+00:00,referral,True,,none,7.0,2026-03-22 03:05:22.902197+00:00,1.0,expired,monthly,0.0,0.0,Budget cuts,2024-07-21 00:00:00+00:00,2025-03-17 00:00:00+00:00,Free,free,0.0,23,18,1642.952380952381,11,21.18,4.0,0.0,0.0,856.75,0
100,SyncTech,Education,medium,Japan,2025-06-24 00:00:00+00:00,organic,True,,none,2.0,2026-03-22 03:05:22.902197+00:00,2.0,active,monthly,12.0,0.0,none,2025-06-24 00:00:00+00:00,,Starter,starter,12.0,25,22,1789.4444444444443,12,23.76,5.0,0.0,4.5,809.1,0
101,PulseLogic,Marketing,small,United States,2023-10-21 00:00:00+00:00,referral,True,,none,9.0,2026-03-22 03:05:22.902197+00:00,1.0,active,annual,0.0,0.0,none,2023-10-21 00:00:00+00:00,,Free,free,0.0,29,20,1485.8,12,23.75,5.0,0.0,4.5,2737.24,0
102,Flow Labs,Education,small,United States,2023-05-05 00:00:00+00:00,referral,False,2025-03-17 04:13:50+00:00,none,7.0,2026-03-22 03:05:22.902197+00:00,2.0,cancelled,annual,10.0,0.0,Too expensive,2023-05-05 00:00:00+00:00,2025-03-17 00:00:00+00:00,Starter,starter,12.0,26,23,1856.5238095238096,11,24.59,3.0,0.0,0.0,1027.95,1
103,EdgeSystems,Consulting,medium,Japan,2023-01-02 00:00:00+00:00,referral,True,,none,7.0,2026-03-22 03:05:22.902197+00:00,2.0,active,monthly,10.8,10.0,none,2023-01-02 00:00:00+00:00,,Starter,starter,12.0,28,17,1782.2,8,23.04,2.0,0.0,5.0,1781.71,0
104,Hive Dynamics,Media,enterprise,Japan,2023-09-17 00:00:00+00:00,partner,True,,none,2.0,2026-03-22 03:05:22.902197+00:00,4.0,active,monthly,39.0,0.0,none,2024-06-28 00:00:00+00:00,,Professional,professional,39.0,21,20,1745.0625,11,21.32,3.0,1.0,0.0,563.0799999999999,0
105,UnitOps,Insurance,medium,France,2023-06-29 00:00:00+00:00,referral,True,,none,7.0,2026-03-22 03:05:22.902197+00:00,3.0,active,monthly,19.0,0.0,none,2025-02-10 00:00:00+00:00,,Starter Plus,starter,19.0,28,23,2036.9166666666667,13,26.19,2.0,0.0,5.0,2544.74,0
106,OnyxSolutions,Healthcare,large,Canada,2023-11-14 00:00:00+00:00,referral,True,,none,7.0,2026-03-22 03:05:22.902197+00:00,1.0,active,annual,0.0,0.0,none,2024-11-30 00:00:00+00:00,,Free,free,0.0,23,16,1955.3684210526317,12,21.72,4.0,0.0,4.5,153.94,0
107,QuarkAI,E-commerce,small,India,2024-01-12 00:00:00+00:00,organic,True,,none,7.0,2026-03-22 03:05:22.902197+00:00,1.0,cancelled,annual,0.0,0.0,Too expensive,2024-01-12 00:00:00+00:00,2024-08-20 00:00:00+00:00,Free,free,0.0,33,27,1678.3333333333333,11,27.99,5.0,0.0,4.0,746.13,0
108,VertexSolutions,Consulting,small,Japan,2025-04-22 00:00:00+00:00,event,False,2025-07-18 01:03:02+00:00,Company closed,2.0,2026-03-22 03:05:22.902197+00:00,2.0,cancelled,monthly,12.0,0.0,Missing features,2025-04-22 00:00:00+00:00,2025-07-18 00:00:00+00:00,Starter,starter,12.0,20,13,1934.375,12,19.55,1.0,0.0,0.0,825.41,1
109,TidalHQ,Manufacturing,small,France,2024-03-21 00:00:00+00:00,organic,True,,none,7.0,2026-03-22 03:05:22.902197+00:00,3.0,active,annual,15.83,0.0,none,2024-03-21 00:00:00+00:00,,Starter Plus,starter,19.0,18,12,1954.2222222222222,12,18.51,3.0,1.0,0.0,2405.2,0
110,EdgeOps,Marketing,medium,France,2024-03-24 00:00:00+00:00,organic,False,2024-06-14 05:19:14+00:00,Missing features,7.0,2026-03-22 03:05:22.902197+00:00,2.0,cancelled,annual,10.0,0.0,Not using it,2024-03-24 00:00:00+00:00,2024-06-14 00:00:00+00:00,Starter,starter,12.0,31,27,1858.0,12,27.89,5.0,0.0,4.333333333333333,1892.08,1
111,XenonLogic,Technology,medium,United States,2024-06-26 00:00:00+00:00,referral,True,,none,6.0,2026-03-22 03:05:22.902197+00:00,5.0,active,annual,49.17,0.0,none,2024-06-26 00:00:00+00:00,,Professional Plus,professional,59.0,26,19,1887.55,9,23.29,2.0,0.0,4.5,1668.84,0
112,Hive Logic,Telecommunications,medium,United States,2025-07-27 00:00:00+00:00,referral,True,,none,4.0,2026-03-22 03:05:22.902197+00:00,6.0,active,monthly,99.0,0.0,none,2025-07-27 00:00:00+00:00,,Enterprise,enterprise,99.0,35,30,2046.375,14,31.22,7.0,1.0,4.0,1887.68,0
113,CoreTech,Retail,small,Singapore,2024-12-29 00:00:00+00:00,paid_ads,True,,none,7.0,2026-03-22 03:05:22.902197+00:00,4.0,active,monthly,39.0,0.0,none,2025-04-09 00:00:00+00:00,,Professional,professional,39.0,26,21,2058.9,10,24.56,5.0,1.0,0.0,601.9000000000001,0
114,Meta Digital,E-commerce,enterprise,Canada,2025-06-24 00:00:00+00:00,referral,False,2025-09-22 01:23:57+00:00,Budget cuts,7.0,2026-03-22 03:05:22.902197+00:00,6.0,cancelled,monthly,99.0,0.0,Not using it,2025-06-24 00:00:00+00:00,2025-09-22 00:00:00+00:00,Enterprise,enterprise,99.0,31,25,1965.0,14,27.85,8.0,0.0,4.5,854.74,1
115,HiveCorp,Retail,medium,United States,2025-06-18 00:00:00+00:00,paid_ads,True,,none,8.0,2026-03-22 03:05:22.902197+00:00,3.0,active,annual,15.83,0.0,none,2025-12-23 00:00:00+00:00,,Starter Plus,starter,19.0,25,20,1451.142857142857,13,22.14,3.0,1.0,0.0,2852.1099999999997,0
116,BeamDev,Technology,enterprise,United States,2025-08-21 00:00:00+00:00,partner,True,,none,2.0,2026-03-22 03:05:22.902197+00:00,3.0,active,annual,15.83,0.0,none,2025-12-21 00:00:00+00:00,,Starter Plus,starter,19.0,32,24,1313.0434782608695,11,25.48,5.0,0.0,2.5,1037.27,0
117,Onyx Cloud,Real Estate,medium,United States,2024-10-01 00:00:00+00:00,organic,True,,none,7.0,2026-03-22 03:05:22.902197+00:00,1.0,active,monthly,0.0,0.0,none,2024-12-17 00:00:00+00:00,,Free,free,0.0,26,20,1803.2608695652175,14,23.81,6.0,3.0,4.666666666666667,468.21000000000004,0
118,Peak Hub,Real Estate,small,Singapore,2024-10-04 00:00:00+00:00,event,True,,none,7.0,2026-03-22 03:05:22.902197+00:00,2.0,active,monthly,12.0,0.0,none,2024-10-04 00:00:00+00:00,,Starter,starter,12.0,28,23,1462.2173913043478,13,24.27,5.0,0.0,5.0,356.66,0
119,EchoPlatform,Logistics,medium,Germany,2023-07-28 00:00:00+00:00,organic,True,,none,9.0,2026-03-22 03:05:22.902197+00:00,4.0,active,monthly,39.0,0.0,none,2024-05-03 00:00:00+00:00,,Professional,professional,39.0,24,19,1905.0,13,22.95,7.0,0.0,4.5,1780.1299999999999,0
120,UnitStudio,Finance,enterprise,India,2023-09-11 00:00:00+00:00,organic,False,2023-11-19 07:21:03+00:00,Poor support experience,7.0,2026-03-22 03:05:22.902197+00:00,1.0,cancelled,monthly,0.0,0.0,Not using it,2023-09-11 00:00:00+00:00,2023-11-19 00:00:00+00:00,Free,free,0.0,18,15,1555.5,11,17.98,8.0,1.0,4.0,1161.17,1
121,KeenPro,Insurance,small,Canada,2024-02-07 00:00:00+00:00,partner,True,,none,7.0,2026-03-22 03:05:22.902197+00:00,5.0,active,annual,49.17,0.0,none,2024-02-07 00:00:00+00:00,,Professional Plus,professional,59.0,25,22,1859.2631578947369,13,24.1,3.0,0.0,5.0,1019.22,0
122,Sync IO,Real Estate,enterprise,Singapore,2023-09-28 00:00:00+00:00,organic,True,,none,7.0,2026-03-22 03:05:22.902197+00:00,2.0,active,annual,10.0,0.0,none,2024-02-20 00:00:00+00:00,,Starter,starter,12.0,22,17,1546.875,11,20.16,4.0,1.0,0.0,1161.88,0
123,Jade Software,Marketing,medium,Germany,2024-09-30 00:00:00+00:00,organic,True,,none,10.0,2026-03-22 03:05:22.902197+00:00,2.0,active,annual,10.0,0.0,none,2024-09-30 00:00:00+00:00,,Starter,starter,12.0,23,16,1744.952380952381,13,21.12,1.0,0.0,0.0,2444.94,0
124,XenonWorks,Marketing,enterprise,United States,2024-12-31 00:00:00+00:00,paid_ads,True,,none,7.0,2026-03-22 03:05:22.902197+00:00,4.0,active,monthly,39.0,0.0,none,2024-12-31 00:00:00+00:00,,Professional,professional,39.0,19,11,1828.5294117647059,11,18.1,7.0,0.0,4.0,713.88,0
125,UltraGroup,Manufacturing,medium,France,2024-12-26 00:00:00+00:00,organic,True,,none,0.0,2026-03-22 03:05:22.902197+00:00,4.0,active,annual,29.25,10.0,none,2025-04-29 00:00:00+00:00,,Professional,professional,39.0,31,27,1564.08,12,26.91,4.0,0.0,5.0,172.93,0
126,RiftSystems,Real Estate,small,France,2025-03-12 00:00:00+00:00,organic,True,,none,5.0,2026-03-22 03:05:22.902197+00:00,6.0,active,monthly,99.0,0.0,none,2025-10-29 00:00:00+00:00,,Enterprise,enterprise,99.0,23,18,1962.0625,11,22.24,9.0,1.0,4.0,1444.9099999999999,0
127,Onyx Pro,Real Estate,enterprise,Australia,2024-03-27 00:00:00+00:00,organic,True,,none,8.0,2026-03-22 03:05:22.902197+00:00,5.0,active,annual,49.17,0.0,none,2024-07-22 00:00:00+00:00,,Professional Plus,professional,59.0,25,22,2073.6666666666665,11,24.61,7.0,1.0,0.0,1047.81,0
128,GlowHub,Consulting,enterprise,France,2024-11-09 00:00:00+00:00,referral,True,,none,10.0,2026-03-22 03:05:22.902197+00:00,2.0,active,annual,8.5,15.0,none,2024-11-09 00:00:00+00:00,,Starter,starter,12.0,29,22,2149.4,12,26.56,4.0,0.0,0.0,1521.07,0
129,IrisWorks,Logistics,enterprise,France,2023-09-10 00:00:00+00:00,event,True,,none,10.0,2026-03-22 03:05:22.902197+00:00,4.0,active,annual,32.5,0.0,none,2023-09-10 00:00:00+00:00,,Professional,professional,39.0,24,19,1597.9,13,21.93,3.0,0.0,0.0,1093.79,0
130,ZealCloud,Legal,large,Canada,2024-08-10 00:00:00+00:00,organic,True,,none,10.0,2026-03-22 03:05:22.902197+00:00,3.0,active,monthly,19.0,0.0,none,2025-02-18 00:00:00+00:00,,Starter Plus,starter,19.0,27,22,1636.608695652174,14,24.26,8.0,0.0,4.0,612.7,0
131,Sync Net,Healthcare,small,Canada,2024-07-29 00:00:00+00:00,partner,True,,none,8.0,2026-03-22 03:05:22.902197+00:00,6.0,active,annual,82.5,0.0,none,2025-07-29 00:00:00+00:00,,Enterprise,enterprise,99.0,22,15,1855.578947368421,11,20.59,4.0,1.0,5.0,900.99,0
132,PulseAI,Media,small,Singapore,2025-02-28 00:00:00+00:00,referral,False,2025-10-29 17:39:27+00:00,No longer needed,9.0,2026-03-22 03:05:22.902197+00:00,2.0,cancelled,monthly,12.0,0.0,Not using it,2025-02-28 00:00:00+00:00,2025-10-29 00:00:00+00:00,Starter,starter,12.0,25,22,1918.9473684210527,12,24.2,6.0,2.0,3.0,3110.42,1
133,Sync Works,Education,large,United States,2023-06-29 00:00:00+00:00,organic,True,,none,7.0,2026-03-22 03:05:22.902197+00:00,2.0,active,monthly,9.6,20.0,none,2023-06-29 00:00:00+00:00,,Starter,starter,12.0,31,25,2203.3703703703704,12,28.44,5.0,0.0,5.0,536.9200000000001,0
134,Vine Cloud,Telecommunications,small,United States,2024-10-18 00:00:00+00:00,referral,True,,none,10.0,2026-03-22 03:05:22.902197+00:00,4.0,active,monthly,39.0,0.0,none,2024-10-18 00:00:00+00:00,,Professional,professional,39.0,29,23,2185.576923076923,12,26.99,6.0,1.0,4.0,581.2,0
135,RushSoftware,Marketing,small,France,2024-08-04 00:00:00+00:00,organic,True,,none,8.0,2026-03-22 03:05:22.902197+00:00,1.0,active,monthly,0.0,25.0,none,2024-08-04 00:00:00+00:00,,Free,free,0.0,23,22,1972.5625,13,23.68,8.0,0.0,0.0,975.71,0
136,Ion IO,Marketing,small,United States,2025-01-10 00:00:00+00:00,partner,True,,none,6.0,2026-03-22 03:05:22.902197+00:00,2.0,active,monthly,12.0,0.0,none,2025-01-10 00:00:00+00:00,,Starter,starter,12.0,28,24,2008.0,12,26.29,7.0,0.0,4.333333333333333,470.28,0
137,Tidal Solutions,Manufacturing,large,Japan,2023-08-15 00:00:00+00:00,organic,True,,none,4.0,2026-03-22 03:05:22.902197+00:00,4.0,active,monthly,39.0,0.0,none,2023-08-15 00:00:00+00:00,,Professional,professional,39.0,21,14,1501.5882352941176,12,18.81,6.0,1.0,0.0,3808.9,0
138,ArcNet,Consulting,enterprise,Japan,2023-03-25 00:00:00+00:00,referral,True,,none,7.0,2026-03-22 03:05:22.902197+00:00,3.0,active,monthly,19.0,0.0,none,2023-06-18 00:00:00+00:00,,Starter Plus,starter,19.0,24,18,1735.357142857143,10,21.78,5.0,1.0,0.0,2967.2299999999996,0
139,DataDynamics,E-commerce,medium,Japan,2025-01-04 00:00:00+00:00,organic,True,,none,7.0,2026-03-22 03:05:22.902197+00:00,5.0,active,annual,44.25,10.0,none,2025-07-22 00:00:00+00:00,,Professional Plus,professional,59.0,29,24,1547.4761904761904,13,25.26,4.0,0.0,3.5,1738.33,0
140,DriftDigital,Consulting,medium,United States,2025-04-16 00:00:00+00:00,referral,False,2025-06-27 07:29:37+00:00,Integration issues,2.0,2026-03-22 03:05:22.902197+00:00,4.0,cancelled,monthly,39.0,0.0,Budget cuts,2025-08-16 00:00:00+00:00,2025-06-27 00:00:00+00:00,Professional,professional,39.0,29,21,1805.3333333333333,12,25.12,5.0,0.0,4.0,825.08,1
141,IrisAI,Healthcare,medium,United States,2025-07-01 00:00:00+00:00,organic,True,,none,7.0,2026-03-22 03:05:22.902197+00:00,5.0,active,monthly,59.0,0.0,none,2025-07-01 00:00:00+00:00,,Professional Plus,professional,59.0,32,23,1806.28,13,27.02,6.0,0.0,0.0,1025.58,0
142,YieldTech,Logistics,enterprise,Japan,2023-05-11 00:00:00+00:00,organic,True,,none,0.0,2026-03-22 03:05:22.902197+00:00,5.0,active,annual,49.17,0.0,none,2024-05-16 00:00:00+00:00,,Professional Plus,professional,59.0,26,18,1907.157894736842,11,23.26,5.0,1.0,4.0,894.89,0
143,IrisCorp,Retail,small,United Kingdom,2024-11-07 00:00:00+00:00,organic,True,,none,7.0,2026-03-22 03:05:22.902197+00:00,2.0,active,monthly,10.8,10.0,none,2025-10-15 00:00:00+00:00,,Starter,starter,12.0,25,18,2199.5454545454545,12,23.93,7.0,0.0,4.0,3058.8300000000004,0
144,Mist AI,Consulting,medium,Singapore,2023-08-11 00:00:00+00:00,paid_ads,True,,none,7.0,2026-03-22 03:05:22.902197+00:00,6.0,active,annual,82.5,0.0,none,2023-08-11 00:00:00+00:00,,Enterprise,enterprise,99.0,30,29,2051.8333333333335,10,28.54,3.0,0.0,4.0,1807.0200000000002,0
145,Unit Ventures,Marketing,medium,Brazil,2024-06-17 00:00:00+00:00,paid_ads,True,,none,2.0,2026-03-22 03:05:22.902197+00:00,4.0,active,monthly,39.0,0.0,none,2024-06-17 00:00:00+00:00,,Professional,professional,39.0,24,18,1807.9130434782608,13,22.33,4.0,1.0,0.0,1912.48,0
146,OnyxOps,Consulting,small,India,2023-11-04 00:00:00+00:00,referral,True,,none,7.0,2026-03-22 03:05:22.902197+00:00,4.0,active,monthly,39.0,0.0,none,2023-11-04 00:00:00+00:00,,Professional,professional,39.0,23,18,2062.0588235294117,11,22.57,6.0,0.0,4.0,1145.66,0
147,PulsePlatform,Legal,small,Canada,2023-09-06 00:00:00+00:00,referral,True,,none,2.0,2026-03-22 03:05:22.902197+00:00,2.0,active,annual,10.0,0.0,none,2024-02-09 00:00:00+00:00,,Starter,starter,12.0,34,25,2004.7241379310344,13,29.08,3.0,1.0,3.0,953.15,0
148,XenonTech,Retail,small,United States,2025-02-18 00:00:00+00:00,partner,True,,none,7.0,2026-03-22 03:05:22.902197+00:00,5.0,active,monthly,53.1,10.0,none,2025-07-14 00:00:00+00:00,,Professional Plus,professional,59.0,24,20,1942.3333333333333,12,23.27,7.0,1.0,3.5,333.90999999999997,0
149,EchoSoftware,Marketing,small,United States,2024-12-13 00:00:00+00:00,organic,True,,none,10.0,2026-03-22 03:05:22.902197+00:00,1.0,active,annual,0.0,0.0,none,2024-12-13 00:00:00+00:00,,Free,free,0.0,24,21,1378.7272727272727,13,21.8,3.0,1.0,0.0,389.78,0
150,IrisStack,Education,small,Japan,2023-11-24 00:00:00+00:00,partner,True,,none,7.0,2026-03-22 03:05:22.902197+00:00,3.0,active,monthly,14.25,25.0,none,2023-11-24 00:00:00+00:00,,Starter Plus,starter,19.0,28,21,1770.7083333333333,13,24.7,6.0,0.0,4.666666666666667,5187.15,0
151,Jade Ventures,Real Estate,large,Australia,2024-05-26 00:00:00+00:00,organic,True,,none,7.0,2026-03-22 03:05:22.902197+00:00,2.0,active,monthly,12.0,0.0,none,2024-12-11 00:00:00+00:00,,Starter,starter,12.0,25,19,1438.888888888889,11,21.6,6.0,2.0,3.0,1219.13,0
152,QuarkHub,Legal,large,France,2024-07-13 00:00:00+00:00,organic,True,,none,7.0,2026-03-22 03:05:22.902197+00:00,2.0,active,monthly,10.8,10.0,none,2024-07-13 00:00:00+00:00,,Starter,starter,12.0,24,22,1486.7222222222222,12,22.36,8.0,0.0,2.5,3219.08,0
153,HiveAI,Healthcare,enterprise,Singapore,2023-06-04 00:00:00+00:00,referral,False,2025-08-27 15:05:23+00:00,Not enough users,4.0,2026-03-22 03:05:22.902197+00:00,2.0,cancelled,annual,9.0,10.0,Company reorganization,2023-06-04 00:00:00+00:00,2025-08-27 00:00:00+00:00,Starter,starter,12.0,30,22,1826.6666666666667,12,25.89,2.0,0.0,0.0,1147.74,1
154,Iris Dynamics,Manufacturing,small,United States,2024-12-15 00:00:00+00:00,paid_ads,True,,none,7.0,2026-03-22 03:05:22.902197+00:00,2.0,active,annual,10.0,0.0,none,2024-12-15 00:00:00+00:00,,Starter,starter,12.0,33,27,1802.896551724138,13,28.61,3.0,0.0,4.0,817.23,0
155,GridSystems,E-commerce,small,Brazil,2025-09-09 00:00:00+00:00,partner,True,,none,10.0,2026-03-22 03:05:22.902197+00:00,1.0,active,annual,0.0,0.0,none,2025-09-09 00:00:00+00:00,,Free,free,0.0,22,15,1881.1666666666667,10,20.57,8.0,1.0,3.5,806.99,0
156,TidalOps,Healthcare,large,Singapore,2024-10-14 00:00:00+00:00,organic,False,2025-01-18 13:24:38+00:00,Switched to competitor,2.0,2026-03-22 03:05:22.902197+00:00,1.0,cancelled,monthly,0.0,0.0,Missing features,2024-10-14 00:00:00+00:00,2025-01-18 00:00:00+00:00,Free,free,0.0,24,17,1598.578947368421,11,21.13,4.0,0.0,3.5,570.6,1
157,KeenSystems,Telecommunications,small,United Kingdom,2024-12-01 00:00:00+00:00,organic,True,,none,7.0,2026-03-22 03:05:22.902197+00:00,1.0,active,annual,0.0,0.0,none,2024-12-01 00:00:00+00:00,,Free,free,0.0,30,23,1611.8181818181818,12,25.47,8.0,0.0,4.5,560.75,0
158,Nova Ventures,Finance,enterprise,France,2025-05-04 00:00:00+00:00,organic,True,,none,7.0,2026-03-22 03:05:22.902197+00:00,3.0,active,annual,12.67,20.0,none,2025-10-27 00:00:00+00:00,,Starter Plus,starter,19.0,20,17,1746.8823529411766,11,20.02,0.0,0.0,0.0,479.66999999999996,0
159,Vine Studio,Technology,small,Australia,2024-02-11 00:00:00+00:00,referral,True,,none,8.0,2026-03-22 03:05:22.902197+00:00,6.0,active,monthly,89.1,10.0,none,2024-08-16 00:00:00+00:00,,Enterprise,enterprise,99.0,37,30,1904.4827586206898,13,31.45,4.0,0.0,4.0,1030.24,0
160,FluxPlatform,Manufacturing,medium,United States,2023-09-10 00:00:00+00:00,paid_ads,True,,none,4.0,2026-03-22 03:05:22.902197+00:00,1.0,paused,monthly,0.0,0.0,none,2023-09-10 00:00:00+00:00,,Free,free,0.0,38,31,1516.0,12,30.75,6.0,0.0,4.0,1253.2199999999998,0
161,VineLogic,Healthcare,small,United States,2024-03-17 00:00:00+00:00,organic,True,,none,7.0,2026-03-22 03:05:22.902197+00:00,2.0,active,annual,7.5,25.0,none,2024-03-17 00:00:00+00:00,,Starter,starter,12.0,19,13,1268.5882352941176,12,16.93,2.0,0.0,0.0,4151.9400000000005,0
162,FlowStudio,Real Estate,medium,India,2024-07-26 00:00:00+00:00,paid_ads,True,,none,7.0,2026-03-22 03:05:22.902197+00:00,2.0,active,annual,10.0,0.0,none,2025-07-08 00:00:00+00:00,,Starter,starter,12.0,26,21,1606.090909090909,12,23.25,7.0,0.0,2.75,852.53,0
163,Rush Cloud,Education,medium,United States,2024-01-05 00:00:00+00:00,partner,True,,none,8.0,2026-03-22 03:05:22.902197+00:00,1.0,active,monthly,0.0,0.0,none,2024-01-05 00:00:00+00:00,,Free,free,0.0,34,29,1905.9354838709678,13,29.95,6.0,0.0,0.0,934.07,0
164,Acme Logic,Marketing,enterprise,Brazil,2025-05-30 00:00:00+00:00,partner,True,,none,6.0,2026-03-22 03:05:22.902197+00:00,5.0,active,annual,36.88,25.0,none,2025-05-30 00:00:00+00:00,,Professional Plus,professional,59.0,25,19,2238.9545454545455,12,24.36,11.0,1.0,4.333333333333333,868.33,0
165,Zen Works,Education,large,France,2025-04-16 00:00:00+00:00,partner,True,,none,10.0,2026-03-22 03:05:22.902197+00:00,1.0,active,monthly,0.0,0.0,none,2025-04-16 00:00:00+00:00,,Free,free,0.0,21,18,1973.9444444444443,11,21.48,7.0,0.0,4.0,1769.83,0
166,Zeal Dynamics,Technology,large,Canada,2025-03-25 00:00:00+00:00,paid_ads,True,,none,7.0,2026-03-22 03:05:22.902197+00:00,1.0,active,monthly,0.0,0.0,none,2025-03-25 00:00:00+00:00,,Free,free,0.0,23,19,1636.1904761904761,13,21.65,3.0,0.0,0.0,622.9,0
167,Quest Digital,Legal,medium,Australia,2025-08-03 00:00:00+00:00,organic,True,,none,7.0,2026-03-22 03:05:22.902197+00:00,1.0,active,monthly,0.0,0.0,none,2025-08-03 00:00:00+00:00,,Free,free,0.0,13,11,1886.3636363636363,9,15.69,4.0,0.0,0.0,2984.6299999999997,0
168,XenonNet,Media,medium,Singapore,2024-09-19 00:00:00+00:00,organic,False,2025-06-26 12:07:35+00:00,none,7.0,2026-03-22 03:05:22.902197+00:00,5.0,cancelled,annual,44.25,10.0,none,2024-09-19 00:00:00+00:00,2025-06-26 00:00:00+00:00,Professional Plus,professional,59.0,25,19,1734.2941176470588,8,22.28,3.0,0.0,4.0,2592.2599999999998,1
169,Quark Platform,Media,large,Japan,2025-03-01 00:00:00+00:00,paid_ads,True,,none,7.0,2026-03-22 03:05:22.902197+00:00,1.0,active,annual,0.0,0.0,none,2025-03-01 00:00:00+00:00,,Free,free,0.0,27,23,1912.35,13,25.37,4.0,1.0,3.0,2102.38,0
170,WaveLabs,Education,medium,United States,2025-03-14 00:00:00+00:00,referral,True,,none,7.0,2026-03-22 03:05:22.902197+00:00,1.0,active,monthly,0.0,0.0,none,2025-03-14 00:00:00+00:00,,Free,free,0.0,22,19,1736.4736842105262,11,21.39,2.0,1.0,3.0,835.6800000000001,0
171,UnitNet,Healthcare,small,United States,2023-06-18 00:00:00+00:00,paid_ads,True,,none,7.0,2026-03-22 03:05:22.902197+00:00,2.0,active,annual,10.0,0.0,none,2023-06-18 00:00:00+00:00,,Starter,starter,12.0,24,18,1818.0,12,22.26,7.0,1.0,3.5,383.13,0
172,JadeSolutions,Manufacturing,medium,United Kingdom,2025-01-25 00:00:00+00:00,organic,True,,none,8.0,2026-03-22 03:05:22.902197+00:00,1.0,active,annual,0.0,0.0,none,2025-01-25 00:00:00+00:00,,Free,free,0.0,26,23,2167.3478260869565,12,25.72,4.0,1.0,5.0,1845.11,0
173,Rush Hub,Legal,enterprise,United States,2024-04-13 00:00:00+00:00,organic,False,2025-10-15 22:46:50+00:00,Not enough users,4.0,2026-03-22 03:05:22.902197+00:00,1.0,cancelled,annual,0.0,0.0,Not using it,2024-04-13 00:00:00+00:00,2025-10-15 00:00:00+00:00,Free,free,0.0,31,24,2221.8571428571427,11,28.11,10.0,1.0,5.0,992.58,1
174,NexusLogic,Marketing,small,Canada,2024-08-27 00:00:00+00:00,paid_ads,False,2025-01-08 00:58:02+00:00,Company closed,1.0,2026-03-22 03:05:22.902197+00:00,5.0,cancelled,monthly,59.0,0.0,none,2024-08-27 00:00:00+00:00,2025-01-08 00:00:00+00:00,Professional Plus,professional,59.0,23,19,2014.6666666666667,11,22.72,3.0,0.0,0.0,1008.8100000000001,1
175,Yield Corp,Real Estate,small,Brazil,2024-05-16 00:00:00+00:00,organic,True,,none,9.0,2026-03-22 03:05:22.902197+00:00,1.0,active,annual,0.0,0.0,none,2024-07-31 00:00:00+00:00,,Free,free,0.0,25,17,2102.4,13,23.41,2.0,0.0,0.0,764.8,0
176,MetaLogic,Media,large,Canada,2023-03-26 00:00:00+00:00,partner,True,,none,7.0,2026-03-22 03:05:22.902197+00:00,6.0,active,monthly,74.25,25.0,none,2023-03-26 00:00:00+00:00,,Enterprise,enterprise,99.0,21,16,1901.8235294117646,12,20.74,4.0,0.0,0.0,4544.09,0
177,Iris Cloud,Finance,enterprise,Canada,2023-04-27 00:00:00+00:00,organic,True,,none,10.0,2026-03-22 03:05:22.902197+00:00,2.0,cancelled,annual,10.0,0.0,Company reorganization,2023-04-27 00:00:00+00:00,2024-02-21 00:00:00+00:00,Starter,starter,12.0,22,14,1515.375,10,19.05,4.0,0.0,0.0,259.45,0
178,WarpPro,E-commerce,medium,United States,2023-12-23 00:00:00+00:00,referral,True,,none,9.0,2026-03-22 03:05:22.902197+00:00,1.0,active,annual,0.0,0.0,none,2023-12-23 00:00:00+00:00,,Free,free,0.0,29,20,1873.6470588235295,11,24.95,4.0,0.0,4.0,1500.9,0
179,Vine Ventures,Legal,small,France,2025-04-04 00:00:00+00:00,organic,False,2025-07-11 02:55:07+00:00,Outgrew the platform,3.0,2026-03-22 03:05:22.902197+00:00,4.0,cancelled,annual,32.5,0.0,none,2025-04-04 00:00:00+00:00,2025-07-11 00:00:00+00:00,Professional,professional,39.0,31,21,1522.84,12,24.98,5.0,0.0,5.0,7021.540000000001,1
180,Rush Dev,Telecommunications,large,United States,2023-05-10 00:00:00+00:00,organic,True,,none,4.0,2026-03-22 03:05:22.902197+00:00,4.0,expired,annual,27.62,15.0,Not using it,2023-05-10 00:00:00+00:00,2023-08-09 00:00:00+00:00,Professional,professional,39.0,25,20,2453.157894736842,11,25.28,5.0,0.0,3.0,976.39,0
181,PulseHub,Manufacturing,medium,United States,2025-03-24 00:00:00+00:00,event,True,,none,7.0,2026-03-22 03:05:22.902197+00:00,5.0,active,monthly,59.0,0.0,none,2025-07-17 00:00:00+00:00,,Professional Plus,professional,59.0,37,30,1882.1785714285713,11,31.17,3.0,1.0,5.0,257.67,0
182,SageStudio,Consulting,small,Brazil,2024-12-15 00:00:00+00:00,partner,True,,none,8.0,2026-03-22 03:05:22.902197+00:00,3.0,active,monthly,19.0,0.0,none,2024-12-15 00:00:00+00:00,,Starter Plus,starter,19.0,20,13,1735.9375,11,18.79,4.0,1.0,2.0,558.83,0
183,BeamSoftware,Marketing,enterprise,Germany,2025-07-04 00:00:00+00:00,referral,True,,none,3.0,2026-03-22 03:05:22.902197+00:00,3.0,active,annual,14.25,10.0,none,2025-07-04 00:00:00+00:00,,Starter Plus,starter,19.0,33,27,1914.2916666666667,12,28.88,2.0,0.0,5.0,522.57,0
184,BoltSystems,Finance,medium,Canada,2023-11-06 00:00:00+00:00,referral,False,2025-10-16 20:54:57+00:00,Poor support experience,2.0,2026-03-22 03:05:22.902197+00:00,5.0,cancelled,annual,49.17,0.0,none,2024-02-24 00:00:00+00:00,2025-10-16 00:00:00+00:00,Professional Plus,professional,59.0,21,16,1785.5882352941176,12,20.35,8.0,2.0,5.0,259.95,1
185,XenonOps,Finance,small,Australia,2024-12-21 00:00:00+00:00,referral,False,2025-04-12 21:13:46+00:00,Not enough users,4.0,2026-03-22 03:05:22.902197+00:00,1.0,cancelled,monthly,0.0,0.0,Not using it,2024-12-21 00:00:00+00:00,2025-04-12 00:00:00+00:00,Free,free,0.0,24,18,1914.125,11,22.48,3.0,2.0,2.0,2902.54,1
186,AcmeLabs,Retail,small,Australia,2023-04-15 00:00:00+00:00,paid_ads,False,2024-12-05 23:41:34+00:00,Poor support experience,6.0,2026-03-22 03:05:22.902197+00:00,2.0,cancelled,monthly,12.0,0.0,Not using it,2023-04-15 00:00:00+00:00,2024-12-05 00:00:00+00:00,Starter,starter,12.0,24,15,1345.55,10,19.59,9.0,1.0,0.0,2339.35,1
187,Hive Ventures,Technology,medium,Singapore,2024-09-22 00:00:00+00:00,referral,True,,none,7.0,2026-03-22 03:05:22.902197+00:00,3.0,active,monthly,19.0,0.0,none,2025-03-08 00:00:00+00:00,,Starter Plus,starter,19.0,20,13,1949.4545454545455,11,19.5,4.0,1.0,3.0,2875.55,0
188,GridDigital,Real Estate,large,Australia,2023-09-12 00:00:00+00:00,event,True,,none,7.0,2026-03-22 03:05:22.902197+00:00,2.0,active,monthly,12.0,0.0,none,2023-09-12 00:00:00+00:00,,Starter,starter,12.0,22,17,1860.875,13,21.4,5.0,0.0,4.333333333333333,933.35,0
189,Quest Cloud,E-commerce,medium,Brazil,2025-03-23 00:00:00+00:00,referral,True,,none,3.0,2026-03-22 03:05:22.902197+00:00,2.0,active,annual,10.0,0.0,none,2025-03-23 00:00:00+00:00,,Starter,starter,12.0,25,20,1949.5454545454545,11,23.6,4.0,1.0,2.0,539.0600000000001,0
190,Acme Studio,Telecommunications,small,United States,2025-09-04 00:00:00+00:00,organic,True,,none,8.0,2026-03-22 03:05:22.902197+00:00,2.0,active,annual,10.0,0.0,none,2025-09-04 00:00:00+00:00,,Starter,starter,12.0,31,24,1884.8461538461538,14,27.28,4.0,0.0,5.0,1255.4599999999998,0
191,Data Logic,Media,small,Singapore,2024-07-03 00:00:00+00:00,referral,True,,none,3.0,2026-03-22 03:05:22.902197+00:00,2.0,active,monthly,10.2,15.0,none,2025-07-01 00:00:00+00:00,,Starter,starter,12.0,25,20,1874.2173913043478,11,23.35,9.0,0.0,0.0,575.5899999999999,0
192,GlowSoftware,Finance,medium,India,2024-03-23 00:00:00+00:00,organic,True,,none,7.0,2026-03-22 03:05:22.902197+00:00,2.0,active,monthly,12.0,0.0,none,2024-03-23 00:00:00+00:00,,Starter,starter,12.0,22,19,1673.2631578947369,11,21.18,5.0,0.0,2.6666666666666665,2011.71,0
193,PulseTech,Healthcare,medium,Brazil,2024-12-25 00:00:00+00:00,event,False,2025-01-28 09:47:43+00:00,No longer needed,2.0,2026-03-22 03:05:22.902197+00:00,1.0,cancelled,monthly,0.0,0.0,none,2024-12-25 00:00:00+00:00,2025-01-28 00:00:00+00:00,Free,free,0.0,24,21,1915.8636363636363,13,23.59,2.0,0.0,2.5,537.34,1
194,Zeal Analytics,Legal,small,United States,2024-08-13 00:00:00+00:00,organic,True,,none,7.0,2026-03-22 03:05:22.902197+00:00,2.0,active,monthly,12.0,0.0,none,2024-08-13 00:00:00+00:00,,Starter,starter,12.0,23,18,1934.8095238095239,12,22.25,5.0,1.0,4.0,1221.76,0
195,Kite Analytics,Insurance,small,Brazil,2025-06-02 00:00:00+00:00,paid_ads,False,2025-07-10 22:17:22+00:00,Not enough users,8.0,2026-03-22 03:05:22.902197+00:00,6.0,cancelled,monthly,99.0,0.0,Missing features,2025-11-09 00:00:00+00:00,2025-07-10 00:00:00+00:00,Enterprise,enterprise,99.0,27,24,1916.1739130434783,12,25.59,7.0,1.0,0.0,4825.58,1
196,CloudDynamics,Legal,large,Singapore,2023-03-21 00:00:00+00:00,organic,True,,none,8.0,2026-03-22 03:05:22.902197+00:00,4.0,active,monthly,39.0,0.0,none,2024-03-07 00:00:00+00:00,,Professional,professional,39.0,18,11,1088.357142857143,9,15.03,9.0,0.0,3.3333333333333335,1636.01,0
197,LunaPlatform,Technology,medium,United States,2023-01-09 00:00:00+00:00,partner,True,,none,9.0,2026-03-22 03:05:22.902197+00:00,5.0,active,annual,49.17,0.0,none,2023-01-09 00:00:00+00:00,,Professional Plus,professional,59.0,21,16,1846.6153846153845,10,20.36,2.0,0.0,0.0,1001.57,0
198,DriftStudio,Consulting,enterprise,United Kingdom,2023-01-25 00:00:00+00:00,organic,True,,none,9.0,2026-03-22 03:05:22.902197+00:00,3.0,active,annual,15.83,0.0,none,2024-01-07 00:00:00+00:00,,Starter Plus,starter,19.0,22,16,1822.8333333333333,12,20.88,3.0,0.0,0.0,1801.83,0
199,VertexLabs,Manufacturing,enterprise,France,2025-09-11 00:00:00+00:00,partner,False,2025-10-14 10:56:18+00:00,none,0.0,2026-03-22 03:05:22.902197+00:00,1.0,cancelled,monthly,0.0,0.0,none,2025-09-11 00:00:00+00:00,2025-10-14 00:00:00+00:00,Free,free,0.0,17,14,2027.2857142857142,9,18.66,3.0,0.0,4.0,4128.18,1
200,XenonHQ,Healthcare,medium,United States,2024-03-21 00:00:00+00:00,organic,True,,none,6.0,2026-03-22 03:05:22.902197+00:00,5.0,active,annual,49.17,0.0,none,2024-03-21 00:00:00+00:00,,Professional Plus,professional,59.0,32,24,1946.6,14,27.89,5.0,1.0,4.5,599.51,0
201,ZenNet,Marketing,small,Canada,2023-04-19 00:00:00+00:00,partner,False,2025-05-11 23:47:38+00:00,Company closed,3.0,2026-03-22 03:05:22.902197+00:00,5.0,cancelled,annual,41.79,15.0,Switched competitor,2024-01-26 00:00:00+00:00,2025-05-11 00:00:00+00:00,Professional Plus,professional,59.0,25,19,1779.25,12,22.83,5.0,0.0,4.0,3275.77,1
202,CoreCloud,Retail,small,United States,2025-05-05 00:00:00+00:00,organic,True,,none,8.0,2026-03-22 03:05:22.902197+00:00,6.0,active,monthly,99.0,0.0,none,2025-10-31 00:00:00+00:00,,Enterprise,enterprise,99.0,29,20,1961.5454545454545,13,25.44,1.0,0.0,0.0,3569.45,0
203,Tidal Analytics,Retail,small,United States,2025-04-03 00:00:00+00:00,partner,True,,none,2.0,2026-03-22 03:05:22.902197+00:00,2.0,active,annual,10.0,0.0,none,2025-04-03 00:00:00+00:00,,Starter,starter,12.0,28,23,1972.409090909091,10,25.67,5.0,0.0,2.5,3590.8500000000004,0
204,IonSoftware,Marketing,large,Singapore,2023-03-08 00:00:00+00:00,organic,False,2025-02-23 20:19:04+00:00,none,8.0,2026-03-22 03:05:22.902197+00:00,1.0,cancelled,annual,0.0,0.0,Company reorganization,2024-01-17 00:00:00+00:00,2025-02-23 00:00:00+00:00,Free,free,0.0,20,15,1943.9444444444443,10,19.98,3.0,0.0,2.0,867.9399999999999,1
205,HubAI,Technology,small,Brazil,2023-06-26 00:00:00+00:00,event,True,,none,7.0,2026-03-22 03:05:22.902197+00:00,5.0,active,annual,49.17,0.0,none,2023-06-26 00:00:00+00:00,,Professional Plus,professional,59.0,30,25,1774.8636363636363,12,26.62,6.0,1.0,3.0,1021.91,0
206,RushHQ,Technology,medium,Brazil,2023-03-31 00:00:00+00:00,partner,True,,none,5.0,2026-03-22 03:05:22.902197+00:00,6.0,active,monthly,74.25,25.0,none,2023-07-26 00:00:00+00:00,,Enterprise,enterprise,99.0,42,30,1829.9473684210527,14,33.3,4.0,0.0,5.0,356.16999999999996,0
207,OnyxDynamics,Manufacturing,enterprise,France,2024-02-02 00:00:00+00:00,organic,True,,none,8.0,2026-03-22 03:05:22.902197+00:00,1.0,active,monthly,0.0,0.0,none,2024-02-02 00:00:00+00:00,,Free,free,0.0,19,15,1608.2666666666667,10,18.46,5.0,0.0,2.0,1510.58,0
208,Echo Dev,Marketing,enterprise,Brazil,2025-03-21 00:00:00+00:00,partner,True,,none,10.0,2026-03-22 03:05:22.902197+00:00,2.0,active,annual,10.0,0.0,none,2025-03-21 00:00:00+00:00,,Starter,starter,12.0,22,18,1720.85,11,21.04,6.0,0.0,3.0,2394.6,0
209,KeenLogic,Retail,enterprise,United States,2023-01-29 00:00:00+00:00,paid_ads,True,,none,8.0,2026-03-22 03:05:22.902197+00:00,6.0,active,annual,82.5,0.0,none,2023-11-30 00:00:00+00:00,,Enterprise,enterprise,99.0,26,21,1739.0454545454545,12,23.7,7.0,0.0,3.0,2249.0,0
210,FluxDynamics,Consulting,small,United States,2024-09-20 00:00:00+00:00,organic,True,,none,8.0,2026-03-22 03:05:22.902197+00:00,5.0,active,monthly,59.0,0.0,none,2025-01-13 00:00:00+00:00,,Professional Plus,professional,59.0,16,15,1917.3076923076924,10,18.29,3.0,2.0,0.0,849.7,0
211,Trek Digital,Insurance,small,Japan,2023-12-11 00:00:00+00:00,organic,True,,none,4.0,2026-03-22 03:05:22.902197+00:00,2.0,active,monthly,12.0,0.0,none,2023-12-11 00:00:00+00:00,,Starter,starter,12.0,25,19,2325.6,10,24.45,8.0,0.0,3.3333333333333335,4475.89,0
212,OnyxIO,Finance,large,Japan,2024-01-23 00:00:00+00:00,paid_ads,True,,none,7.0,2026-03-22 03:05:22.902197+00:00,1.0,active,annual,0.0,0.0,none,2024-01-23 00:00:00+00:00,,Free,free,0.0,34,25,2362.346153846154,13,30.27,8.0,0.0,3.3333333333333335,2430.3900000000003,0
213,Sage Ventures,Manufacturing,enterprise,Brazil,2024-08-02 00:00:00+00:00,organic,False,2025-09-21 09:33:35+00:00,No longer needed,0.0,2026-03-22 03:05:22.902197+00:00,2.0,cancelled,monthly,9.0,25.0,Switched competitor,2024-08-02 00:00:00+00:00,2025-09-21 00:00:00+00:00,Starter,starter,12.0,35,27,1691.6296296296296,13,29.04,3.0,0.0,0.0,3885.03,1
214,UltraSolutions,Healthcare,enterprise,France,2023-09-13 00:00:00+00:00,organic,True,,none,9.0,2026-03-22 03:05:22.902197+00:00,6.0,active,monthly,99.0,0.0,none,2024-01-27 00:00:00+00:00,,Enterprise,enterprise,99.0,17,14,1423.7857142857142,10,16.75,8.0,1.0,3.0,4151.679999999999,0
215,ArcSolutions,Consulting,medium,India,2024-12-04 00:00:00+00:00,organic,True,,none,9.0,2026-03-22 03:05:22.902197+00:00,3.0,active,annual,15.83,0.0,none,2024-12-04 00:00:00+00:00,,Starter Plus,starter,19.0,21,17,1873.3333333333333,9,20.64,6.0,0.0,0.0,3542.6299999999997,0
216,SyncLabs,Healthcare,small,India,2024-09-20 00:00:00+00:00,organic,True,,none,7.0,2026-03-22 03:05:22.902197+00:00,5.0,cancelled,monthly,59.0,0.0,Not using it,2025-09-10 00:00:00+00:00,2025-11-10 00:00:00+00:00,Professional Plus,professional,59.0,26,20,1714.5263157894738,13,23.42,6.0,0.0,5.0,869.16,0
217,PeakSolutions,Manufacturing,small,United States,2025-01-17 00:00:00+00:00,event,True,,none,7.0,2026-03-22 03:05:22.902197+00:00,1.0,expired,monthly,0.0,0.0,Not using it,2025-01-17 00:00:00+00:00,2025-08-23 00:00:00+00:00,Free,free,0.0,20,16,1779.2666666666667,12,19.93,8.0,0.0,5.0,352.85,0
218,Keen Dynamics,Retail,medium,United States,2023-04-10 00:00:00+00:00,referral,False,2024-01-30 09:05:08+00:00,none,0.0,2026-03-22 03:05:22.902197+00:00,2.0,cancelled,monthly,10.8,10.0,Budget cuts,2023-04-10 00:00:00+00:00,2024-01-30 00:00:00+00:00,Starter,starter,12.0,16,13,1741.2,10,17.1,7.0,1.0,3.0,1916.15,1
219,TidalLogic,Telecommunications,large,Germany,2024-04-01 00:00:00+00:00,organic,False,2025-04-07 13:21:20+00:00,Not enough users,7.0,2026-03-22 03:05:22.902197+00:00,5.0,cancelled,monthly,59.0,0.0,Switched competitor,2024-04-01 00:00:00+00:00,2025-04-07 00:00:00+00:00,Professional Plus,professional,59.0,28,23,1905.32,11,25.55,4.0,1.0,3.3333333333333335,1325.69,1
220,GridTech,Insurance,medium,Australia,2024-03-04 00:00:00+00:00,referral,True,,none,7.0,2026-03-22 03:05:22.902197+00:00,6.0,active,annual,82.5,0.0,none,2024-12-09 00:00:00+00:00,,Enterprise,enterprise,99.0,20,16,2060.3846153846152,9,20.57,7.0,1.0,3.0,582.99,0
221,KeenPlatform,Healthcare,medium,France,2024-09-27 00:00:00+00:00,paid_ads,False,2025-10-30 15:41:46+00:00,none,9.0,2026-03-22 03:05:22.902197+00:00,5.0,cancelled,monthly,59.0,0.0,none,2024-09-27 00:00:00+00:00,2025-10-30 00:00:00+00:00,Professional Plus,professional,59.0,23,19,2124.8,11,23.08,5.0,0.0,5.0,481.68,1
222,Beam Tech,Logistics,medium,United Kingdom,2025-07-25 00:00:00+00:00,organic,True,,none,8.0,2026-03-22 03:05:22.902197+00:00,7.0,active,monthly,179.1,10.0,none,2025-10-16 00:00:00+00:00,,Enterprise Custom,enterprise,199.0,26,15,1566.25,11,21.22,3.0,0.0,0.0,457.90999999999997,0
223,RushDev,Retail,small,France,2024-08-03 00:00:00+00:00,referral,True,,none,7.0,2026-03-22 03:05:22.902197+00:00,3.0,active,annual,15.83,0.0,none,2024-08-03 00:00:00+00:00,,Starter Plus,starter,19.0,26,23,1527.1764705882354,13,23.69,6.0,0.0,3.0,2587.4599999999996,0
224,GridVentures,Insurance,small,Japan,2023-02-08 00:00:00+00:00,organic,False,2024-11-24 23:57:29+00:00,No longer needed,7.0,2026-03-22 03:05:22.902197+00:00,1.0,cancelled,annual,0.0,15.0,Budget cuts,2023-02-08 00:00:00+00:00,2024-11-24 00:00:00+00:00,Free,free,0.0,25,16,1845.7,11,22.05,6.0,0.0,0.0,1201.44,1
225,CloudLogic,Marketing,large,United Kingdom,2025-04-17 00:00:00+00:00,referral,True,,none,9.0,2026-03-22 03:05:22.902197+00:00,3.0,active,monthly,19.0,0.0,none,2025-04-17 00:00:00+00:00,,Starter Plus,starter,19.0,21,15,2018.0,10,20.63,3.0,0.0,3.0,2641.0099999999998,0
226,OrbitDigital,Legal,medium,India,2025-07-24 00:00:00+00:00,organic,True,,none,7.0,2026-03-22 03:05:22.902197+00:00,1.0,active,annual,0.0,0.0,none,2025-07-24 00:00:00+00:00,,Free,free,0.0,31,30,1505.3636363636363,12,27.62,4.0,0.0,0.0,3795.88,0
227,DataDev,Healthcare,small,France,2023-07-17 00:00:00+00:00,organic,True,,none,2.0,2026-03-22 03:05:22.902197+00:00,2.0,active,monthly,10.8,10.0,none,2023-11-22 00:00:00+00:00,,Starter,starter,12.0,15,13,1975.1666666666667,7,17.18,5.0,0.0,4.0,1075.68,0
228,DriftAI,Legal,small,Germany,2023-09-05 00:00:00+00:00,referral,True,,none,4.0,2026-03-22 03:05:22.902197+00:00,5.0,active,monthly,59.0,0.0,none,2023-09-05 00:00:00+00:00,,Professional Plus,professional,59.0,29,22,1471.08,13,24.4,2.0,1.0,3.0,2028.4,0
229,LinkDynamics,Finance,enterprise,Germany,2025-05-24 00:00:00+00:00,partner,True,,none,7.0,2026-03-22 03:05:22.902197+00:00,5.0,active,annual,49.17,0.0,none,2025-10-10 00:00:00+00:00,,Professional Plus,professional,59.0,16,11,2169.8333333333335,10,17.93,5.0,0.0,5.0,2338.6800000000003,0
230,PeakPlatform,Education,large,Australia,2023-05-16 00:00:00+00:00,organic,True,,none,7.0,2026-03-22 03:05:22.902197+00:00,3.0,active,monthly,19.0,0.0,none,2023-05-16 00:00:00+00:00,,Starter Plus,starter,19.0,30,24,2015.1363636363637,12,27.12,5.0,1.0,5.0,969.42,0
231,OrbitAnalytics,Education,large,France,2023-08-12 00:00:00+00:00,organic,True,,none,7.0,2026-03-22 03:05:22.902197+00:00,3.0,active,monthly,19.0,0.0,none,2023-08-12 00:00:00+00:00,,Starter Plus,starter,19.0,19,16,1748.5,10,19.23,2.0,1.0,3.0,1785.1299999999999,0
232,Quest Studio,Media,large,Brazil,2023-10-11 00:00:00+00:00,event,True,,none,7.0,2026-03-22 03:05:22.902197+00:00,4.0,active,annual,32.5,0.0,none,2023-10-11 00:00:00+00:00,,Professional,professional,39.0,21,16,1864.8461538461538,10,20.42,7.0,0.0,5.0,626.8,0
233,Hive Hub,E-commerce,small,Brazil,2023-10-30 00:00:00+00:00,organic,True,,none,7.0,2026-03-22 03:05:22.902197+00:00,2.0,active,monthly,12.0,0.0,none,2023-10-30 00:00:00+00:00,,Starter,starter,12.0,21,15,1915.0,10,20.28,6.0,0.0,2.0,1929.74,0
234,LinkNet,Retail,small,India,2024-11-18 00:00:00+00:00,paid_ads,True,,none,4.0,2026-03-22 03:05:22.902197+00:00,4.0,active,monthly,39.0,0.0,none,2025-06-15 00:00:00+00:00,,Professional,professional,39.0,27,20,2152.842105263158,13,25.28,7.0,0.0,1.0,1318.08,0
235,SyncSystems,Legal,small,France,2023-08-16 00:00:00+00:00,event,True,,none,7.0,2026-03-22 03:05:22.902197+00:00,1.0,active,annual,0.0,0.0,none,2023-08-16 00:00:00+00:00,,Free,free,0.0,21,13,1772.0,13,19.51,1.0,0.0,0.0,3212.7,0
236,ArcWorks,Real Estate,small,Canada,2024-09-27 00:00:00+00:00,organic,False,2025-10-07 10:03:06+00:00,Missing features,7.0,2026-03-22 03:05:22.902197+00:00,3.0,expired,annual,15.83,0.0,Missing features,2024-09-27 00:00:00+00:00,2025-02-04 00:00:00+00:00,Starter Plus,starter,19.0,16,9,1385.0,11,14.82,7.0,0.0,0.0,681.01,1
237,HiveCloud,Retail,enterprise,United States,2025-06-02 00:00:00+00:00,referral,True,,none,7.0,2026-03-22 03:05:22.902197+00:00,1.0,expired,monthly,0.0,0.0,Company reorganization,2025-06-02 00:00:00+00:00,2025-10-16 00:00:00+00:00,Free,free,0.0,23,19,1590.2631578947369,9,21.1,5.0,1.0,0.0,1476.26,0
238,VertexStack,Marketing,large,United States,2023-06-12 00:00:00+00:00,referral,True,,none,7.0,2026-03-22 03:05:22.902197+00:00,4.0,active,monthly,35.1,10.0,none,2023-12-25 00:00:00+00:00,,Professional,professional,39.0,25,20,1837.8333333333333,11,23.23,8.0,2.0,0.0,664.9300000000001,0
239,IonGroup,Manufacturing,medium,Australia,2025-07-02 00:00:00+00:00,partner,True,,none,7.0,2026-03-22 03:05:22.902197+00:00,5.0,active,monthly,59.0,0.0,none,2025-11-20 00:00:00+00:00,,Professional Plus,professional,59.0,21,18,1543.157894736842,12,20.14,6.0,1.0,2.5,395.21000000000004,0
240,Unit Platform,E-commerce,large,India,2025-04-23 00:00:00+00:00,organic,False,2025-07-18 11:21:20+00:00,Not enough users,7.0,2026-03-22 03:05:22.902197+00:00,4.0,cancelled,monthly,39.0,0.0,Budget cuts,2025-10-18 00:00:00+00:00,2025-07-18 00:00:00+00:00,Professional,professional,39.0,33,24,1538.6,12,26.73,4.0,1.0,2.0,1871.38,1
241,BeamOps,Marketing,medium,India,2023-08-18 00:00:00+00:00,paid_ads,True,,none,9.0,2026-03-22 03:05:22.902197+00:00,3.0,active,annual,15.83,0.0,none,2024-08-15 00:00:00+00:00,,Starter Plus,starter,19.0,21,17,1904.611111111111,10,20.85,5.0,3.0,4.5,323.42,0
242,HubStudio,Insurance,small,Australia,2024-11-08 00:00:00+00:00,referral,False,2025-10-28 17:12:12+00:00,Too expensive,0.0,2026-03-22 03:05:22.902197+00:00,4.0,cancelled,monthly,39.0,0.0,Not using it,2025-10-05 00:00:00+00:00,2025-10-28 00:00:00+00:00,Professional,professional,39.0,35,26,1480.1153846153845,13,28.03,3.0,1.0,0.0,829.5,1
243,YieldSystems,Consulting,large,United States,2023-10-04 00:00:00+00:00,organic,True,,none,7.0,2026-03-22 03:05:22.902197+00:00,1.0,active,monthly,0.0,0.0,none,2023-10-04 00:00:00+00:00,,Free,free,0.0,15,9,2275.5,9,17.18,4.0,0.0,0.0,6003.4,0
244,Grid IO,E-commerce,medium,United Kingdom,2023-10-30 00:00:00+00:00,referral,False,2025-01-27 18:02:49+00:00,Not enough users,7.0,2026-03-22 03:05:22.902197+00:00,3.0,cancelled,monthly,19.0,0.0,none,2024-09-07 00:00:00+00:00,2025-01-27 00:00:00+00:00,Starter Plus,starter,19.0,22,16,2240.7894736842104,10,22.07,2.0,0.0,2.0,820.08,1
245,Quest Tech,Telecommunications,small,Brazil,2025-01-10 00:00:00+00:00,event,False,2025-05-19 09:05:14+00:00,none,10.0,2026-03-22 03:05:22.902197+00:00,2.0,cancelled,monthly,12.0,0.0,Switched competitor,2025-01-10 00:00:00+00:00,2025-05-19 00:00:00+00:00,Starter,starter,12.0,31,23,1584.84,12,25.78,4.0,1.0,3.0,2793.5499999999997,1
246,Luna AI,Retail,small,India,2025-06-30 00:00:00+00:00,paid_ads,False,2025-10-20 17:18:03+00:00,No longer needed,7.0,2026-03-22 03:05:22.902197+00:00,2.0,cancelled,monthly,12.0,0.0,Too expensive,2025-06-30 00:00:00+00:00,2025-10-20 00:00:00+00:00,Starter,starter,12.0,25,20,1667.05,12,22.76,4.0,1.0,4.0,1462.08,1
247,VertexStudio,Real Estate,small,France,2024-04-12 00:00:00+00:00,organic,True,,none,9.0,2026-03-22 03:05:22.902197+00:00,3.0,active,annual,15.83,0.0,none,2025-06-08 00:00:00+00:00,,Starter Plus,starter,19.0,33,30,1662.24,13,29.04,8.0,1.0,4.0,2370.7799999999997,0
248,Sage Pro,Technology,enterprise,United States,2023-07-05 00:00:00+00:00,organic,True,,none,7.0,2026-03-22 03:05:22.902197+00:00,5.0,active,annual,49.17,0.0,none,2024-05-26 00:00:00+00:00,,Professional Plus,professional,59.0,22,17,2146.1666666666665,11,22.15,3.0,2.0,5.0,1975.73,0
249,RiftPro,Finance,medium,Canada,2025-06-08 00:00:00+00:00,partner,True,,none,7.0,2026-03-22 03:05:22.902197+00:00,4.0,active,monthly,39.0,0.0,none,2025-06-08 00:00:00+00:00,,Professional,professional,39.0,20,17,1826.0,11,20.29,3.0,1.0,0.0,2911.35,0
250,SageNet,Manufacturing,large,France,2025-04-26 00:00:00+00:00,organic,True,,none,7.0,2026-03-22 03:05:22.902197+00:00,4.0,active,monthly,39.0,0.0,none,2025-09-07 00:00:00+00:00,,Professional,professional,39.0,17,16,1696.8666666666666,9,18.16,7.0,0.0,3.0,1481.06,0
251,AcmeStack,Media,enterprise,Canada,2023-12-05 00:00:00+00:00,organic,True,,none,5.0,2026-03-22 03:05:22.902197+00:00,1.0,active,monthly,0.0,0.0,none,2023-12-05 00:00:00+00:00,,Free,free,0.0,18,14,1869.235294117647,9,18.53,6.0,0.0,4.25,2730.42,0
252,Core Ventures,Consulting,small,Canada,2024-02-27 00:00:00+00:00,event,False,2025-05-28 11:56:36+00:00,Too expensive,7.0,2026-03-22 03:05:22.902197+00:00,1.0,cancelled,monthly,0.0,0.0,Not using it,2024-02-27 00:00:00+00:00,2025-05-28 00:00:00+00:00,Free,free,0.0,20,14,1619.6666666666667,11,18.7,5.0,1.0,5.0,2546.0299999999997,1
253,Quest HQ,Marketing,small,United States,2025-01-03 00:00:00+00:00,referral,True,,none,7.0,2026-03-22 03:05:22.902197+00:00,6.0,active,annual,82.5,0.0,none,2025-01-03 00:00:00+00:00,,Enterprise,enterprise,99.0,19,15,1727.9375,13,19.16,3.0,0.0,0.0,1047.28,0
254,GridHub,Technology,small,India,2023-04-19 00:00:00+00:00,organic,False,2024-01-29 00:09:20+00:00,Not enough users,5.0,2026-03-22 03:05:22.902197+00:00,2.0,cancelled,annual,10.0,0.0,none,2023-04-19 00:00:00+00:00,2024-01-29 00:00:00+00:00,Starter,starter,12.0,30,23,1723.909090909091,12,25.85,2.0,0.0,5.0,2540.07,1
255,GridAnalytics,E-commerce,small,Australia,2024-02-29 00:00:00+00:00,referral,False,2025-08-03 20:27:28+00:00,none,6.0,2026-03-22 03:05:22.902197+00:00,2.0,cancelled,monthly,12.0,0.0,Switched competitor,2024-02-29 00:00:00+00:00,2024-08-02 00:00:00+00:00,Starter,starter,12.0,21,18,1785.25,10,20.75,2.0,0.0,0.0,927.8000000000001,1
256,DriftOps,Media,small,Canada,2024-05-09 00:00:00+00:00,paid_ads,True,,none,7.0,2026-03-22 03:05:22.902197+00:00,5.0,active,monthly,59.0,0.0,none,2025-05-03 00:00:00+00:00,,Professional Plus,professional,59.0,22,15,1530.9285714285713,12,19.6,6.0,2.0,0.0,2617.51,0
257,Ion Systems,Manufacturing,large,Brazil,2025-02-19 00:00:00+00:00,event,True,,none,6.0,2026-03-22 03:05:22.902197+00:00,3.0,active,annual,15.83,0.0,none,2025-02-19 00:00:00+00:00,,Starter Plus,starter,19.0,30,27,1824.1,12,27.38,5.0,0.0,0.0,638.26,0
258,Mist Net,Telecommunications,large,Japan,2023-07-25 00:00:00+00:00,organic,True,,none,7.0,2026-03-22 03:05:22.902197+00:00,4.0,active,monthly,31.2,20.0,none,2023-07-25 00:00:00+00:00,,Professional,professional,39.0,24,19,1639.578947368421,13,22.07,5.0,1.0,5.0,1065.94,0
259,RiftDigital,Logistics,small,Japan,2024-08-19 00:00:00+00:00,organic,True,,none,7.0,2026-03-22 03:05:22.902197+00:00,5.0,active,monthly,50.15,15.0,none,2024-12-27 00:00:00+00:00,,Professional Plus,professional,59.0,27,23,1400.3,11,23.47,5.0,0.0,4.0,2581.45,0
260,IrisCloud,Manufacturing,enterprise,United States,2025-02-07 00:00:00+00:00,event,True,,none,7.0,2026-03-22 03:05:22.902197+00:00,1.0,active,monthly,0.0,0.0,none,2025-02-07 00:00:00+00:00,,Free,free,0.0,33,26,1904.08,14,28.75,2.0,0.0,0.0,700.56,0
261,JetAI,Education,small,Japan,2025-01-30 00:00:00+00:00,event,True,,none,7.0,2026-03-22 03:05:22.902197+00:00,1.0,active,monthly,0.0,0.0,none,2025-01-30 00:00:00+00:00,,Free,free,0.0,20,16,1724.1176470588234,10,19.55,10.0,1.0,5.0,1858.6,0
262,Yield Logic,Manufacturing,enterprise,Singapore,2025-03-10 00:00:00+00:00,organic,True,,none,5.0,2026-03-22 03:05:22.902197+00:00,4.0,active,monthly,39.0,0.0,none,2025-07-18 00:00:00+00:00,,Professional,professional,39.0,21,14,1404.235294117647,10,18.28,5.0,1.0,4.0,681.1,0
263,WarpVentures,Real Estate,small,France,2023-06-27 00:00:00+00:00,event,True,,none,2.0,2026-03-22 03:05:22.902197+00:00,5.0,active,monthly,59.0,0.0,none,2023-09-14 00:00:00+00:00,,Professional Plus,professional,59.0,25,19,1811.388888888889,12,22.94,5.0,0.0,5.0,4377.6900000000005,0
264,Link Analytics,Technology,small,Canada,2025-08-12 00:00:00+00:00,event,True,,none,7.0,2026-03-22 03:05:22.902197+00:00,1.0,active,monthly,0.0,0.0,none,2025-08-12 00:00:00+00:00,,Free,free,0.0,17,11,2055.9166666666665,11,18.05,3.0,0.0,4.0,1269.09,0
265,FluxVentures,Healthcare,enterprise,France,2023-06-13 00:00:00+00:00,partner,True,,none,3.0,2026-03-22 03:05:22.902197+00:00,5.0,active,annual,49.17,0.0,none,2024-04-25 00:00:00+00:00,,Professional Plus,professional,59.0,23,19,1477.8125,11,20.93,5.0,0.0,2.0,1133.1799999999998,0
266,NovaOps,Marketing,small,United Kingdom,2023-12-21 00:00:00+00:00,partner,True,,none,7.0,2026-03-22 03:05:22.902197+00:00,1.0,active,monthly,0.0,0.0,none,2023-12-21 00:00:00+00:00,,Free,free,0.0,23,19,2043.1,10,22.71,7.0,1.0,4.0,2519.4,0
267,CloudOps,Manufacturing,enterprise,United States,2024-01-19 00:00:00+00:00,event,True,,none,7.0,2026-03-22 03:05:22.902197+00:00,2.0,active,monthly,10.2,15.0,none,2024-01-19 00:00:00+00:00,,Starter,starter,12.0,16,11,1741.1,8,16.3,7.0,0.0,4.0,539.52,0
268,PeakSoftware,Healthcare,small,United States,2025-03-03 00:00:00+00:00,referral,True,,none,7.0,2026-03-22 03:05:22.902197+00:00,1.0,active,monthly,0.0,0.0,none,2025-03-03 00:00:00+00:00,,Free,free,0.0,19,15,1582.5294117647059,10,18.38,3.0,0.0,3.0,343.84,0
269,NovaDynamics,Telecommunications,large,Australia,2025-01-04 00:00:00+00:00,event,True,,none,2.0,2026-03-22 03:05:22.902197+00:00,1.0,active,monthly,0.0,0.0,none,2025-01-04 00:00:00+00:00,,Free,free,0.0,23,18,1845.2857142857142,13,22.05,7.0,1.0,4.0,2415.33,0
270,JadeTech,E-commerce,small,Australia,2023-05-02 00:00:00+00:00,referral,True,,none,7.0,2026-03-22 03:05:22.902197+00:00,5.0,active,annual,49.17,0.0,none,2023-07-20 00:00:00+00:00,,Professional Plus,professional,59.0,20,15,2062.4,11,20.47,6.0,0.0,4.25,3027.08,0
271,SageTech,Media,small,Germany,2025-04-21 00:00:00+00:00,paid_ads,True,,none,8.0,2026-03-22 03:05:22.902197+00:00,1.0,active,annual,0.0,0.0,none,2025-04-21 00:00:00+00:00,,Free,free,0.0,25,19,1511.157894736842,14,22.14,8.0,0.0,3.5,95.05,0
272,JetCloud,Telecommunications,enterprise,France,2023-01-06 00:00:00+00:00,referral,True,,none,8.0,2026-03-22 03:05:22.902197+00:00,1.0,active,annual,0.0,0.0,none,2023-01-06 00:00:00+00:00,,Free,free,0.0,28,23,1668.8695652173913,11,24.76,2.0,0.0,0.0,522.25,0
273,TidalSoftware,Telecommunications,large,India,2023-08-15 00:00:00+00:00,organic,True,,none,3.0,2026-03-22 03:05:22.902197+00:00,2.0,active,monthly,12.0,0.0,none,2023-08-15 00:00:00+00:00,,Starter,starter,12.0,15,12,1950.142857142857,10,17.1,6.0,0.0,4.0,971.0400000000001,0
274,WarpDynamics,Media,small,Germany,2023-12-05 00:00:00+00:00,partner,True,,none,7.0,2026-03-22 03:05:22.902197+00:00,5.0,active,monthly,59.0,0.0,none,2025-01-17 00:00:00+00:00,,Professional Plus,professional,59.0,26,22,1888.4736842105262,12,24.49,5.0,1.0,5.0,1270.01,0
275,GridCloud,Telecommunications,small,India,2024-08-03 00:00:00+00:00,organic,True,,none,7.0,2026-03-22 03:05:22.902197+00:00,6.0,active,monthly,99.0,0.0,none,2025-01-08 00:00:00+00:00,,Enterprise,enterprise,99.0,24,21,2273.3684210526317,12,24.68,6.0,0.0,3.0,5033.56,0
276,UltraPlatform,Legal,large,Singapore,2024-04-18 00:00:00+00:00,referral,True,,none,7.0,2026-03-22 03:05:22.902197+00:00,4.0,active,annual,32.5,0.0,none,2025-05-31 00:00:00+00:00,,Professional,professional,39.0,29,25,1933.5925925925926,13,26.85,4.0,0.0,3.0,4517.389999999999,0
277,Mist Tech,Retail,small,United States,2025-07-02 00:00:00+00:00,organic,False,2025-09-19 05:48:40+00:00,none,4.0,2026-03-22 03:05:22.902197+00:00,1.0,cancelled,monthly,0.0,15.0,Switched competitor,2025-07-02 00:00:00+00:00,2025-09-19 00:00:00+00:00,Free,free,0.0,29,21,2167.9166666666665,11,26.23,4.0,0.0,0.0,1799.94,1
278,Cloud Dynamics,Education,medium,Japan,2024-08-26 00:00:00+00:00,referral,True,,none,7.0,2026-03-22 03:05:22.902197+00:00,7.0,active,annual,149.25,10.0,none,2025-10-21 00:00:00+00:00,,Enterprise Custom,enterprise,199.0,22,16,1670.0,9,20.07,7.0,0.0,4.0,1068.93,0
279,ZenStudio,Logistics,small,Brazil,2025-08-29 00:00:00+00:00,paid_ads,True,,none,7.0,2026-03-22 03:05:22.902197+00:00,4.0,active,monthly,39.0,0.0,none,2025-08-29 00:00:00+00:00,,Professional,professional,39.0,28,23,2292.9583333333335,11,26.84,5.0,0.0,0.0,702.27,0
280,VinePro,Marketing,small,United Kingdom,2023-07-31 00:00:00+00:00,organic,True,,none,7.0,2026-03-22 03:05:22.902197+00:00,2.0,active,monthly,12.0,0.0,none,2023-07-31 00:00:00+00:00,,Starter,starter,12.0,28,25,2071.7916666666665,14,27.01,6.0,0.0,3.0,637.27,0
281,EchoHQ,Technology,large,India,2023-09-27 00:00:00+00:00,organic,True,,none,7.0,2026-03-22 03:05:22.902197+00:00,1.0,active,monthly,0.0,0.0,none,2023-09-27 00:00:00+00:00,,Free,free,0.0,34,27,1710.68,13,28.7,5.0,0.0,4.0,462.54999999999995,0
282,XenonVentures,Retail,small,Japan,2025-06-07 00:00:00+00:00,organic,True,,none,7.0,2026-03-22 03:05:22.902197+00:00,1.0,active,monthly,0.0,0.0,none,2025-06-07 00:00:00+00:00,,Free,free,0.0,20,17,1704.0,10,19.78,5.0,0.0,4.0,2409.55,0
283,GlowDigital,E-commerce,small,Japan,2025-04-16 00:00:00+00:00,referral,False,2025-06-29 17:29:30+00:00,Budget cuts,7.0,2026-03-22 03:05:22.902197+00:00,4.0,cancelled,annual,32.5,0.0,Budget cuts,2025-09-23 00:00:00+00:00,2025-06-29 00:00:00+00:00,Professional,professional,39.0,22,18,1687.6842105263158,11,20.93,5.0,0.0,3.0,1058.51,1
284,EchoOps,E-commerce,medium,United States,2023-06-14 00:00:00+00:00,paid_ads,False,2025-09-17 08:42:34+00:00,Too expensive,7.0,2026-03-22 03:05:22.902197+00:00,1.0,cancelled,annual,0.0,20.0,Budget cuts,2024-04-06 00:00:00+00:00,2025-09-17 00:00:00+00:00,Free,free,0.0,27,22,1886.7,12,24.89,6.0,0.0,3.0,735.35,1
285,Luna Dev,Manufacturing,medium,Brazil,2023-08-10 00:00:00+00:00,referral,True,,none,7.0,2026-03-22 03:05:22.902197+00:00,6.0,active,monthly,99.0,0.0,none,2023-08-10 00:00:00+00:00,,Enterprise,enterprise,99.0,22,20,2089.722222222222,9,22.67,1.0,0.0,0.0,1922.4099999999999,0
286,KitePlatform,Real Estate,small,Brazil,2024-12-03 00:00:00+00:00,partner,True,,none,8.0,2026-03-22 03:05:22.902197+00:00,5.0,active,monthly,59.0,0.0,none,2025-10-05 00:00:00+00:00,,Professional Plus,professional,59.0,28,22,2006.4761904761904,12,25.69,8.0,1.0,5.0,1295.47,0
287,Bolt Software,Media,enterprise,Japan,2024-09-21 00:00:00+00:00,referral,True,,none,7.0,2026-03-22 03:05:22.902197+00:00,3.0,active,monthly,19.0,0.0,none,2025-01-06 00:00:00+00:00,,Starter Plus,starter,19.0,20,14,1595.2666666666667,9,18.42,3.0,0.0,0.0,458.08000000000004,0
288,FlowIO,Telecommunications,medium,Japan,2024-01-15 00:00:00+00:00,organic,True,,none,7.0,2026-03-22 03:05:22.902197+00:00,1.0,active,monthly,0.0,0.0,none,2024-01-15 00:00:00+00:00,,Free,free,0.0,34,30,1665.04,11,29.25,7.0,0.0,3.5,922.65,0
289,OrbitIO,Manufacturing,small,Brazil,2023-05-18 00:00:00+00:00,referral,True,,none,7.0,2026-03-22 03:05:22.902197+00:00,3.0,active,annual,15.83,0.0,none,2025-03-06 00:00:00+00:00,,Starter Plus,starter,19.0,27,19,1807.4583333333333,12,23.72,8.0,1.0,3.0,746.12,0
290,SyncGroup,Manufacturing,small,United Kingdom,2024-01-20 00:00:00+00:00,organic,True,,none,7.0,2026-03-22 03:05:22.902197+00:00,3.0,expired,annual,15.83,0.0,Too expensive,2024-01-20 00:00:00+00:00,2024-05-19 00:00:00+00:00,Starter Plus,starter,19.0,21,18,1712.0666666666666,10,20.51,2.0,0.0,0.0,1769.42,0
291,Beam Stack,Real Estate,small,Germany,2024-02-11 00:00:00+00:00,referral,True,,none,9.0,2026-03-22 03:05:22.902197+00:00,4.0,active,annual,32.5,0.0,none,2024-08-05 00:00:00+00:00,,Professional,professional,39.0,30,22,2157.3333333333335,13,27.09,3.0,1.0,0.0,280.51,0
292,LunaStudio,Consulting,small,Germany,2024-11-06 00:00:00+00:00,paid_ads,False,2025-03-05 05:37:25+00:00,Not enough users,7.0,2026-03-22 03:05:22.902197+00:00,1.0,cancelled,annual,0.0,0.0,Not using it,2024-11-06 00:00:00+00:00,2025-03-05 00:00:00+00:00,Free,free,0.0,38,30,1644.25,14,31.08,5.0,0.0,0.0,1737.39,1
293,GridSoftware,Insurance,small,Japan,2023-01-06 00:00:00+00:00,referral,True,,none,7.0,2026-03-22 03:05:22.902197+00:00,4.0,active,monthly,39.0,0.0,none,2023-08-21 00:00:00+00:00,,Professional,professional,39.0,33,28,1794.0,12,28.78,6.0,1.0,3.5,1276.34,0
294,UnitLogic,Manufacturing,medium,Singapore,2024-03-25 00:00:00+00:00,partner,False,2025-09-16 05:12:33+00:00,none,1.0,2026-03-22 03:05:22.902197+00:00,5.0,cancelled,annual,49.17,0.0,Not using it,2024-09-06 00:00:00+00:00,2025-09-16 00:00:00+00:00,Professional Plus,professional,59.0,22,14,1875.5555555555557,11,20.35,7.0,1.0,0.0,4580.97,1
295,NexusSolutions,Marketing,small,Singapore,2024-02-09 00:00:00+00:00,referral,True,,none,0.0,2026-03-22 03:05:22.902197+00:00,5.0,active,annual,49.17,0.0,none,2024-02-09 00:00:00+00:00,,Professional Plus,professional,59.0,23,20,1415.952380952381,11,21.02,4.0,0.0,2.0,1409.62,0
296,WaveStudio,Education,small,Brazil,2024-06-02 00:00:00+00:00,event,False,2024-08-27 05:22:20+00:00,Outgrew the platform,9.0,2026-03-22 03:05:22.902197+00:00,2.0,cancelled,monthly,12.0,0.0,Budget cuts,2025-01-30 00:00:00+00:00,2024-08-27 00:00:00+00:00,Starter,starter,12.0,24,21,1572.85,11,22.24,4.0,1.0,0.0,688.86,1
297,Core Logic,Real Estate,medium,United Kingdom,2025-06-01 00:00:00+00:00,partner,False,2025-07-23 13:50:58+00:00,Poor support experience,4.0,2026-03-22 03:05:22.902197+00:00,6.0,cancelled,monthly,99.0,0.0,Company reorganization,2025-10-22 00:00:00+00:00,2025-07-23 00:00:00+00:00,Enterprise,enterprise,99.0,25,19,1736.0,11,22.59,7.0,0.0,3.0,974.62,1
298,Ultra Corp,Marketing,medium,Japan,2025-02-05 00:00:00+00:00,referral,True,,none,10.0,2026-03-22 03:05:22.902197+00:00,2.0,active,monthly,12.0,0.0,none,2025-09-22 00:00:00+00:00,,Starter,starter,12.0,27,20,1939.5,13,24.56,4.0,0.0,3.0,390.77,0
299,Keen Analytics,Finance,large,Singapore,2023-07-31 00:00:00+00:00,organic,True,,none,7.0,2026-03-22 03:05:22.902197+00:00,5.0,active,monthly,59.0,0.0,none,2023-07-31 00:00:00+00:00,,Professional Plus,professional,59.0,18,13,1225.7857142857142,10,16.19,5.0,2.0,3.0,853.47,0
300,Flow Ops,Logistics,medium,Brazil,2023-11-19 00:00:00+00:00,event,True,,none,7.0,2026-03-22 03:05:22.902197+00:00,5.0,active,monthly,59.0,0.0,none,2023-11-19 00:00:00+00:00,,Professional Plus,professional,59.0,29,24,1501.842105263158,12,25.01,4.0,0.0,0.0,1127.87,0
301,FluxSolutions,Telecommunications,medium,Germany,2024-05-04 00:00:00+00:00,paid_ads,True,,none,6.0,2026-03-22 03:05:22.902197+00:00,5.0,active,annual,41.79,15.0,none,2024-12-04 00:00:00+00:00,,Professional Plus,professional,59.0,19,16,1355.5294117647059,12,18.12,7.0,0.0,4.0,1147.1200000000001,0
302,DriftSystems,Consulting,small,France,2024-09-19 00:00:00+00:00,event,True,,none,6.0,2026-03-22 03:05:22.902197+00:00,2.0,active,annual,10.0,0.0,none,2024-09-19 00:00:00+00:00,,Starter,starter,12.0,29,24,2089.28,12,26.96,6.0,0.0,3.6666666666666665,511.74,0
303,EchoGroup,Finance,medium,Australia,2023-07-04 00:00:00+00:00,partner,True,,none,7.0,2026-03-22 03:05:22.902197+00:00,3.0,active,annual,15.83,0.0,none,2023-07-04 00:00:00+00:00,,Starter Plus,starter,19.0,29,22,1952.857142857143,12,25.91,5.0,1.0,4.0,2981.49,0
304,Pulse Dynamics,Manufacturing,enterprise,Australia,2023-06-30 00:00:00+00:00,organic,True,,none,10.0,2026-03-22 03:05:22.902197+00:00,3.0,active,annual,15.83,0.0,none,2023-06-30 00:00:00+00:00,,Starter Plus,starter,19.0,30,19,1786.96,12,24.86,7.0,0.0,4.0,235.66000000000003,0
305,Keen AI,Manufacturing,small,France,2023-12-09 00:00:00+00:00,event,True,,none,8.0,2026-03-22 03:05:22.902197+00:00,6.0,active,monthly,99.0,0.0,none,2023-12-09 00:00:00+00:00,,Enterprise,enterprise,99.0,26,23,1867.6470588235295,12,24.73,2.0,1.0,0.0,755.71,0
306,MetaVentures,Logistics,medium,United States,2024-04-02 00:00:00+00:00,paid_ads,True,,none,6.0,2026-03-22 03:05:22.902197+00:00,2.0,active,annual,9.0,10.0,none,2025-08-20 00:00:00+00:00,,Starter,starter,12.0,25,22,1910.2105263157894,11,24.07,8.0,0.0,4.0,4251.09,0
307,KiteStack,Marketing,medium,Singapore,2023-08-22 00:00:00+00:00,event,True,,none,7.0,2026-03-22 03:05:22.902197+00:00,2.0,active,monthly,12.0,0.0,none,2024-06-13 00:00:00+00:00,,Starter,starter,12.0,20,15,2112.3125,9,20.44,3.0,1.0,4.0,1734.31,0
308,MistStack,Telecommunications,medium,India,2023-01-24 00:00:00+00:00,referral,False,2024-02-22 11:32:08+00:00,none,5.0,2026-03-22 03:05:22.902197+00:00,1.0,cancelled,monthly,0.0,0.0,Company reorganization,2023-01-24 00:00:00+00:00,2024-02-22 00:00:00+00:00,Free,free,0.0,17,15,2109.5833333333335,11,19.43,5.0,0.0,3.0,3023.18,1
309,NovaSolutions,Healthcare,small,Canada,2024-09-24 00:00:00+00:00,event,False,2025-07-05 07:28:58+00:00,Budget cuts,1.0,2026-03-22 03:05:22.902197+00:00,4.0,cancelled,annual,32.5,0.0,Budget cuts,2024-09-24 00:00:00+00:00,2025-07-05 00:00:00+00:00,Professional,professional,39.0,32,25,1809.84,11,27.43,8.0,1.0,2.0,1209.78,1
310,Hive Solutions,Technology,small,Singapore,2024-07-15 00:00:00+00:00,paid_ads,True,,none,7.0,2026-03-22 03:05:22.902197+00:00,2.0,active,monthly,12.0,0.0,none,2024-07-15 00:00:00+00:00,,Starter,starter,12.0,24,17,1371.4761904761904,12,20.47,6.0,1.0,4.0,970.8199999999999,0
311,LinkGroup,Legal,large,Brazil,2023-08-21 00:00:00+00:00,event,True,,none,7.0,2026-03-22 03:05:22.902197+00:00,6.0,active,annual,82.5,0.0,none,2025-01-07 00:00:00+00:00,,Enterprise,enterprise,99.0,24,19,2154.2272727272725,12,23.68,6.0,0.0,4.5,565.76,0
312,SageIO,Consulting,small,United States,2023-07-13 00:00:00+00:00,paid_ads,True,,none,7.0,2026-03-22 03:05:22.902197+00:00,6.0,active,annual,82.5,0.0,none,2023-07-13 00:00:00+00:00,,Enterprise,enterprise,99.0,23,18,1475.1,10,20.52,5.0,0.0,2.5,3067.0800000000004,0
313,TrekPro,Retail,medium,United Kingdom,2024-12-02 00:00:00+00:00,event,True,,none,7.0,2026-03-22 03:05:22.902197+00:00,1.0,active,monthly,0.0,0.0,none,2024-12-02 00:00:00+00:00,,Free,free,0.0,19,15,1601.875,11,18.54,2.0,0.0,0.0,206.15,0
314,ArcSoftware,Finance,small,Germany,2023-11-25 00:00:00+00:00,event,False,2024-02-01 13:12:31+00:00,Outgrew the platform,10.0,2026-03-22 03:05:22.902197+00:00,4.0,cancelled,annual,32.5,0.0,Missing features,2024-02-08 00:00:00+00:00,2024-02-01 00:00:00+00:00,Professional,professional,39.0,21,18,1562.857142857143,12,20.21,2.0,0.0,0.0,1073.0,1
315,RushDigital,Legal,small,United Kingdom,2025-03-29 00:00:00+00:00,organic,True,,none,8.0,2026-03-22 03:05:22.902197+00:00,1.0,active,monthly,0.0,25.0,none,2025-03-29 00:00:00+00:00,,Free,free,0.0,20,16,1102.142857142857,11,17.57,2.0,0.0,3.0,2774.32,0
316,VertexTech,Finance,small,Germany,2023-09-14 00:00:00+00:00,referral,True,,none,7.0,2026-03-22 03:05:22.902197+00:00,2.0,active,annual,10.0,0.0,none,2023-09-14 00:00:00+00:00,,Starter,starter,12.0,34,28,2134.6666666666665,13,30.42,5.0,0.0,5.0,2953.58,0
317,Zeal HQ,E-commerce,large,United States,2024-11-28 00:00:00+00:00,paid_ads,True,,none,7.0,2026-03-22 03:05:22.902197+00:00,3.0,active,monthly,19.0,0.0,none,2024-11-28 00:00:00+00:00,,Starter Plus,starter,19.0,25,23,1565.25,13,23.42,2.0,0.0,0.0,798.69,0
318,Jade Dev,Healthcare,small,Canada,2023-08-30 00:00:00+00:00,event,True,,none,4.0,2026-03-22 03:05:22.902197+00:00,6.0,active,monthly,99.0,0.0,none,2024-04-27 00:00:00+00:00,,Enterprise,enterprise,99.0,27,22,1907.857142857143,11,24.86,4.0,0.0,0.0,1134.81,0
319,LinkSystems,E-commerce,small,United States,2023-04-02 00:00:00+00:00,organic,True,,none,8.0,2026-03-22 03:05:22.902197+00:00,2.0,active,monthly,12.0,0.0,none,2023-04-02 00:00:00+00:00,,Starter,starter,12.0,37,28,1497.423076923077,13,29.49,7.0,1.0,4.0,1664.5500000000002,0
320,Wave Stack,Finance,large,Japan,2025-02-13 00:00:00+00:00,partner,True,,none,7.0,2026-03-22 03:05:22.902197+00:00,1.0,active,monthly,0.0,0.0,none,2025-02-13 00:00:00+00:00,,Free,free,0.0,25,20,1655.4761904761904,10,22.52,6.0,1.0,4.0,1633.88,0
321,BoltNet,Legal,small,Germany,2023-07-14 00:00:00+00:00,referral,True,,none,6.0,2026-03-22 03:05:22.902197+00:00,1.0,active,monthly,0.0,0.0,none,2023-07-14 00:00:00+00:00,,Free,free,0.0,16,14,1655.0,11,17.22,5.0,0.0,1.0,3372.73,0
322,RushGroup,Media,small,United States,2023-01-01 00:00:00+00:00,organic,True,,none,9.0,2026-03-22 03:05:22.902197+00:00,4.0,active,annual,29.25,10.0,none,2023-07-25 00:00:00+00:00,,Professional,professional,39.0,25,23,1737.6190476190477,12,23.89,3.0,1.0,4.0,1122.0900000000001,0
323,NexusStudio,E-commerce,small,France,2024-05-24 00:00:00+00:00,organic,True,,none,6.0,2026-03-22 03:05:22.902197+00:00,3.0,active,monthly,19.0,0.0,none,2024-05-24 00:00:00+00:00,,Starter Plus,starter,19.0,19,14,1880.909090909091,10,19.07,5.0,0.0,3.6666666666666665,1005.21,0
324,Hive Ops,Healthcare,small,United States,2024-10-19 00:00:00+00:00,event,True,,none,7.0,2026-03-22 03:05:22.902197+00:00,7.0,active,annual,165.83,0.0,none,2025-11-01 00:00:00+00:00,,Enterprise Custom,enterprise,199.0,10,7,1985.857142857143,7,13.42,7.0,0.0,0.0,513.72,0
325,Trek Tech,Technology,small,Singapore,2025-01-31 00:00:00+00:00,organic,True,,none,7.0,2026-03-22 03:05:22.902197+00:00,4.0,active,monthly,39.0,0.0,none,2025-01-31 00:00:00+00:00,,Professional,professional,39.0,33,26,1729.0384615384614,13,28.06,5.0,0.0,3.5,1153.1100000000001,0
326,NexusAnalytics,Legal,small,Germany,2023-07-14 00:00:00+00:00,paid_ads,False,2024-09-02 10:33:28+00:00,Integration issues,7.0,2026-03-22 03:05:22.902197+00:00,4.0,cancelled,monthly,39.0,0.0,Not using it,2024-01-12 00:00:00+00:00,2024-11-30 00:00:00+00:00,Professional,professional,39.0,23,13,2169.214285714286,12,21.53,6.0,1.0,4.5,2680.24,1
327,JadePro,Legal,small,Singapore,2023-06-20 00:00:00+00:00,paid_ads,True,,none,7.0,2026-03-22 03:05:22.902197+00:00,2.0,expired,monthly,12.0,0.0,Company reorganization,2023-06-20 00:00:00+00:00,2024-03-23 00:00:00+00:00,Starter,starter,12.0,25,17,1994.8095238095239,12,22.95,4.0,1.0,0.0,484.8,0
328,IrisGroup,Marketing,small,Japan,2024-07-30 00:00:00+00:00,event,True,,none,8.0,2026-03-22 03:05:22.902197+00:00,3.0,active,monthly,19.0,0.0,none,2024-07-30 00:00:00+00:00,,Starter Plus,starter,19.0,24,19,2003.4117647058824,10,22.98,2.0,0.0,4.0,924.89,0
329,ZenLabs,Education,medium,United States,2023-08-08 00:00:00+00:00,event,True,,none,9.0,2026-03-22 03:05:22.902197+00:00,1.0,active,monthly,0.0,0.0,none,2023-08-08 00:00:00+00:00,,Free,free,0.0,24,20,1642.4545454545455,10,22.07,6.0,0.0,4.5,394.76,0
330,JadeDev,Telecommunications,medium,United States,2024-08-19 00:00:00+00:00,organic,True,,none,6.0,2026-03-22 03:05:22.902197+00:00,1.0,active,monthly,0.0,0.0,none,2024-08-19 00:00:00+00:00,,Free,free,0.0,18,14,1370.0714285714287,10,16.97,5.0,0.0,0.0,787.06,0
331,UnitWorks,Finance,medium,France,2025-04-07 00:00:00+00:00,organic,True,,none,2.0,2026-03-22 03:05:22.902197+00:00,4.0,active,monthly,39.0,0.0,none,2025-04-07 00:00:00+00:00,,Professional,professional,39.0,28,25,1875.7272727272727,12,26.15,6.0,2.0,3.0,4197.34,0
332,WaveCorp,Retail,small,United Kingdom,2024-06-20 00:00:00+00:00,partner,False,2025-09-12 09:01:10+00:00,Integration issues,3.0,2026-03-22 03:05:22.902197+00:00,1.0,cancelled,monthly,0.0,0.0,Not using it,2024-06-20 00:00:00+00:00,2025-09-12 00:00:00+00:00,Free,free,0.0,24,20,1901.7368421052631,11,23.04,3.0,0.0,4.0,246.23,1
333,ZenHQ,Real Estate,medium,United States,2024-05-02 00:00:00+00:00,referral,True,,none,7.0,2026-03-22 03:05:22.902197+00:00,1.0,active,monthly,0.0,10.0,none,2025-02-24 00:00:00+00:00,,Free,free,0.0,31,19,1690.5454545454545,13,25.04,3.0,0.0,5.0,5763.320000000001,0
334,ZenDev,Legal,small,United States,2024-09-22 00:00:00+00:00,event,True,,none,5.0,2026-03-22 03:05:22.902197+00:00,4.0,active,annual,32.5,0.0,none,2025-07-29 00:00:00+00:00,,Professional,professional,39.0,34,26,1724.8275862068965,13,28.45,1.0,0.0,5.0,2335.72,0
335,ZealCorp,Telecommunications,medium,United States,2024-08-31 00:00:00+00:00,paid_ads,True,,none,7.0,2026-03-22 03:05:22.902197+00:00,5.0,active,annual,49.17,0.0,none,2024-12-26 00:00:00+00:00,,Professional Plus,professional,59.0,28,24,1676.2105263157894,12,25.19,4.0,0.0,5.0,1864.4299999999998,0
336,WaveGroup,Insurance,medium,Brazil,2023-06-09 00:00:00+00:00,referral,True,,none,7.0,2026-03-22 03:05:22.902197+00:00,6.0,active,monthly,99.0,0.0,none,2023-06-09 00:00:00+00:00,,Enterprise,enterprise,99.0,26,22,2196.6666666666665,12,25.52,7.0,0.0,2.4,281.94,0
337,Nexus Digital,Retail,enterprise,Germany,2023-12-06 00:00:00+00:00,event,True,,none,5.0,2026-03-22 03:05:22.902197+00:00,3.0,active,annual,15.83,0.0,none,2023-12-06 00:00:00+00:00,,Starter Plus,starter,19.0,25,21,1836.5,12,23.62,4.0,0.0,0.0,1445.48,0
338,JadeIO,Finance,large,France,2023-06-24 00:00:00+00:00,event,False,2024-05-30 18:29:28+00:00,none,7.0,2026-03-22 03:05:22.902197+00:00,6.0,cancelled,annual,70.12,15.0,Switched competitor,2023-06-24 00:00:00+00:00,2024-05-30 00:00:00+00:00,Enterprise,enterprise,99.0,21,15,2094.0,11,20.98,8.0,1.0,0.0,2984.0,1
339,DataHQ,Technology,small,Australia,2023-01-20 00:00:00+00:00,organic,True,,none,7.0,2026-03-22 03:05:22.902197+00:00,3.0,active,monthly,16.15,15.0,none,2023-08-05 00:00:00+00:00,,Starter Plus,starter,19.0,28,22,1676.3703703703704,10,24.39,4.0,1.0,0.0,410.68,0
340,OrbitLogic,Legal,small,India,2024-07-28 00:00:00+00:00,event,True,,none,5.0,2026-03-22 03:05:22.902197+00:00,1.0,active,monthly,0.0,0.0,none,2024-07-28 00:00:00+00:00,,Free,free,0.0,30,27,1712.9130434782608,12,27.01,6.0,0.0,3.0,332.90999999999997,0
341,VertexIO,Finance,small,India,2023-03-05 00:00:00+00:00,organic,True,,none,7.0,2026-03-22 03:05:22.902197+00:00,2.0,active,annual,10.0,0.0,none,2023-03-05 00:00:00+00:00,,Starter,starter,12.0,37,27,1888.6538461538462,14,30.6,6.0,1.0,4.0,3051.31,0
342,Vertex Logic,Logistics,small,United States,2024-08-09 00:00:00+00:00,partner,False,2025-05-08 15:14:12+00:00,Integration issues,3.0,2026-03-22 03:05:22.902197+00:00,2.0,cancelled,annual,10.0,0.0,Budget cuts,2025-01-06 00:00:00+00:00,2025-05-08 00:00:00+00:00,Starter,starter,12.0,16,10,1547.5833333333333,12,15.76,4.0,0.0,5.0,867.9,1
343,PeakDigital,Logistics,enterprise,United Kingdom,2024-03-16 00:00:00+00:00,paid_ads,True,,none,7.0,2026-03-22 03:05:22.902197+00:00,1.0,active,annual,0.0,0.0,none,2024-03-16 00:00:00+00:00,,Free,free,0.0,22,20,2181.0,9,22.97,6.0,1.0,2.0,1399.09,0
344,PeakVentures,Marketing,small,Japan,2025-02-22 00:00:00+00:00,organic,True,,none,7.0,2026-03-22 03:05:22.902197+00:00,1.0,paused,monthly,0.0,10.0,none,2025-02-22 00:00:00+00:00,,Free,free,0.0,23,20,1812.2,10,22.24,3.0,0.0,2.0,2357.92,0
345,Zeal Software,Healthcare,small,United States,2023-08-25 00:00:00+00:00,referral,True,,none,1.0,2026-03-22 03:05:22.902197+00:00,4.0,active,monthly,39.0,0.0,none,2023-08-25 00:00:00+00:00,,Professional,professional,39.0,25,22,1449.9473684210527,14,22.83,7.0,0.0,5.0,1200.33,0
346,SageHub,Media,enterprise,Brazil,2023-05-21 00:00:00+00:00,event,False,2024-06-05 12:04:16+00:00,Too expensive,10.0,2026-03-22 03:05:22.902197+00:00,1.0,cancelled,annual,0.0,0.0,Company reorganization,2023-05-21 00:00:00+00:00,2024-06-05 00:00:00+00:00,Free,free,0.0,25,22,2284.521739130435,13,25.52,5.0,0.0,3.3333333333333335,716.15,1
347,ArcPlatform,E-commerce,enterprise,United Kingdom,2023-11-29 00:00:00+00:00,organic,True,,none,7.0,2026-03-22 03:05:22.902197+00:00,4.0,active,monthly,39.0,0.0,none,2023-11-29 00:00:00+00:00,,Professional,professional,39.0,19,17,2098.6428571428573,11,20.8,3.0,0.0,4.0,339.43,0
348,Vine Logic,Legal,small,Australia,2024-04-07 00:00:00+00:00,partner,True,,none,7.0,2026-03-22 03:05:22.902197+00:00,1.0,active,annual,0.0,0.0,none,2024-04-07 00:00:00+00:00,,Free,free,0.0,25,24,1499.0,8,23.0,2.0,0.0,0.0,906.12,0
349,HiveDynamics,Legal,small,Japan,2024-02-12 00:00:00+00:00,event,True,,none,7.0,2026-03-22 03:05:22.902197+00:00,6.0,active,monthly,99.0,0.0,none,2024-12-23 00:00:00+00:00,,Enterprise,enterprise,99.0,23,16,1930.1363636363637,10,21.43,4.0,0.0,0.0,2925.02,0
350,DriftSolutions,Real Estate,small,France,2023-04-26 00:00:00+00:00,organic,False,2025-09-20 19:32:00+00:00,No longer needed,2.0,2026-03-22 03:05:22.902197+00:00,4.0,cancelled,monthly,39.0,0.0,Switched competitor,2024-04-07 00:00:00+00:00,2025-09-20 00:00:00+00:00,Professional,professional,39.0,22,20,1897.6666666666667,11,22.23,10.0,0.0,3.0,6698.83,1
351,LunaHQ,Legal,small,Canada,2023-05-07 00:00:00+00:00,organic,False,2025-05-04 02:47:14+00:00,none,3.0,2026-03-22 03:05:22.902197+00:00,2.0,cancelled,annual,10.0,0.0,Not using it,2023-09-04 00:00:00+00:00,2025-05-04 00:00:00+00:00,Starter,starter,12.0,13,8,1623.3333333333333,9,13.91,6.0,0.0,3.0,2527.34,1
352,UnitDev,Finance,medium,Japan,2025-06-02 00:00:00+00:00,organic,False,2025-07-30 01:55:09+00:00,No longer needed,7.0,2026-03-22 03:05:22.902197+00:00,1.0,cancelled,monthly,0.0,0.0,Missing features,2025-06-02 00:00:00+00:00,2025-07-30 00:00:00+00:00,Free,free,0.0,24,22,1803.611111111111,12,23.41,4.0,0.0,4.0,1815.8400000000001,1
353,ArcCloud,Insurance,medium,Germany,2025-02-22 00:00:00+00:00,organic,True,,none,9.0,2026-03-22 03:05:22.902197+00:00,1.0,active,annual,0.0,0.0,none,2025-02-22 00:00:00+00:00,,Free,free,0.0,27,17,2238.1363636363635,10,24.36,5.0,0.0,3.3333333333333335,4211.42,0
354,Link Ops,Consulting,medium,Australia,2024-07-24 00:00:00+00:00,organic,True,,none,5.0,2026-03-22 03:05:22.902197+00:00,3.0,active,monthly,19.0,0.0,none,2024-07-24 00:00:00+00:00,,Starter Plus,starter,19.0,24,20,1744.1176470588234,11,22.51,6.0,0.0,3.5,2979.44,0
355,Cloud Ops,Real Estate,enterprise,Brazil,2023-06-15 00:00:00+00:00,paid_ads,True,,none,7.0,2026-03-22 03:05:22.902197+00:00,3.0,active,monthly,19.0,0.0,none,2023-06-15 00:00:00+00:00,,Starter Plus,starter,19.0,26,22,1935.4761904761904,12,24.65,6.0,1.0,2.6666666666666665,3030.14,0
356,DriftPro,Telecommunications,small,United States,2025-05-13 00:00:00+00:00,event,True,,none,4.0,2026-03-22 03:05:22.902197+00:00,5.0,active,monthly,59.0,0.0,none,2025-05-13 00:00:00+00:00,,Professional Plus,professional,59.0,25,20,1889.8181818181818,10,23.3,6.0,0.0,5.0,2375.35,0
357,VertexDev,E-commerce,large,United Kingdom,2024-05-10 00:00:00+00:00,event,True,,none,7.0,2026-03-22 03:05:22.902197+00:00,1.0,active,monthly,0.0,10.0,none,2024-05-10 00:00:00+00:00,,Free,free,0.0,22,18,1972.375,10,21.77,3.0,0.0,4.0,697.0,0
358,BeamGroup,Education,medium,Brazil,2024-10-09 00:00:00+00:00,partner,True,,none,7.0,2026-03-22 03:05:22.902197+00:00,4.0,active,monthly,39.0,0.0,none,2024-10-09 00:00:00+00:00,,Professional,professional,39.0,22,17,1933.5714285714287,13,21.65,2.0,0.0,0.0,4497.360000000001,0
359,TrekCloud,Technology,small,United States,2024-02-29 00:00:00+00:00,partner,True,,none,8.0,2026-03-22 03:05:22.902197+00:00,2.0,active,annual,10.0,0.0,none,2024-02-29 00:00:00+00:00,,Starter,starter,12.0,26,21,1965.1666666666667,12,24.45,5.0,0.0,5.0,8655.6,0
360,Sync Analytics,Insurance,small,Germany,2023-12-16 00:00:00+00:00,paid_ads,True,,none,10.0,2026-03-22 03:05:22.902197+00:00,6.0,active,annual,82.5,0.0,none,2024-02-22 00:00:00+00:00,,Enterprise,enterprise,99.0,29,27,1982.55,12,27.51,5.0,0.0,0.0,2208.35,0
361,MetaWorks,Telecommunications,large,Canada,2025-07-02 00:00:00+00:00,referral,True,,none,7.0,2026-03-22 03:05:22.902197+00:00,4.0,active,annual,32.5,0.0,none,2025-07-02 00:00:00+00:00,,Professional,professional,39.0,36,28,1791.076923076923,14,30.17,4.0,1.0,0.0,517.3199999999999,0
362,Hive Cloud,Real Estate,large,Singapore,2025-06-28 00:00:00+00:00,organic,True,,none,4.0,2026-03-22 03:05:22.902197+00:00,3.0,active,annual,15.83,0.0,none,2025-06-28 00:00:00+00:00,,Starter Plus,starter,19.0,22,17,2101.9375,11,22.01,5.0,1.0,3.0,584.08,0
363,VertexLogic,Retail,small,Brazil,2023-11-19 00:00:00+00:00,partner,True,,none,3.0,2026-03-22 03:05:22.902197+00:00,2.0,active,monthly,12.0,0.0,none,2023-11-19 00:00:00+00:00,,Starter,starter,12.0,25,19,2249.5,13,24.5,5.0,0.0,0.0,1094.5,0
364,LunaSystems,Technology,enterprise,United Kingdom,2023-12-15 00:00:00+00:00,event,True,,none,7.0,2026-03-22 03:05:22.902197+00:00,4.0,active,monthly,39.0,0.0,none,2024-12-24 00:00:00+00:00,,Professional,professional,39.0,21,18,1646.3125,11,20.39,5.0,0.0,0.0,3105.44,0
365,Grid Dev,Logistics,small,United Kingdom,2023-11-15 00:00:00+00:00,referral,True,,none,7.0,2026-03-22 03:05:22.902197+00:00,2.0,active,annual,10.0,0.0,none,2023-11-15 00:00:00+00:00,,Starter,starter,12.0,30,22,2310.521739130435,14,27.7,3.0,0.0,5.0,1672.93,0
366,VertexHQ,Healthcare,medium,Singapore,2023-07-17 00:00:00+00:00,referral,True,,none,9.0,2026-03-22 03:05:22.902197+00:00,2.0,active,monthly,12.0,0.0,none,2025-02-08 00:00:00+00:00,,Starter,starter,12.0,22,16,1930.888888888889,13,21.34,2.0,0.0,0.0,569.3199999999999,0
367,Hub Labs,Real Estate,medium,Japan,2024-12-22 00:00:00+00:00,event,True,,none,4.0,2026-03-22 03:05:22.902197+00:00,1.0,active,annual,0.0,0.0,none,2025-07-26 00:00:00+00:00,,Free,free,0.0,31,22,1831.148148148148,12,26.3,14.0,1.0,2.6666666666666665,751.31,0
368,NexusWorks,Technology,small,United States,2023-07-03 00:00:00+00:00,referral,True,,none,7.0,2026-03-22 03:05:22.902197+00:00,3.0,active,monthly,19.0,0.0,none,2023-07-03 00:00:00+00:00,,Starter Plus,starter,19.0,29,24,2207.277777777778,13,27.46,8.0,1.0,0.0,1134.07,0
369,MetaNet,Insurance,medium,United States,2023-11-14 00:00:00+00:00,referral,True,,none,7.0,2026-03-22 03:05:22.902197+00:00,2.0,active,monthly,12.0,0.0,none,2023-11-14 00:00:00+00:00,,Starter,starter,12.0,35,27,1680.0,13,29.0,2.0,1.0,0.0,2624.67,0
370,Xenon Logic,Finance,large,Singapore,2024-05-01 00:00:00+00:00,event,False,2025-06-06 18:43:17+00:00,Not enough users,7.0,2026-03-22 03:05:22.902197+00:00,2.0,cancelled,monthly,12.0,0.0,Missing features,2024-05-01 00:00:00+00:00,2025-06-06 00:00:00+00:00,Starter,starter,12.0,22,18,1762.45,11,21.17,6.0,0.0,4.0,5340.55,1
371,ZealStudio,Finance,medium,United States,2025-03-22 00:00:00+00:00,partner,True,,none,8.0,2026-03-22 03:05:22.902197+00:00,1.0,active,annual,0.0,0.0,none,2025-03-22 00:00:00+00:00,,Free,free,0.0,29,24,1751.8181818181818,12,25.84,2.0,0.0,0.0,500.55,0
372,NexusPlatform,Consulting,medium,United States,2023-12-17 00:00:00+00:00,referral,True,,none,8.0,2026-03-22 03:05:22.902197+00:00,4.0,active,annual,32.5,0.0,none,2023-12-17 00:00:00+00:00,,Professional,professional,39.0,20,14,1388.888888888889,10,17.83,4.0,0.0,3.0,556.8100000000001,0
373,VineNet,Consulting,small,Brazil,2025-09-05 00:00:00+00:00,organic,True,,none,8.0,2026-03-22 03:05:22.902197+00:00,6.0,active,monthly,99.0,0.0,none,2025-09-05 00:00:00+00:00,,Enterprise,enterprise,99.0,19,16,1915.5714285714287,12,19.99,5.0,0.0,5.0,2468.32,0
374,UltraIO,Technology,small,United Kingdom,2024-11-07 00:00:00+00:00,partner,False,2025-07-01 07:39:47+00:00,Poor support experience,4.0,2026-03-22 03:05:22.902197+00:00,1.0,cancelled,monthly,0.0,10.0,Missing features,2024-11-07 00:00:00+00:00,2025-07-01 00:00:00+00:00,Free,free,0.0,29,25,2288.4761904761904,11,27.83,5.0,0.0,0.0,467.71000000000004,1
375,TidalVentures,Logistics,small,Australia,2024-02-18 00:00:00+00:00,organic,True,,none,7.0,2026-03-22 03:05:22.902197+00:00,5.0,active,annual,44.25,10.0,none,2025-06-17 00:00:00+00:00,,Professional Plus,professional,59.0,27,24,1536.0,12,24.32,6.0,2.0,3.5,740.14,0
376,XenonDynamics,Technology,large,Japan,2024-12-20 00:00:00+00:00,organic,True,,none,7.0,2026-03-22 03:05:22.902197+00:00,1.0,active,monthly,0.0,0.0,none,2024-12-20 00:00:00+00:00,,Free,free,0.0,26,21,2048.777777777778,11,24.63,4.0,0.0,2.0,749.12,0
377,ZenLogic,E-commerce,large,United States,2023-06-07 00:00:00+00:00,paid_ads,True,,none,7.0,2026-03-22 03:05:22.902197+00:00,2.0,active,monthly,10.8,10.0,none,2023-06-07 00:00:00+00:00,,Starter,starter,12.0,24,18,1434.5263157894738,13,21.08,6.0,0.0,3.3333333333333335,763.87,0
378,Bolt Digital,Legal,medium,Singapore,2025-07-04 00:00:00+00:00,organic,True,,none,7.0,2026-03-22 03:05:22.902197+00:00,5.0,active,annual,49.17,0.0,none,2025-09-16 00:00:00+00:00,,Professional Plus,professional,59.0,23,19,1783.0,11,21.94,5.0,0.0,5.0,897.95,0
379,BeamDynamics,Manufacturing,small,United Kingdom,2023-10-03 00:00:00+00:00,organic,True,,none,7.0,2026-03-22 03:05:22.902197+00:00,6.0,active,monthly,84.15,15.0,none,2023-10-03 00:00:00+00:00,,Enterprise,enterprise,99.0,22,21,1647.6,12,21.79,7.0,1.0,4.333333333333333,24.02,0
380,KeenIO,Healthcare,medium,Canada,2023-03-22 00:00:00+00:00,partner,True,,none,7.0,2026-03-22 03:05:22.902197+00:00,3.0,active,monthly,19.0,0.0,none,2024-01-01 00:00:00+00:00,,Starter Plus,starter,19.0,39,31,1461.6666666666667,13,31.07,3.0,0.0,0.0,2237.42,0
381,EchoStack,Logistics,small,Singapore,2024-07-01 00:00:00+00:00,referral,True,,none,7.0,2026-03-22 03:05:22.902197+00:00,1.0,active,annual,0.0,0.0,none,2024-07-01 00:00:00+00:00,,Free,free,0.0,20,16,1814.842105263158,9,19.75,3.0,0.0,2.0,2629.5899999999997,0
382,Cloud Net,Telecommunications,medium,France,2024-08-09 00:00:00+00:00,organic,False,2025-04-22 14:40:26+00:00,none,7.0,2026-03-22 03:05:22.902197+00:00,5.0,cancelled,monthly,53.1,10.0,Company reorganization,2025-10-30 00:00:00+00:00,2025-04-22 00:00:00+00:00,Professional Plus,professional,59.0,19,14,1786.357142857143,9,18.65,3.0,1.0,0.0,1114.44,1
383,Glow Tech,Retail,enterprise,Germany,2023-04-25 00:00:00+00:00,paid_ads,True,,none,7.0,2026-03-22 03:05:22.902197+00:00,3.0,active,annual,12.67,20.0,none,2023-04-25 00:00:00+00:00,,Starter Plus,starter,19.0,28,21,1769.5384615384614,12,24.6,4.0,1.0,3.5,5573.59,0
384,QuestHQ,Finance,small,France,2023-03-28 00:00:00+00:00,referral,True,,none,9.0,2026-03-22 03:05:22.902197+00:00,7.0,active,annual,165.83,0.0,none,2023-09-19 00:00:00+00:00,,Enterprise Custom,enterprise,199.0,24,19,2072.4444444444443,13,23.51,6.0,0.0,3.5,2329.54,0
385,WarpCorp,E-commerce,large,Canada,2023-09-28 00:00:00+00:00,organic,True,,none,4.0,2026-03-22 03:05:22.902197+00:00,6.0,active,monthly,99.0,0.0,none,2024-10-29 00:00:00+00:00,,Enterprise,enterprise,99.0,20,16,1983.7777777777778,12,20.61,10.0,3.0,0.0,942.69,0
386,EchoCloud,Insurance,medium,United Kingdom,2024-03-21 00:00:00+00:00,organic,False,2025-04-03 14:37:22+00:00,Budget cuts,7.0,2026-03-22 03:05:22.902197+00:00,3.0,cancelled,monthly,19.0,0.0,Missing features,2024-03-21 00:00:00+00:00,2025-04-03 00:00:00+00:00,Starter Plus,starter,19.0,24,20,2249.4761904761904,13,24.4,5.0,0.0,0.0,2896.29,1
387,GridDynamics,Retail,medium,Brazil,2024-08-21 00:00:00+00:00,partner,True,,none,7.0,2026-03-22 03:05:22.902197+00:00,6.0,active,monthly,99.0,0.0,none,2025-06-11 00:00:00+00:00,,Enterprise,enterprise,99.0,16,12,1632.2222222222222,10,16.44,9.0,1.0,0.0,3726.3599999999997,0
388,MetaDev,Legal,small,India,2024-06-21 00:00:00+00:00,partner,False,2025-07-02 08:57:54+00:00,Company closed,1.0,2026-03-22 03:05:22.902197+00:00,1.0,cancelled,monthly,0.0,0.0,Budget cuts,2024-06-21 00:00:00+00:00,2025-07-02 00:00:00+00:00,Free,free,0.0,37,30,2170.78125,13,32.34,5.0,1.0,0.0,763.1800000000001,1
389,CloudLabs,Technology,medium,Singapore,2024-09-11 00:00:00+00:00,paid_ads,False,2025-06-22 22:02:28+00:00,none,7.0,2026-03-22 03:05:22.902197+00:00,1.0,cancelled,monthly,0.0,0.0,Too expensive,2024-09-11 00:00:00+00:00,2025-06-22 00:00:00+00:00,Free,free,0.0,28,23,1651.5217391304348,14,25.01,5.0,0.0,4.0,1807.8300000000002,1
390,Sync HQ,Logistics,small,Singapore,2025-03-10 00:00:00+00:00,event,False,2025-05-03 05:29:33+00:00,Budget cuts,10.0,2026-03-22 03:05:22.902197+00:00,4.0,cancelled,annual,32.5,0.0,Missing features,2025-10-18 00:00:00+00:00,2025-05-03 00:00:00+00:00,Professional,professional,39.0,26,24,1588.5,12,24.1,7.0,1.0,3.0,490.23,1
391,QuarkSolutions,Consulting,small,Brazil,2023-08-12 00:00:00+00:00,event,True,,none,7.0,2026-03-22 03:05:22.902197+00:00,5.0,active,monthly,59.0,0.0,none,2024-01-28 00:00:00+00:00,,Professional Plus,professional,59.0,26,22,1463.3333333333333,12,23.08,8.0,1.0,2.0,273.28000000000003,0
392,Keen Pro,Education,enterprise,Canada,2023-09-30 00:00:00+00:00,referral,False,2024-07-12 04:29:34+00:00,Budget cuts,3.0,2026-03-22 03:05:22.902197+00:00,4.0,cancelled,monthly,39.0,0.0,none,2024-06-10 00:00:00+00:00,2024-07-12 00:00:00+00:00,Professional,professional,39.0,25,19,1840.1304347826087,11,22.93,10.0,0.0,3.3333333333333335,1816.75,1
393,EchoCorp,Legal,enterprise,United States,2024-07-02 00:00:00+00:00,organic,True,,none,8.0,2026-03-22 03:05:22.902197+00:00,1.0,active,annual,0.0,0.0,none,2024-07-02 00:00:00+00:00,,Free,free,0.0,17,15,2049.076923076923,10,19.13,4.0,1.0,4.0,957.28,0
394,DataStack,Logistics,small,India,2023-06-30 00:00:00+00:00,partner,True,,none,7.0,2026-03-22 03:05:22.902197+00:00,4.0,active,monthly,39.0,0.0,none,2023-11-29 00:00:00+00:00,,Professional,professional,39.0,20,15,1741.4705882352941,13,19.6,5.0,0.0,4.5,1770.54,0
395,TidalNet,Healthcare,large,France,2023-07-17 00:00:00+00:00,event,False,2024-08-20 11:22:12+00:00,Not enough users,6.0,2026-03-22 03:05:22.902197+00:00,6.0,cancelled,monthly,89.1,10.0,Missing features,2024-01-08 00:00:00+00:00,2024-08-20 00:00:00+00:00,Enterprise,enterprise,99.0,19,16,1683.8666666666666,10,19.01,6.0,0.0,4.5,423.28,1
396,Data Works,Insurance,large,United States,2024-11-25 00:00:00+00:00,partner,True,,none,9.0,2026-03-22 03:05:22.902197+00:00,4.0,active,annual,32.5,0.0,none,2024-11-25 00:00:00+00:00,,Professional,professional,39.0,27,19,1713.4285714285713,12,23.41,5.0,0.0,3.5,3451.83,0
397,EdgeAI,Consulting,large,United States,2024-10-09 00:00:00+00:00,referral,False,2025-03-07 08:35:29+00:00,none,4.0,2026-03-22 03:05:22.902197+00:00,4.0,cancelled,annual,32.5,0.0,Missing features,2025-10-06 00:00:00+00:00,2025-03-07 00:00:00+00:00,Professional,professional,39.0,22,20,1586.6842105263158,11,21.19,8.0,0.0,5.0,446.09,1
398,Meta Corp,Marketing,enterprise,France,2023-11-26 00:00:00+00:00,organic,True,,none,7.0,2026-03-22 03:05:22.902197+00:00,2.0,active,annual,10.0,0.0,none,2023-11-26 00:00:00+00:00,,Starter,starter,12.0,27,17,1680.0,12,22.7,7.0,0.0,0.0,964.3800000000001,0
399,LinkSolutions,Healthcare,small,United States,2025-08-05 00:00:00+00:00,organic,True,,none,9.0,2026-03-22 03:05:22.902197+00:00,1.0,active,monthly,0.0,0.0,none,2025-08-05 00:00:00+00:00,,Free,free,0.0,25,18,1673.4761904761904,11,22.08,6.0,0.0,4.0,897.04,0
400,Flux Tech,Technology,small,United States,2025-03-22 00:00:00+00:00,partner,True,,none,7.0,2026-03-22 03:05:22.902197+00:00,5.0,active,monthly,59.0,0.0,none,2025-03-22 00:00:00+00:00,,Professional Plus,professional,59.0,24,19,2097.5789473684213,11,23.39,9.0,2.0,3.25,1702.25,0
401,Core Corp,E-commerce,small,Brazil,2024-10-04 00:00:00+00:00,partner,True,,none,7.0,2026-03-22 03:05:22.902197+00:00,3.0,active,annual,15.83,0.0,none,2024-10-04 00:00:00+00:00,,Starter Plus,starter,19.0,21,15,2060.866666666667,12,20.97,6.0,0.0,4.333333333333333,2757.93,0
402,MetaSystems,Healthcare,medium,India,2024-11-06 00:00:00+00:00,paid_ads,True,,none,3.0,2026-03-22 03:05:22.902197+00:00,3.0,active,annual,15.83,0.0,none,2024-11-06 00:00:00+00:00,,Starter Plus,starter,19.0,20,15,1312.2,10,17.87,5.0,1.0,0.0,1889.19,0
403,RiftIO,Finance,large,United States,2025-04-04 00:00:00+00:00,organic,True,,none,3.0,2026-03-22 03:05:22.902197+00:00,4.0,active,monthly,39.0,0.0,none,2025-09-26 00:00:00+00:00,,Professional,professional,39.0,26,23,1825.1739130434783,10,24.38,4.0,1.0,0.0,2435.37,0
404,Bolt IO,Media,small,United States,2024-11-24 00:00:00+00:00,partner,True,,none,3.0,2026-03-22 03:05:22.902197+00:00,3.0,cancelled,monthly,19.0,0.0,Budget cuts,2024-11-24 00:00:00+00:00,2025-04-11 00:00:00+00:00,Starter Plus,starter,19.0,27,22,1829.28,10,24.5,3.0,0.0,2.5,283.65,0
405,GridPlatform,Retail,small,Australia,2025-08-08 00:00:00+00:00,referral,True,,none,7.0,2026-03-22 03:05:22.902197+00:00,1.0,paused,monthly,0.0,25.0,none,2025-08-08 00:00:00+00:00,,Free,free,0.0,24,17,1846.95,12,22.06,5.0,0.0,3.0,1086.96,0
406,UnitSoftware,Education,small,India,2024-04-21 00:00:00+00:00,event,True,,none,6.0,2026-03-22 03:05:22.902197+00:00,5.0,cancelled,monthly,59.0,0.0,Not using it,2024-04-21 00:00:00+00:00,2024-08-07 00:00:00+00:00,Professional Plus,professional,59.0,24,20,1660.3529411764705,10,22.13,2.0,0.0,0.0,470.57,0
407,MistSolutions,Logistics,medium,United States,2023-08-10 00:00:00+00:00,event,True,,none,7.0,2026-03-22 03:05:22.902197+00:00,3.0,active,monthly,17.1,10.0,none,2023-08-10 00:00:00+00:00,,Starter Plus,starter,19.0,23,16,1615.0,9,20.28,7.0,0.0,2.6,3776.44,0
408,AcmePro,Retail,small,United Kingdom,2025-07-24 00:00:00+00:00,organic,True,,none,10.0,2026-03-22 03:05:22.902197+00:00,3.0,active,monthly,19.0,0.0,none,2025-07-24 00:00:00+00:00,,Starter Plus,starter,19.0,29,24,1777.5,14,26.12,4.0,1.0,5.0,1228.26,0
409,EchoPro,Technology,medium,Japan,2023-09-04 00:00:00+00:00,organic,False,2025-05-10 22:24:15+00:00,Too expensive,7.0,2026-03-22 03:05:22.902197+00:00,1.0,cancelled,annual,0.0,0.0,Too expensive,2023-09-04 00:00:00+00:00,2025-05-10 00:00:00+00:00,Free,free,0.0,27,19,1866.3636363636363,12,23.92,5.0,0.0,3.0,1380.8,1
410,NovaDigital,E-commerce,large,United States,2025-02-04 00:00:00+00:00,referral,True,,none,7.0,2026-03-22 03:05:22.902197+00:00,2.0,active,annual,9.0,10.0,none,2025-02-04 00:00:00+00:00,,Starter,starter,12.0,24,17,2198.0,13,23.33,5.0,1.0,0.0,844.4300000000001,0
411,ZealDigital,Manufacturing,small,India,2024-12-08 00:00:00+00:00,event,True,,none,7.0,2026-03-22 03:05:22.902197+00:00,3.0,active,monthly,19.0,0.0,none,2025-02-26 00:00:00+00:00,,Starter Plus,starter,19.0,21,14,1762.0,12,19.67,3.0,0.0,0.0,3571.8900000000003,0
412,SageGroup,Insurance,small,Singapore,2025-07-20 00:00:00+00:00,referral,True,,none,7.0,2026-03-22 03:05:22.902197+00:00,4.0,active,monthly,39.0,0.0,none,2025-07-20 00:00:00+00:00,,Professional,professional,39.0,21,18,1144.3157894736842,12,18.81,2.0,0.0,0.0,1734.1,0
413,YieldStudio,Technology,small,India,2023-12-09 00:00:00+00:00,partner,True,,none,7.0,2026-03-22 03:05:22.902197+00:00,5.0,active,monthly,59.0,0.0,none,2024-03-12 00:00:00+00:00,,Professional Plus,professional,59.0,16,15,1418.2727272727273,10,16.63,4.0,0.0,3.5,1161.5600000000002,0
414,UltraStudio,Media,large,Australia,2025-04-29 00:00:00+00:00,event,False,2025-10-13 20:01:32+00:00,Outgrew the platform,7.0,2026-03-22 03:05:22.902197+00:00,2.0,cancelled,annual,10.0,0.0,Too expensive,2025-04-29 00:00:00+00:00,2025-10-13 00:00:00+00:00,Starter,starter,12.0,23,18,1588.7727272727273,12,21.1,3.0,0.0,3.0,3437.52,1
415,CoreGroup,Logistics,large,United States,2025-09-06 00:00:00+00:00,paid_ads,False,2025-10-13 23:57:59+00:00,Poor support experience,0.0,2026-03-22 03:05:22.902197+00:00,4.0,cancelled,monthly,39.0,0.0,Not using it,2025-09-06 00:00:00+00:00,2025-10-13 00:00:00+00:00,Professional,professional,39.0,20,12,1591.6842105263158,11,18.01,4.0,0.0,3.6666666666666665,2481.33,1
416,NovaDev,Technology,small,Australia,2024-10-22 00:00:00+00:00,organic,False,2025-02-02 10:10:23+00:00,Switched to competitor,6.0,2026-03-22 03:05:22.902197+00:00,6.0,expired,monthly,99.0,0.0,Company reorganization,2024-10-22 00:00:00+00:00,2025-10-11 00:00:00+00:00,Enterprise,enterprise,99.0,25,22,1899.0,13,24.23,3.0,0.0,3.0,590.76,1
417,ArcVentures,Logistics,enterprise,India,2023-11-08 00:00:00+00:00,event,True,,none,7.0,2026-03-22 03:05:22.902197+00:00,4.0,active,monthly,39.0,0.0,none,2025-03-06 00:00:00+00:00,,Professional,professional,39.0,25,13,1930.15,13,21.63,3.0,1.0,3.5,593.8199999999999,0
418,KiteGroup,Legal,medium,Germany,2023-04-30 00:00:00+00:00,paid_ads,False,2024-10-02 20:40:00+00:00,Integration issues,1.0,2026-03-22 03:05:22.902197+00:00,3.0,cancelled,annual,12.67,20.0,Too expensive,2023-04-30 00:00:00+00:00,2024-10-02 00:00:00+00:00,Starter Plus,starter,19.0,23,20,1608.9,13,21.86,0.0,0.0,0.0,3766.1099999999997,1
419,JetStudio,Finance,medium,Germany,2025-08-08 00:00:00+00:00,organic,True,,none,9.0,2026-03-22 03:05:22.902197+00:00,1.0,active,monthly,0.0,0.0,none,2025-08-08 00:00:00+00:00,,Free,free,0.0,26,22,1967.095238095238,11,24.66,3.0,0.0,2.0,786.2,0
420,Sync Hub,Real Estate,large,United States,2025-01-19 00:00:00+00:00,referral,True,,none,8.0,2026-03-22 03:05:22.902197+00:00,1.0,active,annual,0.0,0.0,none,2025-01-19 00:00:00+00:00,,Free,free,0.0,30,24,1766.32,13,26.39,4.0,1.0,2.0,567.53,0
421,TidalLabs,Retail,small,Canada,2023-08-16 00:00:00+00:00,partner,True,,none,7.0,2026-03-22 03:05:22.902197+00:00,3.0,active,monthly,19.0,0.0,none,2023-08-16 00:00:00+00:00,,Starter Plus,starter,19.0,19,15,1338.1333333333334,13,17.86,2.0,0.0,5.0,2528.41,0
422,BoltTech,Consulting,large,Singapore,2025-08-24 00:00:00+00:00,organic,False,2025-10-25 08:50:20+00:00,Company closed,5.0,2026-03-22 03:05:22.902197+00:00,1.0,cancelled,annual,0.0,20.0,Not using it,2025-08-24 00:00:00+00:00,2025-10-25 00:00:00+00:00,Free,free,0.0,24,18,1737.45,11,21.89,4.0,1.0,5.0,1968.4500000000003,1
423,SyncStudio,Consulting,enterprise,Japan,2023-10-23 00:00:00+00:00,organic,False,2025-06-09 10:54:57+00:00,Budget cuts,7.0,2026-03-22 03:05:22.902197+00:00,7.0,cancelled,annual,165.83,0.0,Too expensive,2024-05-02 00:00:00+00:00,2025-06-09 00:00:00+00:00,Enterprise Custom,enterprise,199.0,30,23,1677.909090909091,11,25.59,6.0,0.0,4.0,1666.8,1
424,IonVentures,Finance,small,Germany,2023-04-01 00:00:00+00:00,paid_ads,False,2024-06-28 14:26:18+00:00,Budget cuts,3.0,2026-03-22 03:05:22.902197+00:00,5.0,cancelled,annual,44.25,10.0,Missing features,2023-09-23 00:00:00+00:00,2024-06-28 00:00:00+00:00,Professional Plus,professional,59.0,25,20,1735.2105263157894,11,22.88,3.0,1.0,0.0,1274.27,1
425,MetaSolutions,Education,medium,Canada,2025-01-27 00:00:00+00:00,event,True,,none,0.0,2026-03-22 03:05:22.902197+00:00,6.0,active,monthly,99.0,0.0,none,2025-01-27 00:00:00+00:00,,Enterprise,enterprise,99.0,31,24,1982.0869565217392,11,27.31,7.0,1.0,3.3333333333333335,1450.48,0
426,TidalStack,Consulting,small,Singapore,2025-02-22 00:00:00+00:00,referral,True,,none,7.0,2026-03-22 03:05:22.902197+00:00,2.0,active,annual,10.0,0.0,none,2025-02-22 00:00:00+00:00,,Starter,starter,12.0,18,17,1556.8461538461538,8,18.29,2.0,1.0,4.0,659.12,0
427,EchoVentures,Education,large,Singapore,2023-09-23 00:00:00+00:00,paid_ads,False,2023-12-07 10:42:46+00:00,No longer needed,7.0,2026-03-22 03:05:22.902197+00:00,3.0,cancelled,annual,15.83,0.0,Missing features,2023-09-23 00:00:00+00:00,2023-12-07 00:00:00+00:00,Starter Plus,starter,19.0,25,19,1806.904761904762,14,23.12,3.0,0.0,5.0,602.44,1
428,Xenon Corp,Logistics,small,United States,2024-10-05 00:00:00+00:00,organic,False,2024-12-10 16:53:04+00:00,Integration issues,7.0,2026-03-22 03:05:22.902197+00:00,6.0,cancelled,annual,82.5,0.0,Too expensive,2025-06-18 00:00:00+00:00,2024-12-10 00:00:00+00:00,Enterprise,enterprise,99.0,32,16,1944.0740740740741,14,25.48,6.0,0.0,0.0,187.54000000000002,1
429,UltraOps,Education,large,France,2024-06-14 00:00:00+00:00,organic,True,,none,7.0,2026-03-22 03:05:22.902197+00:00,2.0,active,annual,10.0,0.0,none,2024-06-14 00:00:00+00:00,,Starter,starter,12.0,21,14,2059.294117647059,12,20.66,5.0,0.0,5.0,949.02,0
430,Jet Dev,E-commerce,enterprise,United Kingdom,2024-12-30 00:00:00+00:00,referral,True,,none,7.0,2026-03-22 03:05:22.902197+00:00,2.0,active,monthly,12.0,0.0,none,2024-12-30 00:00:00+00:00,,Starter,starter,12.0,19,12,1835.8947368421052,11,18.42,4.0,0.0,0.0,967.98,0
431,ArcHQ,Healthcare,enterprise,United States,2025-06-30 00:00:00+00:00,paid_ads,True,,none,10.0,2026-03-22 03:05:22.902197+00:00,3.0,active,annual,15.83,0.0,none,2025-06-30 00:00:00+00:00,,Starter Plus,starter,19.0,24,20,1766.85,13,22.79,3.0,1.0,3.0,486.05,0
432,Hub Platform,Finance,enterprise,France,2024-03-11 00:00:00+00:00,referral,True,,none,7.0,2026-03-22 03:05:22.902197+00:00,2.0,active,annual,9.0,10.0,none,2024-03-11 00:00:00+00:00,,Starter,starter,12.0,23,15,2221.35,12,22.3,4.0,0.0,0.0,3624.31,0
433,BoltHub,Manufacturing,small,United Kingdom,2025-07-19 00:00:00+00:00,referral,True,,none,8.0,2026-03-22 03:05:22.902197+00:00,5.0,active,monthly,59.0,0.0,none,2025-11-22 00:00:00+00:00,,Professional Plus,professional,59.0,28,21,1829.7826086956522,11,24.7,1.0,0.0,0.0,722.61,0
434,Meta Solutions,Logistics,small,United States,2023-06-14 00:00:00+00:00,partner,True,,none,7.0,2026-03-22 03:05:22.902197+00:00,6.0,active,annual,82.5,0.0,none,2023-06-14 00:00:00+00:00,,Enterprise,enterprise,99.0,19,14,1677.5625,9,18.29,4.0,0.0,4.0,2670.09,0
435,Link Hub,Technology,medium,United Kingdom,2025-01-12 00:00:00+00:00,referral,False,2025-05-05 02:46:04+00:00,Outgrew the platform,7.0,2026-03-22 03:05:22.902197+00:00,3.0,cancelled,monthly,19.0,0.0,Not using it,2025-01-12 00:00:00+00:00,2025-05-05 00:00:00+00:00,Starter Plus,starter,19.0,28,24,1757.578947368421,13,25.56,3.0,0.0,0.0,452.77,1
436,CoreOps,Finance,enterprise,India,2023-11-18 00:00:00+00:00,event,False,2024-03-12 16:26:32+00:00,Outgrew the platform,6.0,2026-03-22 03:05:22.902197+00:00,1.0,cancelled,annual,0.0,0.0,Missing features,2023-11-18 00:00:00+00:00,2024-03-12 00:00:00+00:00,Free,free,0.0,32,28,1753.5357142857142,12,28.25,5.0,2.0,4.0,632.1,1
437,Ultra IO,Healthcare,medium,Germany,2024-02-22 00:00:00+00:00,partner,True,,none,7.0,2026-03-22 03:05:22.902197+00:00,1.0,active,monthly,0.0,0.0,none,2024-02-22 00:00:00+00:00,,Free,free,0.0,21,16,1374.388888888889,12,18.98,7.0,0.0,3.5,310.08000000000004,0
438,EdgeIO,Marketing,small,United States,2023-03-29 00:00:00+00:00,referral,False,2024-12-31 07:38:17+00:00,Budget cuts,7.0,2026-03-22 03:05:22.902197+00:00,2.0,cancelled,monthly,9.0,25.0,none,2023-10-28 00:00:00+00:00,2024-12-31 00:00:00+00:00,Starter,starter,12.0,23,20,1686.8823529411766,14,22.22,3.0,0.0,3.0,587.63,1
439,Meta Works,E-commerce,medium,Australia,2025-02-23 00:00:00+00:00,organic,True,,none,9.0,2026-03-22 03:05:22.902197+00:00,4.0,active,monthly,39.0,0.0,none,2025-08-23 00:00:00+00:00,,Professional,professional,39.0,25,19,1705.0,12,22.58,8.0,0.0,3.5,1015.64,0
440,WaveIO,Manufacturing,medium,Japan,2023-08-25 00:00:00+00:00,organic,True,,none,3.0,2026-03-22 03:05:22.902197+00:00,7.0,active,monthly,199.0,0.0,none,2025-05-06 00:00:00+00:00,,Enterprise Custom,enterprise,199.0,18,16,1878.2,12,19.46,4.0,1.0,0.0,4725.16,0
441,LunaLogic,Marketing,small,Germany,2025-03-22 00:00:00+00:00,event,True,,none,7.0,2026-03-22 03:05:22.902197+00:00,1.0,active,monthly,0.0,10.0,none,2025-03-22 00:00:00+00:00,,Free,free,0.0,24,20,1981.1666666666667,11,23.3,4.0,1.0,0.0,1637.54,0
442,Warp AI,Manufacturing,small,Australia,2024-07-24 00:00:00+00:00,paid_ads,True,,none,7.0,2026-03-22 03:05:22.902197+00:00,4.0,active,monthly,39.0,0.0,none,2024-07-24 00:00:00+00:00,,Professional,professional,39.0,30,24,1987.44,11,26.92,5.0,0.0,4.0,2157.67,0
443,Trek Logic,Consulting,enterprise,United States,2024-05-02 00:00:00+00:00,event,True,,none,2.0,2026-03-22 03:05:22.902197+00:00,2.0,active,annual,8.5,15.0,none,2024-05-02 00:00:00+00:00,,Starter,starter,12.0,22,18,1681.1875,11,20.9,5.0,0.0,3.0,1501.1299999999999,0
444,NexusOps,Education,small,United States,2024-08-20 00:00:00+00:00,organic,False,2025-06-11 01:28:57+00:00,Budget cuts,2.0,2026-03-22 03:05:22.902197+00:00,4.0,expired,annual,32.5,0.0,Switched competitor,2024-08-20 00:00:00+00:00,2025-06-10 00:00:00+00:00,Professional,professional,39.0,24,19,1944.5714285714287,12,22.98,5.0,0.0,4.0,3500.46,1
445,Pulse Platform,E-commerce,large,Germany,2023-06-23 00:00:00+00:00,organic,False,2024-12-10 14:31:01+00:00,Too expensive,7.0,2026-03-22 03:05:22.902197+00:00,1.0,cancelled,monthly,0.0,0.0,Too expensive,2023-06-23 00:00:00+00:00,2023-11-12 00:00:00+00:00,Free,free,0.0,18,10,1925.0,10,17.62,7.0,2.0,3.6666666666666665,2174.0099999999998,1
446,RushLabs,Real Estate,small,India,2024-11-22 00:00:00+00:00,organic,True,,none,9.0,2026-03-22 03:05:22.902197+00:00,1.0,active,monthly,0.0,0.0,none,2025-06-27 00:00:00+00:00,,Free,free,0.0,30,20,1707.56,14,25.09,6.0,2.0,2.5,4984.29,0
447,Beam Software,Consulting,large,United States,2024-02-16 00:00:00+00:00,referral,True,,none,7.0,2026-03-22 03:05:22.902197+00:00,2.0,active,monthly,12.0,0.0,none,2024-02-16 00:00:00+00:00,,Starter,starter,12.0,35,31,1794.0,12,30.48,4.0,0.0,3.5,310.34000000000003,0
448,Vertex Analytics,Healthcare,medium,Japan,2023-11-04 00:00:00+00:00,organic,True,,none,5.0,2026-03-22 03:05:22.902197+00:00,2.0,active,annual,10.0,0.0,none,2023-11-04 00:00:00+00:00,,Starter,starter,12.0,23,19,1860.15,11,22.2,8.0,0.0,2.75,3045.3700000000003,0
449,QuarkGroup,Logistics,enterprise,Japan,2023-08-07 00:00:00+00:00,referral,True,,none,7.0,2026-03-22 03:05:22.902197+00:00,1.0,active,annual,0.0,0.0,none,2023-12-17 00:00:00+00:00,,Free,free,0.0,27,22,2184.15,11,25.78,6.0,0.0,0.0,1022.19,0
450,RushStack,Real Estate,enterprise,Australia,2023-09-04 00:00:00+00:00,organic,False,2025-03-19 07:02:29+00:00,none,2.0,2026-03-22 03:05:22.902197+00:00,2.0,cancelled,annual,8.5,15.0,Not using it,2023-09-04 00:00:00+00:00,2025-03-19 00:00:00+00:00,Starter,starter,12.0,26,18,1997.5,11,23.56,5.0,2.0,5.0,1103.64,1
451,Arc Analytics,Retail,small,Singapore,2023-07-16 00:00:00+00:00,organic,False,2024-12-09 09:47:29+00:00,Not enough users,10.0,2026-03-22 03:05:22.902197+00:00,1.0,cancelled,monthly,0.0,0.0,Too expensive,2023-07-16 00:00:00+00:00,2024-12-09 00:00:00+00:00,Free,free,0.0,20,15,2157.1111111111113,12,20.89,5.0,0.0,3.0,974.77,1
452,Rush Digital,Technology,small,Germany,2023-02-26 00:00:00+00:00,referral,True,,none,8.0,2026-03-22 03:05:22.902197+00:00,1.0,active,monthly,0.0,20.0,none,2024-03-28 00:00:00+00:00,,Free,free,0.0,18,13,2265.785714285714,10,19.65,9.0,1.0,4.333333333333333,1228.53,0
453,ArcStudio,Telecommunications,small,Australia,2025-08-13 00:00:00+00:00,partner,False,2025-10-06 10:45:19+00:00,Not enough users,7.0,2026-03-22 03:05:22.902197+00:00,5.0,cancelled,monthly,59.0,0.0,Company reorganization,2025-12-23 00:00:00+00:00,2025-10-06 00:00:00+00:00,Professional Plus,professional,59.0,25,21,2066.0,13,24.49,5.0,0.0,4.5,503.99,1
454,MistSystems,Marketing,small,Brazil,2023-04-20 00:00:00+00:00,organic,False,2024-07-19 11:51:59+00:00,Not enough users,7.0,2026-03-22 03:05:22.902197+00:00,1.0,cancelled,monthly,0.0,0.0,Budget cuts,2024-03-04 00:00:00+00:00,2024-07-19 00:00:00+00:00,Free,free,0.0,20,15,1647.2941176470588,9,18.89,4.0,1.0,3.0,386.8,1
455,HubWorks,Consulting,large,United Kingdom,2023-01-22 00:00:00+00:00,organic,True,,none,7.0,2026-03-22 03:05:22.902197+00:00,4.0,active,annual,32.5,0.0,none,2023-01-22 00:00:00+00:00,,Professional,professional,39.0,34,24,1636.9615384615386,14,27.66,10.0,0.0,1.3333333333333333,2959.74,0
456,VineOps,Technology,large,Singapore,2024-12-02 00:00:00+00:00,organic,False,2025-04-02 19:14:20+00:00,Not enough users,8.0,2026-03-22 03:05:22.902197+00:00,1.0,cancelled,monthly,0.0,0.0,Too expensive,2024-12-02 00:00:00+00:00,2025-04-02 00:00:00+00:00,Free,free,0.0,24,22,1643.125,11,22.78,7.0,1.0,5.0,832.75,1
457,Warp Platform,Education,small,United States,2023-10-08 00:00:00+00:00,referral,True,,none,7.0,2026-03-22 03:05:22.902197+00:00,1.0,active,annual,0.0,0.0,none,2023-10-08 00:00:00+00:00,,Free,free,0.0,23,18,1778.9473684210527,13,21.83,9.0,0.0,4.666666666666667,688.4300000000001,0
458,VertexNet,Telecommunications,enterprise,United States,2025-01-16 00:00:00+00:00,referral,True,,none,7.0,2026-03-22 03:05:22.902197+00:00,2.0,active,monthly,12.0,0.0,none,2025-01-16 00:00:00+00:00,,Starter,starter,12.0,23,19,1756.0,11,21.85,9.0,0.0,4.5,2704.62,0
459,SageLabs,Logistics,large,United States,2023-11-09 00:00:00+00:00,paid_ads,True,,none,4.0,2026-03-22 03:05:22.902197+00:00,6.0,active,annual,82.5,0.0,none,2023-11-09 00:00:00+00:00,,Enterprise,enterprise,99.0,19,15,1698.6153846153845,10,18.76,3.0,1.0,3.0,129.79,0
460,MistOps,Marketing,medium,Canada,2025-03-29 00:00:00+00:00,organic,True,,none,7.0,2026-03-22 03:05:22.902197+00:00,4.0,active,annual,32.5,0.0,none,2025-10-20 00:00:00+00:00,,Professional,professional,39.0,22,18,1868.8333333333333,11,21.53,6.0,1.0,4.0,631.32,0
461,Bolt Dynamics,Logistics,medium,Singapore,2024-09-24 00:00:00+00:00,organic,True,,none,3.0,2026-03-22 03:05:22.902197+00:00,5.0,active,monthly,59.0,0.0,none,2024-09-24 00:00:00+00:00,,Professional Plus,professional,59.0,27,22,1529.8636363636363,12,23.7,1.0,0.0,1.0,324.32,0
462,Trek Dev,Manufacturing,enterprise,Canada,2025-06-01 00:00:00+00:00,organic,True,,none,9.0,2026-03-22 03:05:22.902197+00:00,3.0,active,annual,15.83,0.0,none,2025-06-01 00:00:00+00:00,,Starter Plus,starter,19.0,28,22,1434.4347826086957,11,23.68,5.0,0.0,0.0,881.6,0
463,IonCorp,Real Estate,small,Germany,2025-09-26 00:00:00+00:00,partner,True,,none,7.0,2026-03-22 03:05:22.902197+00:00,2.0,active,annual,10.0,0.0,none,2025-09-26 00:00:00+00:00,,Starter,starter,12.0,20,12,1986.3529411764705,10,19.22,7.0,1.0,4.5,4870.25,0
464,Ion Works,Legal,medium,Singapore,2023-04-08 00:00:00+00:00,referral,True,,none,10.0,2026-03-22 03:05:22.902197+00:00,4.0,active,monthly,39.0,0.0,none,2023-04-08 00:00:00+00:00,,Professional,professional,39.0,22,20,1942.6666666666667,10,22.28,3.0,0.0,5.0,714.4200000000001,0
465,MistNet,Technology,small,Germany,2025-07-02 00:00:00+00:00,referral,True,,none,6.0,2026-03-22 03:05:22.902197+00:00,6.0,active,monthly,99.0,0.0,none,2025-10-24 00:00:00+00:00,,Enterprise,enterprise,99.0,14,11,2029.2222222222222,10,16.66,4.0,0.0,0.0,1881.5099999999998,0
466,Ultra Net,Media,medium,United States,2025-05-04 00:00:00+00:00,event,True,,none,7.0,2026-03-22 03:05:22.902197+00:00,3.0,active,monthly,19.0,0.0,none,2025-05-04 00:00:00+00:00,,Starter Plus,starter,19.0,23,17,1391.9375,13,20.24,9.0,0.0,4.0,1356.3400000000001,0
467,NexusHub,Media,small,Australia,2025-08-03 00:00:00+00:00,organic,True,,none,7.0,2026-03-22 03:05:22.902197+00:00,2.0,active,monthly,12.0,0.0,none,2025-08-03 00:00:00+00:00,,Starter,starter,12.0,31,26,2031.095238095238,14,28.37,3.0,0.0,4.0,3070.1499999999996,0
468,Drift Corp,Healthcare,medium,United States,2025-05-16 00:00:00+00:00,partner,True,,none,6.0,2026-03-22 03:05:22.902197+00:00,4.0,active,monthly,39.0,0.0,none,2025-05-16 00:00:00+00:00,,Professional,professional,39.0,24,22,1606.0,11,22.65,7.0,1.0,0.0,1304.29,0
469,SyncSolutions,Legal,medium,Germany,2024-08-07 00:00:00+00:00,referral,False,2024-11-04 16:19:00+00:00,Missing features,7.0,2026-03-22 03:05:22.902197+00:00,5.0,cancelled,annual,49.17,0.0,Budget cuts,2024-11-15 00:00:00+00:00,2024-11-04 00:00:00+00:00,Professional Plus,professional,59.0,31,23,1993.5652173913043,12,27.15,3.0,0.0,2.0,988.14,1
470,Rift Systems,Manufacturing,small,Brazil,2025-09-05 00:00:00+00:00,organic,True,,none,7.0,2026-03-22 03:05:22.902197+00:00,1.0,active,annual,0.0,0.0,none,2025-09-05 00:00:00+00:00,,Free,free,0.0,24,15,2019.952380952381,12,22.03,3.0,0.0,3.0,1219.05,0
471,CloudStack,Consulting,small,France,2023-10-17 00:00:00+00:00,organic,True,,none,2.0,2026-03-22 03:05:22.902197+00:00,2.0,active,monthly,12.0,0.0,none,2023-10-17 00:00:00+00:00,,Starter,starter,12.0,22,20,1943.9473684210527,11,22.38,8.0,0.0,0.0,2936.0,0
472,Pulse Hub,Retail,medium,United States,2025-09-04 00:00:00+00:00,organic,True,,none,7.0,2026-03-22 03:05:22.902197+00:00,4.0,active,annual,26.0,20.0,none,2025-09-04 00:00:00+00:00,,Professional,professional,39.0,24,20,2143.85,10,23.75,4.0,0.0,5.0,715.66,0
473,VineCloud,Real Estate,small,India,2024-02-02 00:00:00+00:00,organic,True,,none,7.0,2026-03-22 03:05:22.902197+00:00,3.0,active,monthly,19.0,0.0,none,2024-02-02 00:00:00+00:00,,Starter Plus,starter,19.0,33,21,1819.9310344827586,14,26.97,2.0,0.0,0.0,129.5,0
474,Onyx Corp,Healthcare,small,Japan,2024-06-23 00:00:00+00:00,organic,True,,none,6.0,2026-03-22 03:05:22.902197+00:00,2.0,active,annual,10.0,0.0,none,2024-06-23 00:00:00+00:00,,Starter,starter,12.0,22,19,1996.3125,12,22.35,7.0,1.0,4.0,966.0899999999999,0
475,IonOps,Retail,small,Japan,2024-06-06 00:00:00+00:00,event,True,,none,8.0,2026-03-22 03:05:22.902197+00:00,5.0,paused,annual,49.17,0.0,none,2025-01-19 00:00:00+00:00,,Professional Plus,professional,59.0,22,15,2226.8,10,21.72,3.0,1.0,4.5,898.5899999999999,0
476,WaveAnalytics,Insurance,medium,United States,2023-02-16 00:00:00+00:00,referral,False,2024-06-22 09:06:13+00:00,Company closed,3.0,2026-03-22 03:05:22.902197+00:00,2.0,cancelled,monthly,12.0,0.0,Budget cuts,2023-02-16 00:00:00+00:00,2024-06-22 00:00:00+00:00,Starter,starter,12.0,22,15,1442.2222222222222,12,19.31,8.0,1.0,5.0,1503.03,1
477,Vine Group,Education,enterprise,Singapore,2024-05-03 00:00:00+00:00,referral,True,,none,8.0,2026-03-22 03:05:22.902197+00:00,2.0,active,monthly,12.0,0.0,none,2024-05-03 00:00:00+00:00,,Starter,starter,12.0,23,18,1729.5882352941176,10,21.37,3.0,1.0,4.0,1398.24,0
478,TidalGroup,Real Estate,small,France,2023-01-15 00:00:00+00:00,organic,False,2023-03-10 16:14:41+00:00,none,7.0,2026-03-22 03:05:22.902197+00:00,2.0,cancelled,monthly,12.0,0.0,Not using it,2023-01-15 00:00:00+00:00,2023-03-10 00:00:00+00:00,Starter,starter,12.0,25,22,1827.6315789473683,11,23.79,10.0,0.0,5.0,92.59,1
479,NovaIO,Logistics,small,Australia,2024-04-19 00:00:00+00:00,referral,False,2025-04-11 16:23:55+00:00,Too expensive,8.0,2026-03-22 03:05:22.902197+00:00,7.0,cancelled,monthly,199.0,0.0,Switched competitor,2024-12-02 00:00:00+00:00,2025-04-11 00:00:00+00:00,Enterprise Custom,enterprise,199.0,29,24,2168.5238095238096,13,27.33,8.0,1.0,5.0,914.62,1
480,Zen AI,Marketing,small,United States,2024-09-02 00:00:00+00:00,organic,True,,none,7.0,2026-03-22 03:05:22.902197+00:00,6.0,active,monthly,99.0,0.0,none,2024-09-02 00:00:00+00:00,,Enterprise,enterprise,99.0,33,28,1600.96,12,28.14,3.0,0.0,5.0,334.25,0
481,FluxLogic,Real Estate,large,Brazil,2024-03-08 00:00:00+00:00,organic,True,,none,6.0,2026-03-22 03:05:22.902197+00:00,6.0,active,monthly,99.0,0.0,none,2025-02-07 00:00:00+00:00,,Enterprise,enterprise,99.0,17,12,1581.1875,8,16.47,2.0,0.0,0.0,643.36,0
482,EchoSystems,Logistics,small,Canada,2024-03-24 00:00:00+00:00,organic,True,,none,10.0,2026-03-22 03:05:22.902197+00:00,4.0,active,monthly,39.0,0.0,none,2024-08-15 00:00:00+00:00,,Professional,professional,39.0,31,25,1973.076923076923,12,27.68,9.0,2.0,3.0,378.71999999999997,0
483,IonCloud,Manufacturing,medium,Singapore,2023-10-17 00:00:00+00:00,paid_ads,True,,none,7.0,2026-03-22 03:05:22.902197+00:00,1.0,cancelled,monthly,0.0,0.0,Too expensive,2023-10-17 00:00:00+00:00,2024-05-03 00:00:00+00:00,Free,free,0.0,16,12,1585.8181818181818,10,16.29,1.0,0.0,0.0,1801.33,0
484,GridCorp,Consulting,small,United Kingdom,2023-06-28 00:00:00+00:00,organic,True,,none,7.0,2026-03-22 03:05:22.902197+00:00,1.0,expired,monthly,0.0,0.0,Company reorganization,2023-06-28 00:00:00+00:00,2023-10-21 00:00:00+00:00,Free,free,0.0,26,21,1938.3684210526317,12,24.36,7.0,3.0,2.5,998.7,0
485,EdgeWorks,Real Estate,small,United States,2025-02-27 00:00:00+00:00,referral,True,,none,4.0,2026-03-22 03:05:22.902197+00:00,5.0,active,annual,49.17,0.0,none,2025-10-12 00:00:00+00:00,,Professional Plus,professional,59.0,27,19,1824.695652173913,11,23.68,4.0,2.0,0.0,1907.45,0
486,TrekAI,Consulting,enterprise,Canada,2025-05-28 00:00:00+00:00,organic,True,,none,7.0,2026-03-22 03:05:22.902197+00:00,6.0,active,monthly,99.0,0.0,none,2025-08-08 00:00:00+00:00,,Enterprise,enterprise,99.0,24,16,1791.5,13,21.67,5.0,0.0,4.0,848.53,0
487,Hub Software,Telecommunications,small,United States,2023-04-12 00:00:00+00:00,referral,False,2024-11-27 01:05:41+00:00,Company closed,7.0,2026-03-22 03:05:22.902197+00:00,3.0,cancelled,annual,15.83,0.0,Company reorganization,2023-04-12 00:00:00+00:00,2024-11-27 00:00:00+00:00,Starter Plus,starter,19.0,26,19,1823.7272727272727,13,23.48,2.0,0.0,0.0,2939.44,1
488,MetaHQ,Insurance,enterprise,United States,2023-09-30 00:00:00+00:00,organic,True,,none,7.0,2026-03-22 03:05:22.902197+00:00,1.0,active,monthly,0.0,0.0,none,2023-09-30 00:00:00+00:00,,Free,free,0.0,20,16,1840.4666666666667,10,19.93,6.0,0.0,3.0,4152.42,0
489,Warp Hub,Media,medium,United Kingdom,2024-06-12 00:00:00+00:00,paid_ads,True,,none,1.0,2026-03-22 03:05:22.902197+00:00,1.0,active,annual,0.0,15.0,none,2024-06-12 00:00:00+00:00,,Free,free,0.0,31,24,1733.52,12,26.58,4.0,1.0,4.0,3897.24,0
490,ZealLabs,Media,small,United States,2025-02-16 00:00:00+00:00,event,False,2025-05-15 14:58:31+00:00,Integration issues,4.0,2026-03-22 03:05:22.902197+00:00,7.0,cancelled,monthly,199.0,0.0,Missing features,2025-05-12 00:00:00+00:00,2025-05-15 00:00:00+00:00,Enterprise Custom,enterprise,199.0,27,22,1910.409090909091,11,24.87,10.0,1.0,4.0,899.5,1
491,ArcLogic,Legal,medium,Germany,2024-09-17 00:00:00+00:00,referral,True,,none,7.0,2026-03-22 03:05:22.902197+00:00,1.0,paused,annual,0.0,0.0,none,2025-09-03 00:00:00+00:00,,Free,free,0.0,21,17,1671.235294117647,10,20.07,4.0,0.0,5.0,3418.25,0
492,NexusGroup,Legal,small,Singapore,2024-02-04 00:00:00+00:00,paid_ads,True,,none,7.0,2026-03-22 03:05:22.902197+00:00,2.0,expired,annual,10.0,0.0,Not using it,2024-02-04 00:00:00+00:00,2024-07-22 00:00:00+00:00,Starter,starter,12.0,25,20,2189.9375,10,24.3,5.0,0.0,0.0,1226.35,0
493,Flow Dev,Media,small,Japan,2025-05-02 00:00:00+00:00,referral,True,,none,7.0,2026-03-22 03:05:22.902197+00:00,4.0,active,monthly,39.0,0.0,none,2025-08-09 00:00:00+00:00,,Professional,professional,39.0,23,16,1915.842105263158,13,21.69,8.0,1.0,4.0,2166.92,0
494,UnitAI,Education,large,Japan,2024-08-09 00:00:00+00:00,partner,True,,none,10.0,2026-03-22 03:05:22.902197+00:00,1.0,active,monthly,0.0,0.0,none,2024-11-29 00:00:00+00:00,,Free,free,0.0,30,20,1685.3333333333333,14,25.02,3.0,1.0,0.0,1066.3500000000001,0
495,Trek Ventures,Logistics,small,France,2025-04-22 00:00:00+00:00,organic,True,,none,4.0,2026-03-22 03:05:22.902197+00:00,4.0,active,monthly,39.0,0.0,none,2025-04-22 00:00:00+00:00,,Professional,professional,39.0,27,22,1696.4285714285713,13,24.35,3.0,0.0,3.5,953.75,0
496,Beam Digital,Consulting,small,Canada,2024-02-09 00:00:00+00:00,referral,True,,none,8.0,2026-03-22 03:05:22.902197+00:00,3.0,active,monthly,19.0,0.0,none,2024-02-09 00:00:00+00:00,,Starter Plus,starter,19.0,29,27,1714.7222222222222,12,26.62,8.0,1.0,3.5,1279.56,0
497,HiveSystems,Consulting,medium,United States,2024-02-23 00:00:00+00:00,referral,False,2025-01-05 01:34:54+00:00,Integration issues,3.0,2026-03-22 03:05:22.902197+00:00,1.0,cancelled,annual,0.0,0.0,Budget cuts,2024-02-23 00:00:00+00:00,2025-01-05 00:00:00+00:00,Free,free,0.0,27,16,1879.85,13,23.17,5.0,0.0,3.5,2975.69,1
498,XenonCloud,Education,small,Canada,2025-07-04 00:00:00+00:00,referral,True,,none,5.0,2026-03-22 03:05:22.902197+00:00,4.0,active,monthly,39.0,0.0,none,2025-11-03 00:00:00+00:00,,Professional,professional,39.0,26,18,1914.952380952381,14,23.58,4.0,1.0,5.0,6295.549999999999,0
499,AcmeSystems,Healthcare,enterprise,United States,2024-05-01 00:00:00+00:00,paid_ads,True,,none,7.0,2026-03-22 03:05:22.902197+00:00,2.0,active,monthly,12.0,0.0,none,2024-05-01 00:00:00+00:00,,Starter,starter,12.0,30,26,2021.25,12,27.74,6.0,1.0,0.0,954.4,0
500,WarpDigital,Consulting,enterprise,Canada,2024-11-11 00:00:00+00:00,organic,True,,none,10.0,2026-03-22 03:05:22.902197+00:00,5.0,active,annual,49.17,0.0,none,2024-11-11 00:00:00+00:00,,Professional Plus,professional,59.0,28,24,1589.32,13,25.0,3.0,0.0,1.0,733.86,0
501,Flow Solutions,Legal,small,Brazil,2023-03-29 00:00:00+00:00,partner,False,2025-08-16 17:02:52+00:00,Integration issues,7.0,2026-03-22 03:05:22.902197+00:00,1.0,cancelled,monthly,0.0,10.0,Not using it,2023-03-29 00:00:00+00:00,2025-08-16 00:00:00+00:00,Free,free,0.0,14,11,1783.4615384615386,11,15.94,5.0,2.0,4.0,1094.29,1
502,WarpIO,Technology,small,Singapore,2024-12-23 00:00:00+00:00,organic,True,,none,3.0,2026-03-22 03:05:22.902197+00:00,1.0,active,annual,0.0,20.0,none,2024-12-23 00:00:00+00:00,,Free,free,0.0,16,12,2023.923076923077,8,17.55,4.0,0.0,2.0,4849.139999999999,0
503,Bolt Works,Manufacturing,small,Australia,2024-07-08 00:00:00+00:00,event,False,2024-11-26 20:59:35+00:00,No longer needed,0.0,2026-03-22 03:05:22.902197+00:00,4.0,cancelled,monthly,39.0,0.0,Not using it,2025-09-24 00:00:00+00:00,2024-11-26 00:00:00+00:00,Professional,professional,39.0,27,24,1496.7777777777778,13,24.29,5.0,0.0,0.0,672.07,1
504,Nexus Works,Finance,small,France,2023-09-22 00:00:00+00:00,referral,True,,none,7.0,2026-03-22 03:05:22.902197+00:00,6.0,active,monthly,89.1,10.0,none,2024-06-26 00:00:00+00:00,,Enterprise,enterprise,99.0,21,15,1373.2,11,18.58,3.0,0.0,4.0,698.5,0
505,Mist Ventures,E-commerce,medium,Japan,2024-07-20 00:00:00+00:00,partner,True,,none,7.0,2026-03-22 03:05:22.902197+00:00,1.0,paused,monthly,0.0,0.0,none,2024-07-20 00:00:00+00:00,,Free,free,0.0,19,13,1975.25,10,19.08,7.0,0.0,4.5,449.53,0
506,BoltAnalytics,Real Estate,large,United States,2024-04-01 00:00:00+00:00,organic,False,2025-09-06 20:09:08+00:00,Outgrew the platform,10.0,2026-03-22 03:05:22.902197+00:00,2.0,cancelled,monthly,12.0,0.0,Switched competitor,2024-04-01 00:00:00+00:00,2025-09-06 00:00:00+00:00,Starter,starter,12.0,19,15,1749.2307692307693,10,18.93,9.0,0.0,3.3333333333333335,632.9200000000001,1
507,IrisSolutions,Media,medium,Japan,2025-09-22 00:00:00+00:00,organic,False,2025-10-22 17:31:38+00:00,Not enough users,1.0,2026-03-22 03:05:22.902197+00:00,3.0,cancelled,annual,14.25,10.0,none,2025-09-22 00:00:00+00:00,2025-10-22 00:00:00+00:00,Starter Plus,starter,19.0,22,18,1811.857142857143,10,21.24,2.0,0.0,4.0,913.49,1
508,Glow Cloud,Technology,small,France,2025-01-12 00:00:00+00:00,organic,True,,none,7.0,2026-03-22 03:05:22.902197+00:00,5.0,active,monthly,50.15,15.0,none,2025-01-12 00:00:00+00:00,,Professional Plus,professional,59.0,22,14,1753.2857142857142,10,19.84,7.0,1.0,4.0,1805.04,0
509,WarpNet,E-commerce,large,India,2023-05-17 00:00:00+00:00,organic,True,,none,7.0,2026-03-22 03:05:22.902197+00:00,5.0,active,monthly,59.0,0.0,none,2024-08-20 00:00:00+00:00,,Professional Plus,professional,59.0,22,17,1835.2666666666667,11,21.12,4.0,0.0,3.0,663.04,0
510,RiftSolutions,Telecommunications,large,France,2025-07-02 00:00:00+00:00,referral,True,,none,7.0,2026-03-22 03:05:22.902197+00:00,2.0,active,annual,10.0,0.0,none,2025-07-02 00:00:00+00:00,,Starter,starter,12.0,28,24,1593.5833333333333,13,25.01,9.0,0.0,3.3333333333333335,382.59,0
511,WaveLogic,Marketing,medium,United States,2025-08-16 00:00:00+00:00,event,False,2025-09-15 10:54:32+00:00,Missing features,7.0,2026-03-22 03:05:22.902197+00:00,1.0,cancelled,monthly,0.0,0.0,none,2025-08-16 00:00:00+00:00,2025-09-15 00:00:00+00:00,Free,free,0.0,31,22,1935.7826086956522,12,26.65,6.0,0.0,0.0,981.67,1
512,RiftNet,Healthcare,enterprise,Brazil,2023-02-07 00:00:00+00:00,partner,True,,none,7.0,2026-03-22 03:05:22.902197+00:00,2.0,active,annual,8.5,15.0,none,2023-02-07 00:00:00+00:00,,Starter,starter,12.0,30,23,1756.391304347826,13,26.05,7.0,3.0,3.6666666666666665,1773.11,0
513,AcmeSoftware,Logistics,medium,United States,2025-01-26 00:00:00+00:00,paid_ads,True,,none,7.0,2026-03-22 03:05:22.902197+00:00,1.0,active,annual,0.0,0.0,none,2025-01-26 00:00:00+00:00,,Free,free,0.0,23,17,1758.8125,13,21.46,3.0,0.0,0.0,700.89,0
514,Edge Digital,Education,medium,United Kingdom,2024-12-10 00:00:00+00:00,referral,True,,none,7.0,2026-03-22 03:05:22.902197+00:00,4.0,active,monthly,39.0,0.0,none,2024-12-10 00:00:00+00:00,,Professional,professional,39.0,19,16,2155.1875,9,20.48,5.0,1.0,0.0,1059.45,0
515,AcmeCorp,Logistics,small,India,2024-06-13 00:00:00+00:00,partner,True,,none,7.0,2026-03-22 03:05:22.902197+00:00,4.0,active,annual,32.5,0.0,none,2025-05-13 00:00:00+00:00,,Professional,professional,39.0,19,15,1850.2307692307693,12,19.47,7.0,0.0,5.0,1878.24,0
516,DataAnalytics,Media,medium,India,2025-01-25 00:00:00+00:00,referral,True,,none,7.0,2026-03-22 03:05:22.902197+00:00,5.0,active,annual,41.79,15.0,none,2025-06-06 00:00:00+00:00,,Professional Plus,professional,59.0,21,17,2560.866666666667,12,23.24,3.0,0.0,0.0,586.15,0
517,Tidal Tech,Logistics,large,United States,2023-09-11 00:00:00+00:00,organic,False,2024-04-13 03:20:15+00:00,Company closed,7.0,2026-03-22 03:05:22.902197+00:00,6.0,cancelled,monthly,99.0,0.0,Not using it,2025-02-18 00:00:00+00:00,2024-04-13 00:00:00+00:00,Enterprise,enterprise,99.0,27,25,1795.2173913043478,12,25.48,5.0,0.0,3.5,929.28,1
518,HivePlatform,Insurance,medium,Brazil,2023-03-04 00:00:00+00:00,referral,True,,none,10.0,2026-03-22 03:05:22.902197+00:00,3.0,active,monthly,19.0,0.0,none,2024-01-04 00:00:00+00:00,,Starter Plus,starter,19.0,25,22,1667.4285714285713,11,23.26,6.0,3.0,4.666666666666667,2587.6000000000004,0
519,IonAI,Consulting,small,Germany,2023-10-29 00:00:00+00:00,organic,True,,none,8.0,2026-03-22 03:05:22.902197+00:00,2.0,active,monthly,12.0,0.0,none,2023-10-29 00:00:00+00:00,,Starter,starter,12.0,24,21,1848.9545454545455,11,23.16,5.0,1.0,2.0,685.7,0
520,OrbitGroup,Real Estate,small,Canada,2024-10-28 00:00:00+00:00,referral,True,,none,7.0,2026-03-22 03:05:22.902197+00:00,4.0,active,annual,32.5,0.0,none,2024-10-28 00:00:00+00:00,,Professional,professional,39.0,26,20,1816.75,13,23.76,4.0,0.0,3.0,2552.94,0
521,HiveWorks,Healthcare,small,United States,2023-05-10 00:00:00+00:00,referral,True,,none,7.0,2026-03-22 03:05:22.902197+00:00,2.0,active,annual,10.0,0.0,none,2023-10-04 00:00:00+00:00,,Starter,starter,12.0,33,25,1884.1153846153845,13,28.28,6.0,1.0,4.0,677.4399999999999,0
522,GlowStack,Education,medium,Japan,2025-09-20 00:00:00+00:00,organic,False,2025-10-27 02:48:46+00:00,none,7.0,2026-03-22 03:05:22.902197+00:00,4.0,cancelled,monthly,35.1,10.0,Budget cuts,2025-11-20 00:00:00+00:00,2025-10-27 00:00:00+00:00,Professional,professional,39.0,24,18,2058.6,11,22.96,4.0,0.0,4.333333333333333,1019.6,1
523,PulseDev,Media,enterprise,United States,2023-12-16 00:00:00+00:00,referral,False,2025-01-18 12:09:28+00:00,none,7.0,2026-03-22 03:05:22.902197+00:00,2.0,cancelled,monthly,12.0,0.0,Missing features,2023-12-16 00:00:00+00:00,2025-01-18 00:00:00+00:00,Starter,starter,12.0,18,14,2094.6923076923076,9,19.28,2.0,0.0,0.0,214.04,1
524,LinkVentures,Real Estate,small,Australia,2025-07-31 00:00:00+00:00,partner,False,2025-09-20 15:41:10+00:00,none,4.0,2026-03-22 03:05:22.902197+00:00,1.0,cancelled,monthly,0.0,0.0,Too expensive,2025-07-31 00:00:00+00:00,2025-09-20 00:00:00+00:00,Free,free,0.0,32,25,2231.923076923077,13,29.04,3.0,0.0,5.0,4255.23,1
525,VertexPro,Manufacturing,small,United States,2024-03-26 00:00:00+00:00,partner,False,2025-07-23 21:59:08+00:00,none,10.0,2026-03-22 03:05:22.902197+00:00,6.0,cancelled,annual,82.5,0.0,Switched competitor,2025-05-10 00:00:00+00:00,2025-07-23 00:00:00+00:00,Enterprise,enterprise,99.0,23,20,2117.8333333333335,10,23.26,3.0,0.0,4.5,300.04,1
526,Quark Pro,Finance,small,Japan,2023-01-22 00:00:00+00:00,referral,True,,none,8.0,2026-03-22 03:05:22.902197+00:00,1.0,active,monthly,0.0,10.0,none,2023-01-22 00:00:00+00:00,,Free,free,0.0,24,21,1804.0666666666666,12,23.11,9.0,1.0,3.0,2629.99,0
527,VertexSoftware,E-commerce,small,India,2025-06-18 00:00:00+00:00,paid_ads,True,,none,10.0,2026-03-22 03:05:22.902197+00:00,5.0,active,annual,49.17,0.0,none,2025-06-18 00:00:00+00:00,,Professional Plus,professional,59.0,20,11,1985.2941176470588,12,19.12,2.0,0.0,0.0,497.83,0
528,MetaSoftware,Legal,small,India,2024-08-24 00:00:00+00:00,event,False,2025-05-09 11:57:49+00:00,none,1.0,2026-03-22 03:05:22.902197+00:00,1.0,cancelled,annual,0.0,0.0,Company reorganization,2024-08-24 00:00:00+00:00,2025-05-09 00:00:00+00:00,Free,free,0.0,21,20,1744.2631578947369,10,21.21,5.0,0.0,0.0,2404.77,1
529,IonDev,Telecommunications,medium,United Kingdom,2024-06-04 00:00:00+00:00,organic,True,,none,7.0,2026-03-22 03:05:22.902197+00:00,2.0,active,annual,10.0,0.0,none,2024-09-11 00:00:00+00:00,,Starter,starter,12.0,31,23,2365.076923076923,14,28.58,5.0,0.0,4.0,1092.57,0
530,FluxDev,Marketing,large,India,2024-02-15 00:00:00+00:00,organic,True,,none,7.0,2026-03-22 03:05:22.902197+00:00,2.0,active,monthly,9.0,25.0,none,2024-02-15 00:00:00+00:00,,Starter,starter,12.0,20,14,2224.5263157894738,11,20.72,2.0,0.0,0.0,2183.49,0
531,NovaPlatform,Consulting,enterprise,United Kingdom,2025-05-12 00:00:00+00:00,referral,True,,none,4.0,2026-03-22 03:05:22.902197+00:00,1.0,active,monthly,0.0,0.0,none,2025-05-12 00:00:00+00:00,,Free,free,0.0,21,16,1545.6875,11,19.45,4.0,0.0,3.5,3159.35,0
532,SyncHQ,E-commerce,medium,United States,2024-01-12 00:00:00+00:00,paid_ads,True,,none,7.0,2026-03-22 03:05:22.902197+00:00,2.0,active,annual,10.0,0.0,none,2024-01-12 00:00:00+00:00,,Starter,starter,12.0,20,18,1439.0666666666666,11,19.3,9.0,1.0,4.0,127.74000000000001,0
533,Edge Studio,Telecommunications,small,Germany,2023-04-11 00:00:00+00:00,organic,False,2024-11-20 14:36:17+00:00,Too expensive,2.0,2026-03-22 03:05:22.902197+00:00,2.0,cancelled,annual,8.0,20.0,Too expensive,2023-04-11 00:00:00+00:00,2024-11-20 00:00:00+00:00,Starter,starter,12.0,15,12,1471.857142857143,9,15.41,4.0,0.0,4.5,2502.98,1
534,QuarkCloud,Insurance,large,Germany,2023-01-09 00:00:00+00:00,organic,True,,none,6.0,2026-03-22 03:05:22.902197+00:00,5.0,active,monthly,59.0,0.0,none,2023-04-20 00:00:00+00:00,,Professional Plus,professional,59.0,26,19,1651.8695652173913,11,22.71,2.0,0.0,0.0,2124.13,0
535,ZenVentures,Technology,medium,Singapore,2025-02-06 00:00:00+00:00,referral,True,,none,8.0,2026-03-22 03:05:22.902197+00:00,5.0,active,annual,49.17,0.0,none,2025-04-13 00:00:00+00:00,,Professional Plus,professional,59.0,27,21,1936.1304347826087,12,24.75,7.0,1.0,1.0,649.52,0
536,UnitHQ,Healthcare,small,United Kingdom,2024-07-25 00:00:00+00:00,event,False,2024-12-09 22:13:11+00:00,Integration issues,7.0,2026-03-22 03:05:22.902197+00:00,6.0,cancelled,monthly,99.0,0.0,Missing features,2024-07-25 00:00:00+00:00,2024-12-09 00:00:00+00:00,Enterprise,enterprise,99.0,24,18,2097.5,13,23.29,6.0,0.0,0.0,1617.54,1
537,VineLabs,Logistics,enterprise,India,2024-12-08 00:00:00+00:00,organic,True,,none,1.0,2026-03-22 03:05:22.902197+00:00,2.0,active,monthly,12.0,0.0,none,2024-12-08 00:00:00+00:00,,Starter,starter,12.0,29,22,1859.0,13,25.7,3.0,0.0,5.0,2292.18,0
538,IonDigital,Marketing,medium,Singapore,2023-07-29 00:00:00+00:00,referral,True,,none,7.0,2026-03-22 03:05:22.902197+00:00,1.0,cancelled,annual,0.0,20.0,Switched competitor,2023-07-29 00:00:00+00:00,2024-03-12 00:00:00+00:00,Free,free,0.0,28,21,1810.4347826086957,11,24.63,9.0,2.0,0.0,2237.29,0
539,GridWorks,Consulting,large,Germany,2024-09-09 00:00:00+00:00,organic,True,,none,2.0,2026-03-22 03:05:22.902197+00:00,6.0,active,annual,82.5,0.0,none,2024-09-09 00:00:00+00:00,,Enterprise,enterprise,99.0,20,19,2175.4,10,21.95,10.0,1.0,3.8,745.77,0
540,Quest Dev,Healthcare,medium,United States,2023-04-24 00:00:00+00:00,organic,False,2025-03-03 23:34:29+00:00,Not enough users,7.0,2026-03-22 03:05:22.902197+00:00,1.0,cancelled,annual,0.0,10.0,none,2023-04-24 00:00:00+00:00,2025-03-03 00:00:00+00:00,Free,free,0.0,13,11,2083.9,7,16.15,3.0,0.0,4.0,3230.46,1
541,TidalCorp,Logistics,medium,United States,2024-04-14 00:00:00+00:00,referral,True,,none,4.0,2026-03-22 03:05:22.902197+00:00,3.0,cancelled,monthly,16.15,15.0,Missing features,2024-04-14 00:00:00+00:00,2024-11-15 00:00:00+00:00,Starter Plus,starter,19.0,24,19,2090.818181818182,13,23.57,8.0,0.0,4.0,1340.67,0
542,ZenGroup,Media,small,Brazil,2025-06-21 00:00:00+00:00,event,True,,none,9.0,2026-03-22 03:05:22.902197+00:00,1.0,active,monthly,0.0,0.0,none,2025-06-21 00:00:00+00:00,,Free,free,0.0,23,18,1712.1666666666667,8,21.11,2.0,0.0,0.0,785.73,0
543,Nexus Pro,Manufacturing,medium,Australia,2025-06-10 00:00:00+00:00,referral,False,2025-10-22 10:02:18+00:00,Poor support experience,7.0,2026-03-22 03:05:22.902197+00:00,5.0,cancelled,annual,49.17,0.0,Budget cuts,2025-10-04 00:00:00+00:00,2025-10-22 00:00:00+00:00,Professional Plus,professional,59.0,27,22,1464.2222222222222,13,23.58,10.0,1.0,3.75,315.39,1
544,SagePro,E-commerce,medium,Australia,2025-03-09 00:00:00+00:00,organic,True,,none,5.0,2026-03-22 03:05:22.902197+00:00,6.0,active,monthly,89.1,10.0,none,2025-09-04 00:00:00+00:00,,Enterprise,enterprise,99.0,32,26,1374.1363636363637,13,26.48,4.0,0.0,4.0,3740.8100000000004,0
545,Sage Ops,Legal,medium,Australia,2023-04-28 00:00:00+00:00,referral,True,,none,8.0,2026-03-22 03:05:22.902197+00:00,6.0,active,monthly,99.0,0.0,none,2023-04-28 00:00:00+00:00,,Enterprise,enterprise,99.0,27,21,1639.7619047619048,13,23.87,8.0,0.0,3.0,2396.06,0
546,Jade Ops,E-commerce,large,Canada,2024-09-13 00:00:00+00:00,referral,False,2025-02-04 05:37:36+00:00,Switched to competitor,2.0,2026-03-22 03:05:22.902197+00:00,6.0,cancelled,annual,82.5,0.0,Budget cuts,2025-09-24 00:00:00+00:00,2025-02-04 00:00:00+00:00,Enterprise,enterprise,99.0,26,18,1813.65,13,23.15,3.0,0.0,0.0,535.4300000000001,1
547,Trek AI,Telecommunications,large,Japan,2025-01-03 00:00:00+00:00,referral,True,,none,8.0,2026-03-22 03:05:22.902197+00:00,4.0,active,monthly,39.0,0.0,none,2025-04-21 00:00:00+00:00,,Professional,professional,39.0,28,22,1974.1304347826087,12,25.58,6.0,0.0,0.0,1343.04,0
548,Zeal Logic,Insurance,small,United Kingdom,2023-07-16 00:00:00+00:00,referral,True,,none,10.0,2026-03-22 03:05:22.902197+00:00,3.0,active,annual,15.83,0.0,none,2024-02-12 00:00:00+00:00,,Starter Plus,starter,19.0,21,17,1905.6315789473683,10,20.85,6.0,0.0,0.0,695.74,0
549,QuestSolutions,Technology,medium,Japan,2025-08-14 00:00:00+00:00,referral,True,,none,7.0,2026-03-22 03:05:22.902197+00:00,4.0,active,annual,32.5,0.0,none,2025-12-12 00:00:00+00:00,,Professional,professional,39.0,30,14,1826.5384615384614,12,23.49,8.0,0.0,4.0,648.55,0
550,Ultra Solutions,Technology,medium,Singapore,2023-10-13 00:00:00+00:00,partner,True,,none,2.0,2026-03-22 03:05:22.902197+00:00,2.0,active,monthly,12.0,0.0,none,2023-10-13 00:00:00+00:00,,Starter,starter,12.0,38,28,1768.5675675675675,13,30.8,5.0,1.0,3.0,2644.3199999999997,0
551,FluxSystems,Insurance,enterprise,Brazil,2025-09-22 00:00:00+00:00,organic,True,,none,4.0,2026-03-22 03:05:22.902197+00:00,3.0,active,annual,15.83,0.0,none,2026-01-21 00:00:00+00:00,,Starter Plus,starter,19.0,21,17,1805.4444444444443,10,20.52,6.0,0.0,0.0,1070.17,0
552,Bolt Group,Telecommunications,medium,Canada,2023-01-14 00:00:00+00:00,referral,True,,none,7.0,2026-03-22 03:05:22.902197+00:00,2.0,active,annual,10.0,0.0,none,2023-01-14 00:00:00+00:00,,Starter,starter,12.0,19,16,1532.5833333333333,11,18.61,7.0,3.0,5.0,3238.36,0
553,TidalPlatform,Insurance,small,Brazil,2023-07-29 00:00:00+00:00,referral,True,,none,9.0,2026-03-22 03:05:22.902197+00:00,2.0,active,monthly,12.0,0.0,none,2023-12-06 00:00:00+00:00,,Starter,starter,12.0,24,21,2188.3529411764707,13,24.49,3.0,0.0,0.0,311.37,0
554,Ultra Stack,Insurance,enterprise,United States,2023-08-23 00:00:00+00:00,organic,True,,none,5.0,2026-03-22 03:05:22.902197+00:00,5.0,active,annual,44.25,10.0,none,2023-08-23 00:00:00+00:00,,Professional Plus,professional,59.0,31,27,1982.2,12,28.31,5.0,0.0,4.5,392.84000000000003,0
555,QuestPlatform,Legal,large,United Kingdom,2024-05-18 00:00:00+00:00,paid_ads,False,2024-11-13 11:48:57+00:00,Too expensive,7.0,2026-03-22 03:05:22.902197+00:00,2.0,expired,annual,10.0,0.0,Switched competitor,2024-05-18 00:00:00+00:00,2025-03-27 00:00:00+00:00,Starter,starter,12.0,31,26,1909.0555555555557,14,27.96,13.0,0.0,4.0,598.07,1
556,Link Dynamics,Retail,enterprise,United Kingdom,2023-07-22 00:00:00+00:00,event,True,,none,5.0,2026-03-22 03:05:22.902197+00:00,2.0,expired,monthly,9.0,25.0,Switched competitor,2023-07-22 00:00:00+00:00,2023-12-18 00:00:00+00:00,Starter,starter,12.0,24,18,1582.55,10,21.28,2.0,0.0,0.0,853.04,0
557,KeenHQ,E-commerce,small,Canada,2024-09-16 00:00:00+00:00,referral,True,,none,7.0,2026-03-22 03:05:22.902197+00:00,1.0,active,monthly,0.0,15.0,none,2025-09-30 00:00:00+00:00,,Free,free,0.0,20,16,2165.8888888888887,11,21.12,4.0,0.0,4.0,419.39,0
558,FlowHub,Education,medium,Japan,2023-10-18 00:00:00+00:00,referral,True,,none,7.0,2026-03-22 03:05:22.902197+00:00,4.0,active,annual,29.25,10.0,none,2023-10-18 00:00:00+00:00,,Professional,professional,39.0,26,22,1812.7142857142858,12,24.24,6.0,1.0,5.0,2572.5,0
559,VertexDigital,E-commerce,small,United Kingdom,2025-08-05 00:00:00+00:00,organic,True,,none,9.0,2026-03-22 03:05:22.902197+00:00,5.0,active,monthly,59.0,0.0,none,2025-10-10 00:00:00+00:00,,Professional Plus,professional,59.0,28,23,1954.2173913043478,10,25.61,4.0,0.0,0.0,1222.05,0
560,FluxCloud,Real Estate,small,Australia,2025-09-07 00:00:00+00:00,organic,True,,none,7.0,2026-03-22 03:05:22.902197+00:00,3.0,active,annual,15.83,0.0,none,2025-09-07 00:00:00+00:00,,Starter Plus,starter,19.0,21,18,1234.6666666666667,12,19.12,6.0,2.0,3.25,3427.4300000000003,0
561,GlowNet,Legal,small,France,2023-02-05 00:00:00+00:00,organic,True,,none,8.0,2026-03-22 03:05:22.902197+00:00,2.0,active,monthly,12.0,0.0,none,2023-04-15 00:00:00+00:00,,Starter,starter,12.0,21,17,1446.2666666666667,10,19.32,4.0,1.0,2.0,2103.15,0
562,SageOps,Education,medium,Canada,2025-02-28 00:00:00+00:00,referral,False,2025-08-26 06:22:49+00:00,Budget cuts,7.0,2026-03-22 03:05:22.902197+00:00,2.0,cancelled,monthly,9.0,25.0,Not using it,2025-02-28 00:00:00+00:00,2025-08-26 00:00:00+00:00,Starter,starter,12.0,26,23,1748.0526315789473,11,24.23,3.0,1.0,1.0,1971.3700000000001,1
563,HiveSoftware,Finance,enterprise,Australia,2025-01-21 00:00:00+00:00,referral,True,,none,7.0,2026-03-22 03:05:22.902197+00:00,2.0,active,annual,10.0,0.0,none,2025-01-21 00:00:00+00:00,,Starter,starter,12.0,22,15,2319.4166666666665,11,22.13,2.0,0.0,0.0,3347.3199999999997,0
564,GridStack,Insurance,small,United States,2023-06-22 00:00:00+00:00,organic,True,,none,2.0,2026-03-22 03:05:22.902197+00:00,1.0,cancelled,monthly,0.0,0.0,Budget cuts,2023-06-22 00:00:00+00:00,2023-10-03 00:00:00+00:00,Free,free,0.0,29,25,2015.2916666666667,11,26.92,6.0,2.0,3.0,549.77,0
565,Xenon Solutions,Legal,small,United Kingdom,2023-07-10 00:00:00+00:00,partner,True,,none,7.0,2026-03-22 03:05:22.902197+00:00,2.0,active,annual,10.0,0.0,none,2023-07-10 00:00:00+00:00,,Starter,starter,12.0,17,14,1131.6153846153845,9,15.67,4.0,0.0,0.0,350.13,0
566,QuarkCorp,Telecommunications,medium,United States,2023-03-07 00:00:00+00:00,referral,True,,none,7.0,2026-03-22 03:05:22.902197+00:00,4.0,active,monthly,39.0,0.0,none,2023-05-25 00:00:00+00:00,,Professional,professional,39.0,20,12,1700.7058823529412,12,18.47,4.0,1.0,5.0,2380.2999999999997,0
567,Acme Ops,Real Estate,enterprise,United States,2025-02-18 00:00:00+00:00,organic,True,,none,9.0,2026-03-22 03:05:22.902197+00:00,3.0,active,monthly,19.0,0.0,none,2025-02-18 00:00:00+00:00,,Starter Plus,starter,19.0,13,9,1478.3,9,13.73,6.0,1.0,4.333333333333333,2629.82,0
568,VertexWorks,Marketing,large,Australia,2023-01-04 00:00:00+00:00,paid_ads,True,,none,7.0,2026-03-22 03:05:22.902197+00:00,1.0,active,annual,0.0,0.0,none,2023-10-28 00:00:00+00:00,,Free,free,0.0,25,21,1723.0,12,23.24,3.0,0.0,5.0,836.94,0
569,Hive Analytics,Legal,enterprise,United Kingdom,2024-11-07 00:00:00+00:00,organic,False,2025-08-11 19:16:25+00:00,Company closed,2.0,2026-03-22 03:05:22.902197+00:00,2.0,cancelled,monthly,10.2,15.0,none,2025-02-03 00:00:00+00:00,2025-08-11 00:00:00+00:00,Starter,starter,12.0,17,13,1700.3846153846155,11,17.47,2.0,0.0,0.0,2612.34,1
570,VineWorks,E-commerce,medium,Canada,2025-08-22 00:00:00+00:00,referral,True,,none,7.0,2026-03-22 03:05:22.902197+00:00,4.0,active,annual,32.5,0.0,none,2025-08-22 00:00:00+00:00,,Professional,professional,39.0,33,28,2198.4285714285716,13,30.23,8.0,1.0,3.5,857.27,0
571,Meta Net,Finance,enterprise,Japan,2023-03-31 00:00:00+00:00,referral,True,,none,7.0,2026-03-22 03:05:22.902197+00:00,4.0,active,annual,27.62,15.0,none,2023-03-31 00:00:00+00:00,,Professional,professional,39.0,20,18,1815.4444444444443,12,20.65,3.0,0.0,0.0,275.43,0
572,KiteHQ,Consulting,large,Japan,2025-01-02 00:00:00+00:00,partner,False,2025-06-07 19:12:28+00:00,Budget cuts,7.0,2026-03-22 03:05:22.902197+00:00,6.0,cancelled,annual,74.25,10.0,Company reorganization,2025-03-27 00:00:00+00:00,2025-06-07 00:00:00+00:00,Enterprise,enterprise,99.0,23,17,2245.3,13,23.08,9.0,1.0,4.6,848.29,1
573,UnitAnalytics,Telecommunications,large,United States,2024-12-09 00:00:00+00:00,referral,True,,none,8.0,2026-03-22 03:05:22.902197+00:00,5.0,active,annual,49.17,0.0,none,2024-12-09 00:00:00+00:00,,Professional Plus,professional,59.0,27,22,1826.0,13,24.79,5.0,1.0,4.0,3065.7099999999996,0
574,PeakWorks,Legal,large,France,2023-08-17 00:00:00+00:00,organic,True,,none,3.0,2026-03-22 03:05:22.902197+00:00,1.0,active,monthly,0.0,0.0,none,2023-08-17 00:00:00+00:00,,Free,free,0.0,23,19,1479.7777777777778,12,21.03,5.0,1.0,3.6666666666666665,2271.31,0
575,VineVentures,Legal,small,Brazil,2023-11-15 00:00:00+00:00,organic,False,2025-02-03 00:21:51+00:00,Missing features,7.0,2026-03-22 03:05:22.902197+00:00,6.0,cancelled,annual,82.5,0.0,Not using it,2024-04-26 00:00:00+00:00,2025-02-03 00:00:00+00:00,Enterprise,enterprise,99.0,28,24,1889.5,12,25.9,7.0,1.0,3.5,755.4,1
576,UltraHub,Logistics,enterprise,United States,2025-05-22 00:00:00+00:00,partner,True,,none,10.0,2026-03-22 03:05:22.902197+00:00,4.0,active,annual,32.5,0.0,none,2025-10-13 00:00:00+00:00,,Professional,professional,39.0,34,28,1737.8620689655172,13,29.09,7.0,0.0,4.0,3622.4399999999996,0
577,FluxOps,Real Estate,small,United States,2023-11-13 00:00:00+00:00,event,True,,none,7.0,2026-03-22 03:05:22.902197+00:00,7.0,active,annual,165.83,0.0,none,2024-05-30 00:00:00+00:00,,Enterprise Custom,enterprise,199.0,24,18,1870.5454545454545,13,22.54,4.0,0.0,5.0,1399.6699999999998,0
578,TrekVentures,Retail,small,Canada,2025-01-03 00:00:00+00:00,partner,True,,none,7.0,2026-03-22 03:05:22.902197+00:00,2.0,active,annual,10.0,0.0,none,2025-05-19 00:00:00+00:00,,Starter,starter,12.0,26,23,1905.0454545454545,12,24.85,8.0,2.0,4.0,5747.86,0
579,Zeal Solutions,Retail,medium,France,2024-07-15 00:00:00+00:00,organic,True,,none,7.0,2026-03-22 03:05:22.902197+00:00,4.0,active,annual,32.5,0.0,none,2024-10-20 00:00:00+00:00,,Professional,professional,39.0,27,19,2009.2083333333333,12,24.4,2.0,0.0,0.0,596.74,0
580,WarpLogic,Media,large,Germany,2023-05-15 00:00:00+00:00,organic,True,,none,7.0,2026-03-22 03:05:22.902197+00:00,6.0,active,annual,82.5,0.0,none,2024-02-21 00:00:00+00:00,,Enterprise,enterprise,99.0,23,23,1560.4117647058824,12,22.5,7.0,1.0,4.0,974.05,0
581,Sage IO,Education,small,United Kingdom,2025-05-26 00:00:00+00:00,paid_ads,True,,none,7.0,2026-03-22 03:05:22.902197+00:00,1.0,active,annual,0.0,0.0,none,2025-05-26 00:00:00+00:00,,Free,free,0.0,22,19,1988.857142857143,10,22.13,2.0,0.0,0.0,968.59,0
582,YieldCorp,Finance,small,United States,2024-08-30 00:00:00+00:00,partner,True,,none,9.0,2026-03-22 03:05:22.902197+00:00,1.0,active,annual,0.0,20.0,none,2024-08-30 00:00:00+00:00,,Free,free,0.0,26,20,1848.56,11,23.66,3.0,0.0,5.0,2729.0699999999997,0
583,Flux Cloud,Legal,medium,United States,2025-06-04 00:00:00+00:00,referral,True,,none,8.0,2026-03-22 03:05:22.902197+00:00,1.0,active,annual,0.0,0.0,none,2025-06-04 00:00:00+00:00,,Free,free,0.0,22,17,1684.7857142857142,11,20.62,4.0,0.0,4.5,1003.05,0
584,Flow Systems,Consulting,large,Singapore,2024-12-11 00:00:00+00:00,paid_ads,True,,none,7.0,2026-03-22 03:05:22.902197+00:00,4.0,active,annual,32.5,0.0,none,2025-06-03 00:00:00+00:00,,Professional,professional,39.0,29,24,2126.9583333333335,12,27.09,4.0,0.0,0.0,924.75,0
585,YieldIO,Legal,medium,Germany,2025-04-12 00:00:00+00:00,referral,True,,none,9.0,2026-03-22 03:05:22.902197+00:00,2.0,active,annual,10.0,0.0,none,2025-06-11 00:00:00+00:00,,Starter,starter,12.0,31,26,1715.3181818181818,13,27.22,2.0,0.0,4.0,2442.38,0
586,EdgeDev,Media,large,Singapore,2024-09-05 00:00:00+00:00,organic,True,,none,7.0,2026-03-22 03:05:22.902197+00:00,4.0,active,monthly,39.0,0.0,none,2024-09-05 00:00:00+00:00,,Professional,professional,39.0,28,24,1846.6666666666667,12,25.76,6.0,0.0,4.0,1459.3,0
587,Nova Stack,Finance,small,Japan,2025-09-16 00:00:00+00:00,organic,True,,none,10.0,2026-03-22 03:05:22.902197+00:00,4.0,paused,monthly,39.0,0.0,none,2025-11-15 00:00:00+00:00,,Professional,professional,39.0,21,16,1615.888888888889,10,19.59,3.0,0.0,5.0,836.28,0
588,QuestDynamics,Real Estate,medium,France,2023-08-03 00:00:00+00:00,organic,True,,none,7.0,2026-03-22 03:05:22.902197+00:00,2.0,expired,monthly,12.0,0.0,Switched competitor,2024-06-12 00:00:00+00:00,2025-04-29 00:00:00+00:00,Starter,starter,12.0,29,22,1654.3703703703704,12,24.91,3.0,0.0,0.0,4982.08,0
589,Tidal Software,Finance,medium,Japan,2024-07-17 00:00:00+00:00,organic,True,,none,10.0,2026-03-22 03:05:22.902197+00:00,1.0,cancelled,annual,0.0,0.0,Missing features,2024-07-17 00:00:00+00:00,2025-02-13 00:00:00+00:00,Free,free,0.0,18,15,1899.4375,11,19.13,8.0,1.0,4.0,2092.74,0
590,DriftTech,Logistics,medium,France,2024-12-14 00:00:00+00:00,paid_ads,True,,none,7.0,2026-03-22 03:05:22.902197+00:00,3.0,active,annual,15.83,0.0,none,2025-10-23 00:00:00+00:00,,Starter Plus,starter,19.0,31,24,1997.1304347826087,12,27.46,6.0,2.0,4.0,1201.9,0
591,ArcDigital,Insurance,medium,Australia,2024-07-15 00:00:00+00:00,organic,True,,none,3.0,2026-03-22 03:05:22.902197+00:00,2.0,active,annual,10.0,0.0,none,2025-08-17 00:00:00+00:00,,Starter,starter,12.0,29,26,1557.85,13,25.89,5.0,1.0,4.5,4324.83,0
592,HubSolutions,Telecommunications,small,Brazil,2024-07-18 00:00:00+00:00,organic,True,,none,2.0,2026-03-22 03:05:22.902197+00:00,1.0,active,monthly,0.0,0.0,none,2024-07-18 00:00:00+00:00,,Free,free,0.0,29,23,1876.64,13,26.06,2.0,0.0,1.0,493.25,0
593,Vine Ops,Insurance,medium,Japan,2024-12-31 00:00:00+00:00,organic,False,2025-03-20 01:50:18+00:00,No longer needed,5.0,2026-03-22 03:05:22.902197+00:00,1.0,cancelled,monthly,0.0,10.0,Not using it,2025-04-06 00:00:00+00:00,2025-03-20 00:00:00+00:00,Free,free,0.0,34,29,1651.6538461538462,11,28.91,5.0,0.0,3.5,2530.44,1
594,UnitStack,Legal,enterprise,United Kingdom,2025-03-28 00:00:00+00:00,partner,True,,none,10.0,2026-03-22 03:05:22.902197+00:00,6.0,active,annual,74.25,10.0,none,2025-10-04 00:00:00+00:00,,Enterprise,enterprise,99.0,19,14,1659.3333333333333,12,18.53,7.0,0.0,4.0,2329.4,0
595,FlowSolutions,Healthcare,large,Germany,2023-05-20 00:00:00+00:00,referral,True,,none,10.0,2026-03-22 03:05:22.902197+00:00,1.0,active,annual,0.0,10.0,none,2023-05-20 00:00:00+00:00,,Free,free,0.0,25,21,1799.2222222222222,14,23.7,7.0,0.0,4.0,3163.7999999999997,0
596,SageDynamics,E-commerce,large,Singapore,2024-11-21 00:00:00+00:00,partner,True,,none,7.0,2026-03-22 03:05:22.902197+00:00,1.0,active,monthly,0.0,0.0,none,2024-11-21 00:00:00+00:00,,Free,free,0.0,25,21,2326.8947368421054,10,25.06,6.0,2.0,4.666666666666667,1629.6,0
597,LunaTech,Finance,medium,India,2024-11-26 00:00:00+00:00,referral,True,,none,9.0,2026-03-22 03:05:22.902197+00:00,5.0,active,annual,49.17,0.0,none,2024-11-26 00:00:00+00:00,,Professional Plus,professional,59.0,23,19,1588.3684210526317,13,21.49,4.0,0.0,2.5,1623.85,0
598,SyncCloud,Education,small,United States,2025-09-09 00:00:00+00:00,organic,True,,none,7.0,2026-03-22 03:05:22.902197+00:00,6.0,active,monthly,99.0,0.0,none,2026-01-08 00:00:00+00:00,,Enterprise,enterprise,99.0,31,25,1933.7931034482758,10,27.35,8.0,1.0,5.0,3135.69,0
599,DriftGroup,Technology,small,United States,2025-01-09 00:00:00+00:00,referral,False,2025-06-25 16:28:50+00:00,Too expensive,3.0,2026-03-22 03:05:22.902197+00:00,4.0,cancelled,monthly,39.0,0.0,Switched competitor,2025-01-09 00:00:00+00:00,2025-06-25 00:00:00+00:00,Professional,professional,39.0,17,13,2331.923076923077,9,19.37,5.0,0.0,2.0,1294.5900000000001,1
600,HiveDev,Manufacturing,small,Canada,2023-11-03 00:00:00+00:00,event,True,,none,7.0,2026-03-22 03:05:22.902197+00:00,2.0,active,annual,10.0,0.0,none,2023-11-03 00:00:00+00:00,,Starter,starter,12.0,23,19,1669.95,12,21.67,8.0,0.0,3.6666666666666665,239.35,0
601,GridHQ,Consulting,small,United States,2023-10-19 00:00:00+00:00,organic,False,2024-09-19 10:52:14+00:00,Budget cuts,7.0,2026-03-22 03:05:22.902197+00:00,1.0,cancelled,annual,0.0,0.0,Missing features,2023-10-19 00:00:00+00:00,2024-09-19 00:00:00+00:00,Free,free,0.0,23,13,1618.5333333333333,11,19.6,8.0,1.0,5.0,1542.33,1
602,Echo Ops,Education,small,Australia,2025-02-21 00:00:00+00:00,organic,True,,none,9.0,2026-03-22 03:05:22.902197+00:00,2.0,active,annual,10.0,0.0,none,2025-10-13 00:00:00+00:00,,Starter,starter,12.0,22,19,1622.7058823529412,12,21.11,4.0,1.0,4.0,744.74,0
603,IonSystems,Insurance,small,United States,2025-04-29 00:00:00+00:00,organic,True,,none,7.0,2026-03-22 03:05:22.902197+00:00,2.0,active,annual,10.0,0.0,none,2025-09-08 00:00:00+00:00,,Starter,starter,12.0,30,24,1936.75,13,26.96,11.0,3.0,3.5,1041.16,0
604,Jet Pro,Media,small,United Kingdom,2024-03-15 00:00:00+00:00,paid_ads,False,2025-10-14 17:23:08+00:00,none,7.0,2026-03-22 03:05:22.902197+00:00,6.0,cancelled,monthly,99.0,0.0,Company reorganization,2024-11-12 00:00:00+00:00,2025-10-14 00:00:00+00:00,Enterprise,enterprise,99.0,27,22,1898.5416666666667,13,25.03,1.0,0.0,5.0,756.4200000000001,1
605,BeamLabs,Healthcare,enterprise,United States,2024-03-12 00:00:00+00:00,event,True,,none,8.0,2026-03-22 03:05:22.902197+00:00,1.0,active,monthly,0.0,0.0,none,2024-03-12 00:00:00+00:00,,Free,free,0.0,20,18,1879.0,13,20.96,5.0,0.0,3.0,2784.68,0
606,HubAnalytics,Marketing,large,Australia,2025-02-01 00:00:00+00:00,referral,True,,none,6.0,2026-03-22 03:05:22.902197+00:00,5.0,active,monthly,59.0,0.0,none,2025-02-01 00:00:00+00:00,,Professional Plus,professional,59.0,25,20,1793.0434782608695,10,22.98,7.0,0.0,3.5,341.25,0
607,Flux Studio,Marketing,small,United States,2025-01-29 00:00:00+00:00,organic,True,,none,7.0,2026-03-22 03:05:22.902197+00:00,2.0,active,monthly,12.0,0.0,none,2025-07-18 00:00:00+00:00,,Starter,starter,12.0,28,23,1609.5,10,24.47,2.0,0.0,5.0,505.54999999999995,0
608,Link Logic,Healthcare,small,United States,2024-04-01 00:00:00+00:00,organic,True,,none,8.0,2026-03-22 03:05:22.902197+00:00,1.0,active,monthly,0.0,10.0,none,2024-04-01 00:00:00+00:00,,Free,free,0.0,20,13,1548.2857142857142,12,18.26,8.0,0.0,3.5,831.64,0
609,TidalPro,Insurance,small,Japan,2025-07-01 00:00:00+00:00,organic,True,,none,7.0,2026-03-22 03:05:22.902197+00:00,1.0,active,monthly,0.0,0.0,none,2025-07-01 00:00:00+00:00,,Free,free,0.0,32,23,1463.5416666666667,13,25.88,3.0,1.0,5.0,2203.84,0
610,Arc Dev,Telecommunications,medium,United States,2024-08-02 00:00:00+00:00,referral,False,2025-01-26 17:24:56+00:00,none,7.0,2026-03-22 03:05:22.902197+00:00,6.0,cancelled,monthly,99.0,0.0,none,2025-06-19 00:00:00+00:00,2025-01-26 00:00:00+00:00,Enterprise,enterprise,99.0,26,23,1737.4782608695652,13,24.39,3.0,0.0,5.0,536.48,1
611,RiftDynamics,Healthcare,small,Canada,2023-07-31 00:00:00+00:00,referral,False,2024-05-04 13:20:46+00:00,Integration issues,5.0,2026-03-22 03:05:22.902197+00:00,1.0,cancelled,monthly,0.0,0.0,none,2023-07-31 00:00:00+00:00,2024-05-04 00:00:00+00:00,Free,free,0.0,28,20,1894.7,10,24.52,10.0,1.0,4.0,1712.31,1
612,Hub Solutions,E-commerce,small,Japan,2023-10-04 00:00:00+00:00,partner,True,,none,10.0,2026-03-22 03:05:22.902197+00:00,2.0,active,monthly,12.0,0.0,none,2024-07-28 00:00:00+00:00,,Starter,starter,12.0,26,22,1786.8823529411766,12,24.16,2.0,0.0,5.0,1256.63,0
613,MistStudio,Legal,medium,Germany,2024-10-02 00:00:00+00:00,partner,True,,none,7.0,2026-03-22 03:05:22.902197+00:00,4.0,active,monthly,39.0,0.0,none,2025-11-09 00:00:00+00:00,,Professional,professional,39.0,33,25,1673.851851851852,12,27.48,4.0,0.0,0.0,1514.21,0
614,QuestHub,Real Estate,small,France,2025-04-16 00:00:00+00:00,organic,True,,none,5.0,2026-03-22 03:05:22.902197+00:00,2.0,active,monthly,9.6,20.0,none,2025-04-16 00:00:00+00:00,,Starter,starter,12.0,23,17,1679.2,12,21.1,7.0,0.0,4.25,339.64,0
615,Unit Corp,Marketing,small,Canada,2024-05-17 00:00:00+00:00,event,True,,none,6.0,2026-03-22 03:05:22.902197+00:00,2.0,active,monthly,12.0,0.0,none,2024-05-17 00:00:00+00:00,,Starter,starter,12.0,22,16,1869.9444444444443,11,20.93,2.0,0.0,5.0,2882.93,0
616,KiteSolutions,Logistics,medium,United Kingdom,2024-06-23 00:00:00+00:00,referral,False,2024-08-01 03:45:14+00:00,Integration issues,2.0,2026-03-22 03:05:22.902197+00:00,7.0,cancelled,annual,165.83,0.0,Not using it,2025-02-10 00:00:00+00:00,2024-08-01 00:00:00+00:00,Enterprise Custom,enterprise,199.0,26,19,2202.8947368421054,12,24.64,8.0,1.0,3.0,743.6700000000001,1
617,AcmeHub,Telecommunications,small,United States,2025-09-16 00:00:00+00:00,organic,False,2025-10-18 13:56:48+00:00,Outgrew the platform,7.0,2026-03-22 03:05:22.902197+00:00,1.0,cancelled,monthly,0.0,0.0,Too expensive,2025-11-15 00:00:00+00:00,2025-10-18 00:00:00+00:00,Free,free,0.0,18,17,2522.818181818182,10,21.71,8.0,0.0,3.0,473.17,1
618,Echo Hub,Real Estate,medium,United States,2024-10-04 00:00:00+00:00,event,True,,none,2.0,2026-03-22 03:05:22.902197+00:00,3.0,active,monthly,19.0,0.0,none,2024-10-04 00:00:00+00:00,,Starter Plus,starter,19.0,14,11,1939.3333333333333,9,16.26,3.0,1.0,0.0,470.31,0
619,Orbit Labs,E-commerce,medium,Australia,2025-01-02 00:00:00+00:00,referral,True,,none,4.0,2026-03-22 03:05:22.902197+00:00,3.0,active,monthly,15.2,20.0,none,2025-03-03 00:00:00+00:00,,Starter Plus,starter,19.0,23,17,1674.5882352941176,11,20.98,4.0,0.0,5.0,820.23,0
620,OrbitSystems,Education,small,United States,2024-09-11 00:00:00+00:00,organic,False,2025-03-26 11:06:22+00:00,Outgrew the platform,1.0,2026-03-22 03:05:22.902197+00:00,3.0,cancelled,annual,15.83,0.0,Switched competitor,2025-01-02 00:00:00+00:00,2025-03-26 00:00:00+00:00,Starter Plus,starter,19.0,22,20,1457.2666666666667,9,20.56,9.0,1.0,4.0,2235.75,1
621,NexusCloud,Healthcare,small,Canada,2025-06-01 00:00:00+00:00,organic,True,,none,8.0,2026-03-22 03:05:22.902197+00:00,2.0,active,monthly,12.0,0.0,none,2025-10-03 00:00:00+00:00,,Starter,starter,12.0,19,17,1736.8235294117646,12,19.69,6.0,0.0,2.5,3558.33,0
622,JetLogic,Insurance,enterprise,Canada,2023-11-27 00:00:00+00:00,organic,True,,none,7.0,2026-03-22 03:05:22.902197+00:00,1.0,active,monthly,0.0,0.0,none,2023-11-27 00:00:00+00:00,,Free,free,0.0,26,19,2169.2,14,24.73,4.0,1.0,0.0,179.34,0
623,FluxCorp,Manufacturing,medium,Singapore,2024-07-16 00:00:00+00:00,partner,True,,none,8.0,2026-03-22 03:05:22.902197+00:00,6.0,expired,annual,74.25,10.0,Company reorganization,2024-07-16 00:00:00+00:00,2025-05-16 00:00:00+00:00,Enterprise,enterprise,99.0,38,30,1638.03125,14,31.06,6.0,1.0,4.5,1512.8,0
624,ArcDev,Legal,enterprise,France,2023-01-18 00:00:00+00:00,referral,True,,none,4.0,2026-03-22 03:05:22.902197+00:00,1.0,active,monthly,0.0,0.0,none,2023-01-18 00:00:00+00:00,,Free,free,0.0,19,17,1421.157894736842,11,18.54,4.0,0.0,3.0,787.68,0
625,DataStudio,Retail,enterprise,United States,2025-04-27 00:00:00+00:00,referral,True,,none,7.0,2026-03-22 03:05:22.902197+00:00,6.0,active,monthly,89.1,10.0,none,2025-04-27 00:00:00+00:00,,Enterprise,enterprise,99.0,20,15,2371.625,8,21.21,2.0,0.0,0.0,394.34,0
626,Unit Labs,Legal,medium,India,2025-06-10 00:00:00+00:00,organic,False,2025-08-07 12:32:29+00:00,Company closed,1.0,2026-03-22 03:05:22.902197+00:00,2.0,cancelled,monthly,12.0,0.0,Company reorganization,2025-06-10 00:00:00+00:00,2025-08-07 00:00:00+00:00,Starter,starter,12.0,28,23,1645.45,12,24.78,3.0,1.0,5.0,583.64,1
627,Luna IO,Legal,small,France,2024-10-22 00:00:00+00:00,organic,True,,none,4.0,2026-03-22 03:05:22.902197+00:00,2.0,active,monthly,12.0,0.0,none,2025-01-13 00:00:00+00:00,,Starter,starter,12.0,33,27,1752.7407407407406,13,28.44,4.0,0.0,0.0,2269.17,0
628,Kite Labs,Manufacturing,enterprise,Australia,2024-12-27 00:00:00+00:00,event,True,,none,7.0,2026-03-22 03:05:22.902197+00:00,3.0,active,annual,14.25,10.0,none,2024-12-27 00:00:00+00:00,,Starter Plus,starter,19.0,27,22,1463.1818181818182,11,23.38,1.0,1.0,0.0,1824.1100000000001,0
629,FlowDev,Finance,large,United Kingdom,2023-03-21 00:00:00+00:00,organic,True,,none,6.0,2026-03-22 03:05:22.902197+00:00,6.0,active,annual,82.5,0.0,none,2023-10-01 00:00:00+00:00,,Enterprise,enterprise,99.0,28,24,1652.1176470588234,14,25.31,3.0,0.0,4.0,471.8,0
630,Xenon Stack,Manufacturing,small,Germany,2023-10-16 00:00:00+00:00,event,False,2024-02-05 16:38:34+00:00,Switched to competitor,0.0,2026-03-22 03:05:22.902197+00:00,4.0,cancelled,monthly,39.0,0.0,Company reorganization,2024-10-02 00:00:00+00:00,2024-02-05 00:00:00+00:00,Professional,professional,39.0,24,21,1745.0,10,22.72,9.0,0.0,4.0,3089.3,1
631,Cloud Platform,Education,small,Brazil,2023-04-06 00:00:00+00:00,event,True,,none,6.0,2026-03-22 03:05:22.902197+00:00,3.0,expired,monthly,19.0,0.0,Missing features,2023-04-06 00:00:00+00:00,2023-06-17 00:00:00+00:00,Starter Plus,starter,19.0,27,23,1402.7272727272727,12,23.58,2.0,0.0,0.0,2879.2799999999997,0
632,Warp Logic,Legal,small,United States,2025-04-06 00:00:00+00:00,referral,True,,none,9.0,2026-03-22 03:05:22.902197+00:00,2.0,active,monthly,12.0,0.0,none,2025-04-06 00:00:00+00:00,,Starter,starter,12.0,26,22,1470.0,13,23.2,4.0,0.0,3.0,1068.31,0
633,Jet Ops,Consulting,small,Singapore,2023-06-14 00:00:00+00:00,organic,True,,none,10.0,2026-03-22 03:05:22.902197+00:00,2.0,active,annual,8.0,20.0,none,2023-09-24 00:00:00+00:00,,Starter,starter,12.0,20,12,1906.6,10,18.96,4.0,0.0,0.0,1502.2999999999997,0
634,CoreDigital,Marketing,medium,Australia,2024-09-13 00:00:00+00:00,referral,False,2024-12-11 04:29:02+00:00,Integration issues,7.0,2026-03-22 03:05:22.902197+00:00,4.0,cancelled,monthly,39.0,0.0,none,2024-09-13 00:00:00+00:00,2024-12-11 00:00:00+00:00,Professional,professional,39.0,30,27,1956.2173913043478,12,27.82,7.0,0.0,3.0,1697.83,1
635,Tidal Dynamics,Retail,enterprise,United States,2023-10-14 00:00:00+00:00,referral,True,,none,2.0,2026-03-22 03:05:22.902197+00:00,1.0,active,annual,0.0,0.0,none,2023-10-14 00:00:00+00:00,,Free,free,0.0,25,20,1893.0526315789473,12,23.51,8.0,1.0,0.0,984.49,0
636,QuarkIO,Insurance,medium,Singapore,2024-02-15 00:00:00+00:00,paid_ads,True,,none,7.0,2026-03-22 03:05:22.902197+00:00,2.0,active,monthly,12.0,0.0,none,2024-02-15 00:00:00+00:00,,Starter,starter,12.0,16,14,2231.733333333333,9,18.94,5.0,0.0,5.0,756.03,0
637,CoreStudio,Real Estate,small,India,2024-10-21 00:00:00+00:00,organic,False,2025-09-23 00:50:19+00:00,Missing features,7.0,2026-03-22 03:05:22.902197+00:00,1.0,cancelled,monthly,0.0,0.0,Switched competitor,2024-10-21 00:00:00+00:00,2025-09-23 00:00:00+00:00,Free,free,0.0,19,18,1097.25,10,17.66,10.0,2.0,3.0,1031.6,1
638,Kite Ventures,Manufacturing,enterprise,United States,2024-10-19 00:00:00+00:00,referral,True,,none,7.0,2026-03-22 03:05:22.902197+00:00,1.0,active,annual,0.0,20.0,none,2024-10-19 00:00:00+00:00,,Free,free,0.0,28,26,1685.1666666666667,12,25.82,4.0,0.0,0.0,2503.21,0
639,ZenHub,Manufacturing,small,United States,2024-04-10 00:00:00+00:00,organic,False,2024-09-07 23:13:29+00:00,Not enough users,1.0,2026-03-22 03:05:22.902197+00:00,1.0,cancelled,monthly,0.0,0.0,Company reorganization,2024-04-10 00:00:00+00:00,2024-09-07 00:00:00+00:00,Free,free,0.0,30,26,2105.181818181818,13,28.12,5.0,0.0,4.0,930.4300000000001,1
640,MistHub,Telecommunications,enterprise,India,2025-09-02 00:00:00+00:00,paid_ads,True,,none,5.0,2026-03-22 03:05:22.902197+00:00,1.0,active,monthly,0.0,0.0,none,2025-11-01 00:00:00+00:00,,Free,free,0.0,23,17,1946.65,11,21.89,5.0,0.0,0.0,7815.6900000000005,0
641,Zen Tech,Education,enterprise,France,2023-02-25 00:00:00+00:00,event,False,2025-01-20 16:54:59+00:00,Company closed,7.0,2026-03-22 03:05:22.902197+00:00,1.0,cancelled,annual,0.0,0.0,Missing features,2024-01-09 00:00:00+00:00,2025-01-20 00:00:00+00:00,Free,free,0.0,19,15,1583.0714285714287,10,18.38,7.0,0.0,0.0,2206.53,1
642,KiteSoftware,Manufacturing,medium,Canada,2024-12-10 00:00:00+00:00,partner,True,,none,7.0,2026-03-22 03:05:22.902197+00:00,5.0,active,monthly,59.0,0.0,none,2024-12-10 00:00:00+00:00,,Professional Plus,professional,59.0,20,13,1771.6153846153845,10,18.81,2.0,0.0,0.0,643.9100000000001,0
643,EdgePro,Real Estate,small,India,2025-07-07 00:00:00+00:00,referral,True,,none,9.0,2026-03-22 03:05:22.902197+00:00,5.0,active,monthly,59.0,0.0,none,2025-12-14 00:00:00+00:00,,Professional Plus,professional,59.0,20,17,2030.1333333333334,11,20.97,8.0,1.0,4.333333333333333,2431.41,0
644,Nova Pro,E-commerce,medium,France,2023-07-15 00:00:00+00:00,organic,True,,none,0.0,2026-03-22 03:05:22.902197+00:00,2.0,active,monthly,12.0,0.0,none,2023-07-15 00:00:00+00:00,,Starter,starter,12.0,30,25,1921.0,11,27.0,4.0,0.0,3.0,4995.799999999999,0
645,BoltCloud,Media,enterprise,United States,2025-04-28 00:00:00+00:00,referral,True,,none,9.0,2026-03-22 03:05:22.902197+00:00,2.0,active,monthly,12.0,0.0,none,2025-10-24 00:00:00+00:00,,Starter,starter,12.0,33,21,2017.8214285714287,14,27.63,6.0,1.0,4.5,381.79,0
646,LunaDynamics,Media,medium,Australia,2025-08-18 00:00:00+00:00,referral,True,,none,7.0,2026-03-22 03:05:22.902197+00:00,3.0,active,annual,15.83,0.0,none,2025-10-24 00:00:00+00:00,,Starter Plus,starter,19.0,25,20,1889.0833333333333,12,23.5,1.0,0.0,3.0,2036.35,0
647,Vine Hub,Real Estate,medium,United States,2023-08-05 00:00:00+00:00,partner,True,,none,7.0,2026-03-22 03:05:22.902197+00:00,5.0,active,monthly,59.0,0.0,none,2024-12-19 00:00:00+00:00,,Professional Plus,professional,59.0,19,17,1968.2666666666667,13,20.56,3.0,1.0,5.0,544.28,0
648,DriftCorp,Logistics,large,France,2025-06-19 00:00:00+00:00,organic,True,,none,10.0,2026-03-22 03:05:22.902197+00:00,2.0,active,monthly,12.0,0.0,none,2025-06-19 00:00:00+00:00,,Starter,starter,12.0,24,17,1643.8947368421052,10,21.18,4.0,2.0,3.0,823.77,0
649,Arc AI,Technology,small,United States,2023-06-24 00:00:00+00:00,partner,True,,none,7.0,2026-03-22 03:05:22.902197+00:00,5.0,active,monthly,59.0,0.0,none,2023-06-24 00:00:00+00:00,,Professional Plus,professional,59.0,18,15,1758.5294117647059,10,18.56,5.0,0.0,3.0,1457.6799999999998,0
650,Peak Logic,Retail,small,Brazil,2023-11-22 00:00:00+00:00,paid_ads,True,,none,3.0,2026-03-22 03:05:22.902197+00:00,3.0,active,annual,15.83,0.0,none,2023-11-22 00:00:00+00:00,,Starter Plus,starter,19.0,26,22,1583.3478260869565,11,23.38,0.0,0.0,0.0,3076.7200000000003,0
651,Ultra Software,Healthcare,small,United States,2024-07-10 00:00:00+00:00,paid_ads,True,,none,7.0,2026-03-22 03:05:22.902197+00:00,3.0,active,annual,15.83,0.0,none,2025-05-21 00:00:00+00:00,,Starter Plus,starter,19.0,32,21,1766.0,12,26.19,6.0,2.0,3.0,1515.21,0
652,DriftStack,Marketing,small,United Kingdom,2025-04-06 00:00:00+00:00,organic,True,,none,7.0,2026-03-22 03:05:22.902197+00:00,3.0,active,annual,15.83,0.0,none,2025-06-11 00:00:00+00:00,,Starter Plus,starter,19.0,26,21,1793.5454545454545,11,23.78,3.0,1.0,0.0,1408.32,0
653,RushTech,Logistics,small,Singapore,2023-10-17 00:00:00+00:00,organic,True,,none,2.0,2026-03-22 03:05:22.902197+00:00,1.0,active,annual,0.0,0.0,none,2023-10-17 00:00:00+00:00,,Free,free,0.0,22,18,2044.2857142857142,11,22.11,6.0,0.0,4.0,405.68,0
654,Bolt Corp,Healthcare,medium,Singapore,2024-04-06 00:00:00+00:00,paid_ads,True,,none,0.0,2026-03-22 03:05:22.902197+00:00,4.0,active,monthly,39.0,0.0,none,2025-08-25 00:00:00+00:00,,Professional,professional,39.0,28,23,1687.8636363636363,14,25.13,8.0,1.0,3.5,594.38,0
655,QuestVentures,Retail,small,United States,2024-06-18 00:00:00+00:00,partner,True,,none,7.0,2026-03-22 03:05:22.902197+00:00,7.0,active,monthly,199.0,0.0,none,2025-01-29 00:00:00+00:00,,Enterprise Custom,enterprise,199.0,34,26,1911.483870967742,12,28.97,5.0,0.0,2.5,308.34,0
656,MistLabs,Media,medium,United States,2023-03-27 00:00:00+00:00,event,True,,none,7.0,2026-03-22 03:05:22.902197+00:00,1.0,active,annual,0.0,0.0,none,2023-03-27 00:00:00+00:00,,Free,free,0.0,23,20,1852.7777777777778,12,22.58,6.0,0.0,3.6666666666666665,592.23,0
657,Flow Studio,Legal,medium,Singapore,2025-08-02 00:00:00+00:00,event,False,2025-09-17 19:01:29+00:00,Missing features,7.0,2026-03-22 03:05:22.902197+00:00,2.0,cancelled,annual,8.5,15.0,Switched competitor,2025-08-02 00:00:00+00:00,2025-10-21 00:00:00+00:00,Starter,starter,12.0,21,15,1681.8,11,19.61,4.0,1.0,2.5,525.86,1
658,ZenSystems,Insurance,medium,Germany,2024-03-09 00:00:00+00:00,referral,True,,none,6.0,2026-03-22 03:05:22.902197+00:00,1.0,expired,monthly,0.0,0.0,Switched competitor,2024-03-09 00:00:00+00:00,2024-09-18 00:00:00+00:00,Free,free,0.0,29,19,1797.909090909091,13,24.59,4.0,0.0,0.0,958.52,0
659,MistLogic,Real Estate,small,India,2023-09-17 00:00:00+00:00,organic,True,,none,9.0,2026-03-22 03:05:22.902197+00:00,5.0,active,monthly,59.0,0.0,none,2024-04-05 00:00:00+00:00,,Professional Plus,professional,59.0,26,21,1962.0,14,24.64,3.0,0.0,5.0,483.67,0
660,Nova Ops,Marketing,small,United States,2023-08-07 00:00:00+00:00,partner,True,,none,7.0,2026-03-22 03:05:22.902197+00:00,2.0,active,monthly,12.0,0.0,none,2023-08-07 00:00:00+00:00,,Starter,starter,12.0,27,18,1741.3478260869565,11,23.1,6.0,2.0,2.0,1843.8500000000001,0
661,MistSoftware,Healthcare,medium,Germany,2024-10-23 00:00:00+00:00,organic,True,,none,7.0,2026-03-22 03:05:22.902197+00:00,7.0,active,monthly,179.1,10.0,none,2025-05-23 00:00:00+00:00,,Enterprise Custom,enterprise,199.0,31,23,1903.8846153846155,13,26.95,2.0,0.0,0.0,754.01,0
662,Flux IO,Technology,small,Australia,2024-08-13 00:00:00+00:00,organic,False,2024-09-25 20:29:33+00:00,none,7.0,2026-03-22 03:05:22.902197+00:00,1.0,cancelled,monthly,0.0,0.0,Company reorganization,2024-08-13 00:00:00+00:00,2024-09-25 00:00:00+00:00,Free,free,0.0,18,15,2402.846153846154,9,20.61,3.0,0.0,2.0,746.55,1
663,Peak Labs,Healthcare,medium,United States,2024-02-14 00:00:00+00:00,organic,False,2024-11-13 05:59:55+00:00,Not enough users,7.0,2026-03-22 03:05:22.902197+00:00,5.0,cancelled,annual,49.17,0.0,Not using it,2024-02-14 00:00:00+00:00,2024-11-13 00:00:00+00:00,Professional Plus,professional,59.0,31,29,1821.2272727272727,13,28.47,6.0,1.0,3.5,534.34,1
664,FluxStack,Healthcare,enterprise,India,2023-11-27 00:00:00+00:00,partner,True,,none,7.0,2026-03-22 03:05:22.902197+00:00,3.0,active,monthly,19.0,0.0,none,2023-11-27 00:00:00+00:00,,Starter Plus,starter,19.0,27,22,1330.952380952381,13,23.14,2.0,0.0,0.0,585.26,0
665,Xenon Dynamics,Technology,large,United States,2023-12-04 00:00:00+00:00,organic,True,,none,7.0,2026-03-22 03:05:22.902197+00:00,6.0,active,monthly,99.0,0.0,none,2024-11-24 00:00:00+00:00,,Enterprise,enterprise,99.0,24,21,1807.0555555555557,12,23.12,4.0,0.0,4.0,348.0,0
666,Ion Ventures,Consulting,small,United States,2024-11-15 00:00:00+00:00,event,False,2025-07-07 21:29:06+00:00,Missing features,5.0,2026-03-22 03:05:22.902197+00:00,5.0,cancelled,monthly,59.0,0.0,Missing features,2025-02-14 00:00:00+00:00,2025-07-07 00:00:00+00:00,Professional Plus,professional,59.0,29,25,1773.92,12,26.21,1.0,0.0,0.0,577.5400000000001,1
667,PulseOps,Retail,small,France,2024-04-24 00:00:00+00:00,partner,True,,none,3.0,2026-03-22 03:05:22.902197+00:00,1.0,active,annual,0.0,0.0,none,2024-07-18 00:00:00+00:00,,Free,free,0.0,18,14,1781.2,8,18.14,2.0,0.0,0.0,915.3199999999999,0
668,LinkHub,Retail,small,Germany,2023-08-13 00:00:00+00:00,partner,True,,none,7.0,2026-03-22 03:05:22.902197+00:00,4.0,active,annual,32.5,0.0,none,2024-11-19 00:00:00+00:00,,Professional,professional,39.0,22,16,2018.2777777777778,11,21.43,4.0,2.0,0.0,998.69,0
669,Rush Corp,Finance,large,Germany,2023-09-04 00:00:00+00:00,referral,False,2024-09-25 22:48:26+00:00,No longer needed,3.0,2026-03-22 03:05:22.902197+00:00,1.0,cancelled,monthly,0.0,0.0,Not using it,2023-09-04 00:00:00+00:00,2024-09-25 00:00:00+00:00,Free,free,0.0,21,15,1802.8333333333333,10,19.91,7.0,0.0,0.0,1769.84,1
670,Jade Tech,Marketing,medium,United Kingdom,2024-01-14 00:00:00+00:00,organic,False,2025-06-30 19:11:08+00:00,Budget cuts,7.0,2026-03-22 03:05:22.902197+00:00,1.0,cancelled,monthly,0.0,0.0,Not using it,2024-01-14 00:00:00+00:00,2025-06-30 00:00:00+00:00,Free,free,0.0,17,12,1701.6666666666667,9,16.97,4.0,0.0,4.0,716.34,1
671,Luna Group,Education,medium,Brazil,2023-08-13 00:00:00+00:00,referral,False,2023-11-06 10:32:36+00:00,Integration issues,0.0,2026-03-22 03:05:22.902197+00:00,2.0,cancelled,monthly,12.0,0.0,Too expensive,2024-10-06 00:00:00+00:00,2023-11-06 00:00:00+00:00,Starter,starter,12.0,28,20,1867.1363636363637,12,24.62,4.0,0.0,5.0,914.66,1
672,RushPlatform,Legal,large,Australia,2023-06-25 00:00:00+00:00,event,True,,none,6.0,2026-03-22 03:05:22.902197+00:00,2.0,active,monthly,12.0,0.0,none,2023-06-25 00:00:00+00:00,,Starter,starter,12.0,28,22,1969.0,13,25.66,3.0,0.0,3.0,2621.3399999999997,0
673,Glow Net,Real Estate,medium,France,2023-12-07 00:00:00+00:00,referral,True,,none,0.0,2026-03-22 03:05:22.902197+00:00,5.0,active,monthly,53.1,10.0,none,2023-12-07 00:00:00+00:00,,Professional Plus,professional,59.0,26,19,1677.2173913043478,11,22.79,2.0,0.0,2.0,3682.6099999999997,0
674,Quark Tech,Finance,large,United States,2024-04-28 00:00:00+00:00,event,False,2024-06-10 12:11:18+00:00,Integration issues,7.0,2026-03-22 03:05:22.902197+00:00,2.0,cancelled,monthly,12.0,0.0,Missing features,2024-04-28 00:00:00+00:00,2024-06-10 00:00:00+00:00,Starter,starter,12.0,17,16,1703.4615384615386,12,18.48,1.0,0.0,0.0,773.53,1
675,OrbitDev,Insurance,small,United States,2024-07-12 00:00:00+00:00,organic,True,,none,7.0,2026-03-22 03:05:22.902197+00:00,2.0,active,annual,10.0,0.0,none,2024-07-12 00:00:00+00:00,,Starter,starter,12.0,22,20,2181.733333333333,11,23.17,2.0,0.0,0.0,1787.06,0
676,WaveCloud,Telecommunications,medium,Singapore,2023-01-22 00:00:00+00:00,paid_ads,False,2024-11-19 09:47:56+00:00,Missing features,7.0,2026-03-22 03:05:22.902197+00:00,1.0,cancelled,annual,0.0,0.0,Company reorganization,2023-01-22 00:00:00+00:00,2024-11-19 00:00:00+00:00,Free,free,0.0,22,17,2080.5882352941176,13,22.14,6.0,0.0,4.0,200.34,1
677,SageCorp,Legal,small,United Kingdom,2024-04-05 00:00:00+00:00,paid_ads,True,,none,7.0,2026-03-22 03:05:22.902197+00:00,5.0,active,monthly,59.0,0.0,none,2024-04-05 00:00:00+00:00,,Professional Plus,professional,59.0,26,18,1659.0,11,22.43,6.0,0.0,4.0,1089.2,0
678,QuarkOps,Marketing,medium,Brazil,2025-05-04 00:00:00+00:00,organic,True,,none,7.0,2026-03-22 03:05:22.902197+00:00,3.0,active,annual,13.46,15.0,none,2025-05-04 00:00:00+00:00,,Starter Plus,starter,19.0,21,16,1717.5625,11,20.03,2.0,0.0,4.0,1112.18,0
679,Rift Digital,Media,small,Brazil,2023-01-16 00:00:00+00:00,referral,True,,none,9.0,2026-03-22 03:05:22.902197+00:00,4.0,active,monthly,39.0,0.0,none,2024-05-19 00:00:00+00:00,,Professional,professional,39.0,26,20,1706.9565217391305,13,23.39,4.0,0.0,4.0,2971.7999999999997,0
680,DataIO,Manufacturing,small,Singapore,2024-05-29 00:00:00+00:00,paid_ads,True,,none,7.0,2026-03-22 03:05:22.902197+00:00,2.0,active,monthly,12.0,0.0,none,2024-05-29 00:00:00+00:00,,Starter,starter,12.0,17,16,1441.4,11,17.5,2.0,0.0,0.0,795.19,0
681,Unit Software,Manufacturing,medium,United States,2024-10-14 00:00:00+00:00,event,True,,none,10.0,2026-03-22 03:05:22.902197+00:00,1.0,active,annual,0.0,0.0,none,2024-10-14 00:00:00+00:00,,Free,free,0.0,19,18,1568.3333333333333,12,19.43,5.0,0.0,4.5,590.11,0
682,KeenCorp,Marketing,enterprise,Brazil,2023-11-05 00:00:00+00:00,referral,True,,none,10.0,2026-03-22 03:05:22.902197+00:00,6.0,active,monthly,99.0,0.0,none,2024-05-26 00:00:00+00:00,,Enterprise,enterprise,99.0,16,12,1961.857142857143,10,17.54,5.0,0.0,4.0,1249.85,0
683,Core Net,Marketing,medium,Singapore,2024-04-17 00:00:00+00:00,organic,False,2025-07-25 02:49:15+00:00,Too expensive,7.0,2026-03-22 03:05:22.902197+00:00,5.0,cancelled,annual,44.25,10.0,Missing features,2025-02-27 00:00:00+00:00,2025-07-25 00:00:00+00:00,Professional Plus,professional,59.0,20,17,1563.0,13,19.61,9.0,1.0,2.0,2150.17,1
684,Tidal Platform,Real Estate,medium,India,2025-05-15 00:00:00+00:00,referral,True,,none,0.0,2026-03-22 03:05:22.902197+00:00,2.0,active,monthly,12.0,0.0,none,2025-05-15 00:00:00+00:00,,Starter,starter,12.0,21,18,1688.1764705882354,10,20.43,3.0,2.0,4.0,241.54,0
685,Peak Systems,Marketing,medium,United States,2024-08-21 00:00:00+00:00,organic,True,,none,7.0,2026-03-22 03:05:22.902197+00:00,3.0,active,annual,15.83,0.0,none,2024-08-21 00:00:00+00:00,,Starter Plus,starter,19.0,31,26,1714.923076923077,14,27.32,4.0,0.0,3.6666666666666665,2665.7,0
686,SageSoftware,Media,large,Canada,2023-11-15 00:00:00+00:00,referral,True,,none,7.0,2026-03-22 03:05:22.902197+00:00,1.0,active,annual,0.0,10.0,none,2023-11-15 00:00:00+00:00,,Free,free,0.0,27,24,1919.9583333333333,14,25.8,4.0,1.0,0.0,469.31,0
687,Edge Labs,Finance,medium,United States,2024-03-30 00:00:00+00:00,event,True,,none,7.0,2026-03-22 03:05:22.902197+00:00,6.0,active,annual,82.5,0.0,none,2025-05-09 00:00:00+00:00,,Enterprise,enterprise,99.0,24,22,1663.2380952380952,12,22.94,4.0,1.0,3.0,462.51,0
688,ZenIO,Retail,small,Japan,2023-05-30 00:00:00+00:00,partner,True,,none,9.0,2026-03-22 03:05:22.902197+00:00,1.0,active,monthly,0.0,0.0,none,2023-05-30 00:00:00+00:00,,Free,free,0.0,28,23,1538.2777777777778,11,24.33,7.0,1.0,3.0,2692.09,0
689,KiteDev,Media,small,Canada,2024-11-14 00:00:00+00:00,referral,True,,none,9.0,2026-03-22 03:05:22.902197+00:00,1.0,active,monthly,0.0,0.0,none,2025-06-27 00:00:00+00:00,,Free,free,0.0,19,17,1975.5,10,20.28,9.0,0.0,3.8,2383.65,0
690,HubVentures,Real Estate,small,United States,2023-12-30 00:00:00+00:00,event,True,,none,9.0,2026-03-22 03:05:22.902197+00:00,3.0,active,annual,12.67,20.0,none,2024-06-01 00:00:00+00:00,,Starter Plus,starter,19.0,33,30,1964.4193548387098,14,30.15,8.0,1.0,5.0,1602.21,0
691,AcmeSolutions,Retail,enterprise,Japan,2024-11-02 00:00:00+00:00,paid_ads,False,2025-08-13 17:44:32+00:00,none,3.0,2026-03-22 03:05:22.902197+00:00,5.0,cancelled,annual,49.17,0.0,Budget cuts,2025-02-15 00:00:00+00:00,2025-08-13 00:00:00+00:00,Professional Plus,professional,59.0,22,20,2219.5789473684213,11,23.3,5.0,0.0,5.0,1609.53,1
692,RushHub,Telecommunications,medium,United States,2024-08-12 00:00:00+00:00,event,True,,none,8.0,2026-03-22 03:05:22.902197+00:00,1.0,active,monthly,0.0,0.0,none,2025-07-31 00:00:00+00:00,,Free,free,0.0,21,17,1801.0,11,20.6,6.0,1.0,3.5,906.5500000000001,0
693,IonNet,Real Estate,small,Brazil,2024-11-12 00:00:00+00:00,partner,False,2025-09-01 19:44:33+00:00,Not enough users,1.0,2026-03-22 03:05:22.902197+00:00,1.0,cancelled,monthly,0.0,0.0,Too expensive,2024-11-12 00:00:00+00:00,2025-09-01 00:00:00+00:00,Free,free,0.0,30,26,1688.7916666666667,12,26.63,5.0,0.0,0.0,661.21,1
694,GridSolutions,Manufacturing,enterprise,Australia,2024-01-19 00:00:00+00:00,paid_ads,True,,none,7.0,2026-03-22 03:05:22.902197+00:00,1.0,active,monthly,0.0,0.0,none,2024-01-19 00:00:00+00:00,,Free,free,0.0,23,16,2142.2380952380954,13,22.44,1.0,0.0,5.0,567.05,0
695,YieldDigital,Real Estate,medium,United Kingdom,2023-06-15 00:00:00+00:00,referral,True,,none,9.0,2026-03-22 03:05:22.902197+00:00,6.0,expired,annual,82.5,0.0,Company reorganization,2023-06-15 00:00:00+00:00,2023-12-27 00:00:00+00:00,Enterprise,enterprise,99.0,23,20,1892.0,13,22.81,4.0,2.0,0.0,702.14,0
696,LinkLabs,Logistics,small,United Kingdom,2023-03-15 00:00:00+00:00,referral,True,,none,7.0,2026-03-22 03:05:22.902197+00:00,4.0,active,annual,32.5,0.0,none,2023-09-28 00:00:00+00:00,,Professional,professional,39.0,25,21,1978.2777777777778,13,24.19,6.0,0.0,4.5,4429.53,0
697,EchoDev,Real Estate,medium,United States,2023-05-11 00:00:00+00:00,partner,True,,none,3.0,2026-03-22 03:05:22.902197+00:00,7.0,active,monthly,149.25,25.0,none,2024-02-16 00:00:00+00:00,,Enterprise Custom,enterprise,199.0,27,23,2467.4285714285716,13,27.22,2.0,0.0,0.0,721.02,0
698,DataGroup,Technology,small,Germany,2023-03-18 00:00:00+00:00,event,True,,none,7.0,2026-03-22 03:05:22.902197+00:00,5.0,active,annual,49.17,0.0,none,2023-03-18 00:00:00+00:00,,Professional Plus,professional,59.0,26,22,1938.5,12,24.66,6.0,1.0,3.6666666666666665,2757.67,0
699,Sage Systems,Real Estate,medium,Germany,2025-02-22 00:00:00+00:00,organic,False,2025-06-11 07:35:32+00:00,Outgrew the platform,7.0,2026-03-22 03:05:22.902197+00:00,1.0,cancelled,annual,0.0,0.0,Company reorganization,2025-02-22 00:00:00+00:00,2025-06-11 00:00:00+00:00,Free,free,0.0,21,17,1935.5294117647059,11,21.05,3.0,0.0,3.0,2713.92,1
700,WarpOps,Technology,small,Canada,2023-03-14 00:00:00+00:00,referral,True,,none,8.0,2026-03-22 03:05:22.902197+00:00,5.0,active,annual,49.17,0.0,none,2023-03-14 00:00:00+00:00,,Professional Plus,professional,59.0,25,20,1234.05,11,21.21,6.0,1.0,4.666666666666667,354.96000000000004,0
701,Cloud IO,Media,small,Singapore,2023-02-26 00:00:00+00:00,organic,False,2024-01-26 17:54:26+00:00,Outgrew the platform,7.0,2026-03-22 03:05:22.902197+00:00,5.0,cancelled,annual,49.17,0.0,Switched competitor,2023-07-14 00:00:00+00:00,2024-01-26 00:00:00+00:00,Professional Plus,professional,59.0,29,24,2149.0,13,27.26,5.0,1.0,2.0,688.4,1
702,RiftOps,Media,medium,United States,2023-04-29 00:00:00+00:00,organic,True,,none,7.0,2026-03-22 03:05:22.902197+00:00,1.0,active,monthly,0.0,0.0,none,2023-04-29 00:00:00+00:00,,Free,free,0.0,21,16,1700.9473684210527,11,19.97,4.0,0.0,5.0,945.62,0
703,WaveSoftware,Telecommunications,small,United Kingdom,2025-04-01 00:00:00+00:00,referral,False,2025-09-17 18:38:10+00:00,Missing features,7.0,2026-03-22 03:05:22.902197+00:00,1.0,cancelled,monthly,0.0,0.0,Switched competitor,2025-04-01 00:00:00+00:00,2025-09-17 00:00:00+00:00,Free,free,0.0,20,17,1586.9333333333334,12,19.59,4.0,0.0,5.0,6627.96,1
704,DataDigital,Education,small,India,2024-02-12 00:00:00+00:00,event,True,,none,2.0,2026-03-22 03:05:22.902197+00:00,6.0,active,monthly,99.0,0.0,none,2024-04-19 00:00:00+00:00,,Enterprise,enterprise,99.0,16,15,1910.6153846153845,9,18.17,5.0,0.0,0.0,1445.76,0
705,IrisSoftware,Legal,enterprise,India,2023-10-27 00:00:00+00:00,organic,True,,none,10.0,2026-03-22 03:05:22.902197+00:00,5.0,active,monthly,59.0,0.0,none,2024-02-17 00:00:00+00:00,,Professional Plus,professional,59.0,26,19,1842.2173913043478,13,23.54,2.0,0.0,2.0,295.41999999999996,0
706,TrekGroup,Healthcare,small,United States,2025-01-12 00:00:00+00:00,referral,True,,none,10.0,2026-03-22 03:05:22.902197+00:00,1.0,paused,annual,0.0,20.0,none,2025-01-12 00:00:00+00:00,,Free,free,0.0,22,18,2030.0,11,22.07,4.0,1.0,3.0,3394.71,0
707,PeakHub,Healthcare,small,Canada,2023-03-28 00:00:00+00:00,referral,False,2024-12-13 10:10:52+00:00,Not enough users,2.0,2026-03-22 03:05:22.902197+00:00,2.0,cancelled,annual,10.0,0.0,Company reorganization,2023-11-26 00:00:00+00:00,2024-12-13 00:00:00+00:00,Starter,starter,12.0,24,21,1794.142857142857,11,22.98,10.0,2.0,3.5,2292.49,1
708,Luna Ops,Manufacturing,medium,United States,2025-02-11 00:00:00+00:00,event,True,,none,7.0,2026-03-22 03:05:22.902197+00:00,4.0,active,annual,29.25,10.0,none,2025-02-11 00:00:00+00:00,,Professional,professional,39.0,26,19,2016.857142857143,11,23.92,7.0,3.0,3.0,1442.75,0
709,UnitGroup,Manufacturing,enterprise,France,2025-08-12 00:00:00+00:00,referral,True,,none,7.0,2026-03-22 03:05:22.902197+00:00,3.0,active,monthly,19.0,0.0,none,2025-10-14 00:00:00+00:00,,Starter Plus,starter,19.0,22,18,1766.7222222222222,11,21.19,4.0,0.0,5.0,3695.89,0
710,BeamVentures,Insurance,medium,Germany,2023-01-16 00:00:00+00:00,event,True,,none,7.0,2026-03-22 03:05:22.902197+00:00,3.0,paused,monthly,19.0,0.0,none,2023-01-16 00:00:00+00:00,,Starter Plus,starter,19.0,32,27,1997.5357142857142,13,28.86,3.0,0.0,0.0,1322.69,0
711,FlowPlatform,Education,small,Brazil,2025-04-09 00:00:00+00:00,organic,True,,none,6.0,2026-03-22 03:05:22.902197+00:00,4.0,active,monthly,39.0,0.0,none,2025-10-17 00:00:00+00:00,,Professional,professional,39.0,17,14,1967.5833333333333,10,18.56,4.0,0.0,4.0,870.78,0
712,Cloud Studio,Consulting,large,Japan,2024-07-18 00:00:00+00:00,event,True,,none,4.0,2026-03-22 03:05:22.902197+00:00,6.0,active,monthly,99.0,0.0,none,2024-07-18 00:00:00+00:00,,Enterprise,enterprise,99.0,21,15,2088.875,11,20.96,3.0,1.0,0.0,279.51,0
713,Onyx Solutions,Finance,enterprise,Brazil,2025-05-31 00:00:00+00:00,partner,True,,none,8.0,2026-03-22 03:05:22.902197+00:00,4.0,active,monthly,39.0,0.0,none,2025-10-03 00:00:00+00:00,,Professional,professional,39.0,24,20,1660.3333333333333,11,22.23,7.0,2.0,4.5,2176.44,0
714,DataNet,Education,small,Singapore,2023-03-21 00:00:00+00:00,partner,True,,none,2.0,2026-03-22 03:05:22.902197+00:00,2.0,active,monthly,10.2,15.0,none,2023-03-21 00:00:00+00:00,,Starter,starter,12.0,28,23,1776.48,13,25.32,2.0,0.0,0.0,2258.9,0
715,Beam Cloud,Finance,small,India,2025-09-23 00:00:00+00:00,event,True,,none,7.0,2026-03-22 03:05:22.902197+00:00,5.0,active,annual,49.17,0.0,none,2026-01-21 00:00:00+00:00,,Professional Plus,professional,59.0,19,15,1844.142857142857,11,19.35,2.0,0.0,5.0,786.02,0
716,Mist Software,Insurance,small,Japan,2024-01-23 00:00:00+00:00,organic,True,,none,9.0,2026-03-22 03:05:22.902197+00:00,4.0,active,monthly,39.0,0.0,none,2024-12-16 00:00:00+00:00,,Professional,professional,39.0,20,17,1765.2941176470588,13,20.28,6.0,0.0,2.5,589.14,0
717,Edge Platform,Real Estate,medium,Brazil,2024-06-24 00:00:00+00:00,referral,True,,none,7.0,2026-03-22 03:05:22.902197+00:00,5.0,active,monthly,59.0,0.0,none,2024-06-24 00:00:00+00:00,,Professional Plus,professional,59.0,24,22,1767.764705882353,14,23.49,6.0,1.0,0.0,806.48,0
718,Keen Cloud,Telecommunications,small,India,2025-09-22 00:00:00+00:00,organic,False,2025-10-24 22:12:35+00:00,Not enough users,7.0,2026-03-22 03:05:22.902197+00:00,6.0,cancelled,annual,82.5,0.0,Missing features,2025-11-22 00:00:00+00:00,2025-10-24 00:00:00+00:00,Enterprise,enterprise,99.0,29,26,1833.423076923077,13,26.81,5.0,1.0,0.0,1186.69,1
719,GlowTech,Logistics,medium,Brazil,2023-09-08 00:00:00+00:00,paid_ads,True,,none,8.0,2026-03-22 03:05:22.902197+00:00,2.0,active,monthly,12.0,0.0,none,2023-09-08 00:00:00+00:00,,Starter,starter,12.0,26,23,1750.095238095238,9,24.03,7.0,0.0,0.0,2146.19,0
720,MistAnalytics,Marketing,small,United States,2025-06-21 00:00:00+00:00,referral,True,,none,7.0,2026-03-22 03:05:22.902197+00:00,1.0,active,monthly,0.0,0.0,none,2025-06-21 00:00:00+00:00,,Free,free,0.0,33,23,1893.8333333333333,14,27.81,2.0,0.0,2.5,5270.72,0
721,Quark Hub,Media,large,Canada,2023-06-20 00:00:00+00:00,organic,True,,none,9.0,2026-03-22 03:05:22.902197+00:00,7.0,active,monthly,199.0,0.0,none,2024-03-13 00:00:00+00:00,,Enterprise Custom,enterprise,199.0,21,17,1806.1875,10,20.52,3.0,0.0,4.5,1093.67,0
722,Sage Dynamics,E-commerce,large,Germany,2023-04-21 00:00:00+00:00,organic,True,,none,9.0,2026-03-22 03:05:22.902197+00:00,4.0,active,annual,32.5,0.0,none,2023-10-04 00:00:00+00:00,,Professional,professional,39.0,25,17,1654.8636363636363,12,21.82,8.0,0.0,3.3333333333333335,765.56,0
723,CoreCorp,Legal,enterprise,Australia,2024-08-26 00:00:00+00:00,referral,True,,none,7.0,2026-03-22 03:05:22.902197+00:00,6.0,paused,monthly,99.0,0.0,none,2025-08-30 00:00:00+00:00,,Enterprise,enterprise,99.0,25,21,1906.1176470588234,12,23.85,5.0,1.0,0.0,327.13,0
724,JetLabs,Marketing,large,Singapore,2025-03-02 00:00:00+00:00,organic,False,2025-07-25 11:29:21+00:00,Not enough users,4.0,2026-03-22 03:05:22.902197+00:00,5.0,cancelled,monthly,59.0,0.0,Company reorganization,2025-09-03 00:00:00+00:00,2025-07-25 00:00:00+00:00,Professional Plus,professional,59.0,39,36,1744.0,13,33.51,9.0,1.0,2.0,1396.16,1
725,SyncWorks,Insurance,small,United States,2023-10-12 00:00:00+00:00,referral,True,,none,7.0,2026-03-22 03:05:22.902197+00:00,1.0,active,annual,0.0,20.0,none,2023-10-12 00:00:00+00:00,,Free,free,0.0,28,24,2097.95,13,26.69,1.0,0.0,0.0,3264.04,0
726,Kite Cloud,Telecommunications,small,Brazil,2024-07-19 00:00:00+00:00,organic,True,,none,7.0,2026-03-22 03:05:22.902197+00:00,5.0,active,monthly,59.0,0.0,none,2024-11-01 00:00:00+00:00,,Professional Plus,professional,59.0,37,27,1627.551724137931,14,29.73,6.0,0.0,5.0,136.07999999999998,0
727,MistAI,Media,medium,United Kingdom,2024-08-07 00:00:00+00:00,referral,True,,none,4.0,2026-03-22 03:05:22.902197+00:00,1.0,active,annual,0.0,0.0,none,2024-08-07 00:00:00+00:00,,Free,free,0.0,30,21,1746.0384615384614,14,25.52,6.0,0.0,5.0,1409.5500000000002,0
728,HubHQ,Consulting,small,United States,2025-04-02 00:00:00+00:00,organic,False,2025-10-03 01:08:25+00:00,Missing features,7.0,2026-03-22 03:05:22.902197+00:00,6.0,cancelled,monthly,99.0,0.0,Switched competitor,2025-09-18 00:00:00+00:00,2025-11-18 00:00:00+00:00,Enterprise,enterprise,99.0,20,14,1424.5294117647059,10,17.95,4.0,0.0,0.0,3886.2400000000002,1
729,Sage Works,Telecommunications,small,Australia,2025-06-17 00:00:00+00:00,organic,True,,none,7.0,2026-03-22 03:05:22.902197+00:00,3.0,active,monthly,19.0,0.0,none,2025-06-17 00:00:00+00:00,,Starter Plus,starter,19.0,27,22,1761.4285714285713,10,24.27,5.0,2.0,3.0,391.01,0
730,Echo Digital,Consulting,enterprise,United States,2025-05-27 00:00:00+00:00,referral,True,,none,7.0,2026-03-22 03:05:22.902197+00:00,2.0,active,monthly,12.0,0.0,none,2025-09-04 00:00:00+00:00,,Starter,starter,12.0,23,19,1596.2631578947369,11,21.32,1.0,1.0,0.0,530.99,0
731,Yield Stack,Real Estate,small,Singapore,2025-06-15 00:00:00+00:00,organic,True,,none,9.0,2026-03-22 03:05:22.902197+00:00,7.0,active,monthly,199.0,0.0,none,2025-09-19 00:00:00+00:00,,Enterprise Custom,enterprise,199.0,26,21,1852.7,12,24.08,6.0,2.0,0.0,3255.27,0
732,SyncCorp,Marketing,small,Singapore,2024-02-12 00:00:00+00:00,referral,True,,none,7.0,2026-03-22 03:05:22.902197+00:00,1.0,active,monthly,0.0,0.0,none,2024-02-12 00:00:00+00:00,,Free,free,0.0,22,19,1791.388888888889,10,21.47,6.0,1.0,4.0,684.1899999999999,0
733,FluxGroup,E-commerce,small,Germany,2025-03-01 00:00:00+00:00,organic,True,,none,7.0,2026-03-22 03:05:22.902197+00:00,2.0,active,monthly,10.8,10.0,none,2025-09-24 00:00:00+00:00,,Starter,starter,12.0,23,20,1496.5714285714287,10,21.19,1.0,1.0,0.0,1178.05,0
734,KeenSolutions,Insurance,large,United States,2023-01-22 00:00:00+00:00,organic,True,,none,8.0,2026-03-22 03:05:22.902197+00:00,5.0,active,annual,36.88,25.0,none,2023-01-22 00:00:00+00:00,,Professional Plus,professional,59.0,17,14,1763.5,11,17.98,8.0,3.0,1.6666666666666667,1887.04,0
735,ZealHub,Logistics,small,Japan,2025-01-05 00:00:00+00:00,organic,True,,none,7.0,2026-03-22 03:05:22.902197+00:00,2.0,active,annual,10.0,0.0,none,2025-01-05 00:00:00+00:00,,Starter,starter,12.0,23,18,1698.8095238095239,11,21.36,6.0,0.0,1.0,2569.72,0
736,AcmeAI,Insurance,medium,United States,2023-08-24 00:00:00+00:00,organic,True,,none,7.0,2026-03-22 03:05:22.902197+00:00,5.0,active,monthly,59.0,0.0,none,2024-10-09 00:00:00+00:00,,Professional Plus,professional,59.0,25,18,2021.0555555555557,10,23.14,6.0,0.0,4.6,511.3,0
737,ZenDigital,Telecommunications,small,United States,2025-01-30 00:00:00+00:00,paid_ads,True,,none,7.0,2026-03-22 03:05:22.902197+00:00,7.0,paused,annual,165.83,0.0,none,2025-05-22 00:00:00+00:00,,Enterprise Custom,enterprise,199.0,27,22,2221.75,12,26.01,4.0,0.0,4.0,175.07999999999998,0
738,GridPro,Manufacturing,small,Brazil,2024-04-14 00:00:00+00:00,referral,True,,none,8.0,2026-03-22 03:05:22.902197+00:00,2.0,active,monthly,12.0,0.0,none,2024-04-14 00:00:00+00:00,,Starter,starter,12.0,20,13,1885.8235294117646,12,19.39,4.0,1.0,4.0,3031.94,0
739,YieldCloud,E-commerce,medium,Japan,2023-01-18 00:00:00+00:00,organic,True,,none,7.0,2026-03-22 03:05:22.902197+00:00,2.0,active,annual,10.0,0.0,none,2023-01-18 00:00:00+00:00,,Starter,starter,12.0,24,21,2036.2777777777778,13,23.99,3.0,0.0,4.0,1573.79,0
740,CorePlatform,Technology,medium,United Kingdom,2025-04-09 00:00:00+00:00,partner,True,,none,8.0,2026-03-22 03:05:22.902197+00:00,7.0,active,monthly,199.0,0.0,none,2025-08-17 00:00:00+00:00,,Enterprise Custom,enterprise,199.0,21,19,1719.6,10,20.83,5.0,0.0,2.5,979.88,0
741,Jet Logic,Real Estate,enterprise,Canada,2023-09-16 00:00:00+00:00,paid_ads,True,,none,7.0,2026-03-22 03:05:22.902197+00:00,1.0,active,monthly,0.0,0.0,none,2023-09-16 00:00:00+00:00,,Free,free,0.0,34,27,1439.4782608695652,12,27.7,5.0,1.0,3.0,542.0699999999999,0
742,CloudWorks,Real Estate,medium,United States,2023-11-17 00:00:00+00:00,referral,True,,none,7.0,2026-03-22 03:05:22.902197+00:00,4.0,active,monthly,39.0,0.0,none,2024-09-27 00:00:00+00:00,,Professional,professional,39.0,26,22,1293.1666666666667,13,22.61,3.0,0.0,0.0,600.4,0
743,GlowDynamics,Legal,small,United States,2025-02-05 00:00:00+00:00,referral,False,2025-05-22 15:35:58+00:00,Not enough users,7.0,2026-03-22 03:05:22.902197+00:00,1.0,cancelled,monthly,0.0,0.0,Not using it,2025-04-28 00:00:00+00:00,2025-05-22 00:00:00+00:00,Free,free,0.0,20,13,2116.5384615384614,10,19.96,4.0,0.0,0.0,450.14,1
744,CloudCorp,Logistics,enterprise,Japan,2023-05-01 00:00:00+00:00,event,True,,none,10.0,2026-03-22 03:05:22.902197+00:00,6.0,active,monthly,89.1,10.0,none,2023-12-27 00:00:00+00:00,,Enterprise,enterprise,99.0,26,17,1715.695652173913,12,22.42,5.0,0.0,5.0,940.3199999999999,0
745,NovaGroup,Marketing,medium,Brazil,2025-01-02 00:00:00+00:00,paid_ads,True,,none,7.0,2026-03-22 03:05:22.902197+00:00,1.0,active,annual,0.0,0.0,none,2025-01-02 00:00:00+00:00,,Free,free,0.0,34,26,1667.111111111111,14,28.36,7.0,2.0,0.0,2996.71,0
746,EchoTech,Technology,small,France,2024-10-01 00:00:00+00:00,partner,True,,none,6.0,2026-03-22 03:05:22.902197+00:00,3.0,active,monthly,19.0,0.0,none,2024-10-01 00:00:00+00:00,,Starter Plus,starter,19.0,19,19,1460.5555555555557,12,19.37,6.0,0.0,5.0,1050.08,0
747,Meta Analytics,Education,enterprise,Australia,2024-07-28 00:00:00+00:00,referral,True,,none,7.0,2026-03-22 03:05:22.902197+00:00,4.0,active,monthly,33.15,15.0,none,2025-04-02 00:00:00+00:00,,Professional,professional,39.0,22,19,2368.8125,11,23.5,7.0,0.0,2.0,1106.0900000000001,0
748,Nova Analytics,Finance,small,Brazil,2025-03-01 00:00:00+00:00,referral,True,,none,7.0,2026-03-22 03:05:22.902197+00:00,2.0,active,annual,10.0,0.0,none,2025-11-01 00:00:00+00:00,,Starter,starter,12.0,30,23,2179.9565217391305,11,27.27,6.0,0.0,4.0,3702.3599999999997,0
749,Orbit Software,Healthcare,enterprise,Brazil,2025-09-20 00:00:00+00:00,organic,False,2025-10-26 05:02:41+00:00,none,5.0,2026-03-22 03:05:22.902197+00:00,3.0,cancelled,monthly,19.0,0.0,Budget cuts,2026-01-18 00:00:00+00:00,2025-10-26 00:00:00+00:00,Starter Plus,starter,19.0,29,23,1799.3214285714287,13,25.8,6.0,1.0,3.0,648.8100000000001,1
750,TidalDev,E-commerce,medium,Australia,2023-11-21 00:00:00+00:00,partner,True,,none,7.0,2026-03-22 03:05:22.902197+00:00,1.0,active,annual,0.0,0.0,none,2023-11-21 00:00:00+00:00,,Free,free,0.0,29,24,1856.0416666666667,13,26.29,10.0,1.0,5.0,5412.45,0
751,Xenon HQ,Insurance,large,India,2023-07-03 00:00:00+00:00,partner,True,,none,7.0,2026-03-22 03:05:22.902197+00:00,3.0,active,monthly,19.0,0.0,none,2023-09-17 00:00:00+00:00,,Starter Plus,starter,19.0,29,24,1874.608695652174,13,26.35,4.0,0.0,3.0,3388.17,0
752,AcmeVentures,Healthcare,small,Germany,2024-02-12 00:00:00+00:00,organic,False,2025-09-04 05:02:32+00:00,none,4.0,2026-03-22 03:05:22.902197+00:00,4.0,cancelled,monthly,39.0,0.0,Not using it,2024-02-12 00:00:00+00:00,2025-09-04 00:00:00+00:00,Professional,professional,39.0,22,20,2061.0555555555557,11,22.77,2.0,0.0,0.0,2742.05,1
753,TrekIO,Logistics,medium,Canada,2023-02-09 00:00:00+00:00,paid_ads,True,,none,7.0,2026-03-22 03:05:22.902197+00:00,2.0,active,monthly,12.0,0.0,none,2023-02-09 00:00:00+00:00,,Starter,starter,12.0,15,13,2107.75,10,17.93,7.0,0.0,3.0,2001.42,0
754,Ion Tech,Manufacturing,enterprise,United States,2023-10-12 00:00:00+00:00,organic,True,,none,8.0,2026-03-22 03:05:22.902197+00:00,1.0,active,monthly,0.0,0.0,none,2023-10-12 00:00:00+00:00,,Free,free,0.0,21,17,1761.5333333333333,11,20.47,1.0,0.0,1.0,926.62,0
755,VertexOps,Marketing,large,United States,2024-11-14 00:00:00+00:00,paid_ads,True,,none,9.0,2026-03-22 03:05:22.902197+00:00,1.0,active,monthly,0.0,0.0,none,2025-05-23 00:00:00+00:00,,Free,free,0.0,27,19,1513.125,12,22.74,5.0,0.0,0.0,1824.68,0
756,Core AI,Education,medium,United Kingdom,2024-07-28 00:00:00+00:00,referral,True,,none,8.0,2026-03-22 03:05:22.902197+00:00,1.0,active,annual,0.0,25.0,none,2024-07-28 00:00:00+00:00,,Free,free,0.0,19,13,1476.0714285714287,9,17.32,7.0,1.0,3.0,4953.76,0
757,Link Stack,Technology,enterprise,United States,2025-08-23 00:00:00+00:00,partner,True,,none,7.0,2026-03-22 03:05:22.902197+00:00,5.0,active,annual,49.17,0.0,none,2025-12-30 00:00:00+00:00,,Professional Plus,professional,59.0,24,19,1556.5,13,21.79,6.0,1.0,3.5,488.42,0
758,VineHub,Education,small,Australia,2025-05-05 00:00:00+00:00,event,False,2025-07-12 16:27:14+00:00,No longer needed,7.0,2026-03-22 03:05:22.902197+00:00,5.0,cancelled,annual,49.17,0.0,Missing features,2025-11-19 00:00:00+00:00,2025-07-12 00:00:00+00:00,Professional Plus,professional,59.0,20,18,1885.9411764705883,11,20.79,4.0,0.0,4.0,836.3199999999999,1
759,LinkStudio,Logistics,medium,Canada,2024-07-04 00:00:00+00:00,organic,True,,none,7.0,2026-03-22 03:05:22.902197+00:00,1.0,active,monthly,0.0,20.0,none,2024-07-04 00:00:00+00:00,,Free,free,0.0,20,19,1921.1538461538462,11,21.2,5.0,0.0,4.0,851.54,0
760,SyncSoftware,Media,medium,France,2023-09-25 00:00:00+00:00,paid_ads,False,2024-01-22 13:18:50+00:00,Outgrew the platform,7.0,2026-03-22 03:05:22.902197+00:00,3.0,cancelled,monthly,19.0,0.0,Switched competitor,2024-09-22 00:00:00+00:00,2024-01-22 00:00:00+00:00,Starter Plus,starter,19.0,16,13,1939.7857142857142,10,17.77,4.0,0.0,5.0,2780.45,1
761,EchoDigital,Marketing,small,Brazil,2025-06-09 00:00:00+00:00,organic,True,,none,7.0,2026-03-22 03:05:22.902197+00:00,1.0,expired,monthly,0.0,15.0,Too expensive,2025-06-09 00:00:00+00:00,2025-10-11 00:00:00+00:00,Free,free,0.0,19,14,1483.0,12,17.94,9.0,1.0,2.5,989.5500000000001,0
762,Wave Cloud,Finance,medium,Japan,2024-12-12 00:00:00+00:00,event,True,,none,9.0,2026-03-22 03:05:22.902197+00:00,3.0,active,monthly,19.0,0.0,none,2024-12-12 00:00:00+00:00,,Starter Plus,starter,19.0,25,24,1776.2727272727273,13,24.42,7.0,0.0,2.0,242.22,0
763,CloudPlatform,Telecommunications,medium,United States,2023-06-17 00:00:00+00:00,partner,True,,none,7.0,2026-03-22 03:05:22.902197+00:00,4.0,expired,annual,32.5,0.0,Company reorganization,2023-06-17 00:00:00+00:00,2024-04-10 00:00:00+00:00,Professional,professional,39.0,21,18,1871.9166666666667,10,21.04,2.0,0.0,0.0,2891.98,0
764,Quest Works,Insurance,small,United States,2024-04-16 00:00:00+00:00,event,False,2024-09-07 13:25:54+00:00,Missing features,7.0,2026-03-22 03:05:22.902197+00:00,5.0,cancelled,monthly,53.1,10.0,Company reorganization,2024-04-16 00:00:00+00:00,2024-09-07 00:00:00+00:00,Professional Plus,professional,59.0,20,17,1945.5833333333333,9,20.49,2.0,0.0,5.0,3513.6800000000003,1
765,Nova Corp,Healthcare,large,United Kingdom,2023-12-19 00:00:00+00:00,referral,False,2025-03-20 01:33:24+00:00,none,1.0,2026-03-22 03:05:22.902197+00:00,1.0,cancelled,monthly,0.0,20.0,Missing features,2023-12-19 00:00:00+00:00,2025-03-20 00:00:00+00:00,Free,free,0.0,33,23,1820.4285714285713,14,27.57,5.0,0.0,3.5,2811.08,1
766,QuestLogic,Legal,small,United States,2025-07-08 00:00:00+00:00,organic,True,,none,7.0,2026-03-22 03:05:22.902197+00:00,5.0,active,monthly,59.0,0.0,none,2025-07-08 00:00:00+00:00,,Professional Plus,professional,59.0,14,10,1530.9166666666667,9,14.6,5.0,0.0,3.5,2381.42,0
767,Mist Solutions,Insurance,small,India,2024-10-23 00:00:00+00:00,event,True,,none,2.0,2026-03-22 03:05:22.902197+00:00,7.0,active,monthly,199.0,0.0,none,2025-06-28 00:00:00+00:00,,Enterprise Custom,enterprise,199.0,24,18,2254.1875,11,23.61,6.0,0.0,3.0,858.5,0
768,BeamTech,Logistics,small,Australia,2025-09-08 00:00:00+00:00,referral,True,,none,7.0,2026-03-22 03:05:22.902197+00:00,3.0,active,annual,15.83,0.0,none,2025-11-08 00:00:00+00:00,,Starter Plus,starter,19.0,11,11,1623.888888888889,9,14.01,6.0,0.0,1.0,1152.16,0
769,UnitSystems,Manufacturing,enterprise,United States,2024-10-31 00:00:00+00:00,event,True,,none,9.0,2026-03-22 03:05:22.902197+00:00,6.0,active,monthly,89.1,10.0,none,2025-08-31 00:00:00+00:00,,Enterprise,enterprise,99.0,37,27,1948.875,13,30.7,3.0,0.0,0.0,90.28,0
770,BeamAnalytics,Healthcare,medium,Canada,2023-04-25 00:00:00+00:00,organic,True,,none,7.0,2026-03-22 03:05:22.902197+00:00,4.0,active,monthly,39.0,0.0,none,2023-04-25 00:00:00+00:00,,Professional,professional,39.0,14,12,1709.0833333333333,11,16.0,7.0,2.0,0.0,3511.53,0
771,Vertex Net,Real Estate,small,United Kingdom,2023-10-16 00:00:00+00:00,organic,False,2025-09-19 02:46:02+00:00,Not enough users,0.0,2026-03-22 03:05:22.902197+00:00,5.0,cancelled,monthly,59.0,0.0,Budget cuts,2024-04-12 00:00:00+00:00,2025-09-19 00:00:00+00:00,Professional Plus,professional,59.0,28,23,1716.7307692307693,10,24.82,13.0,2.0,4.2,497.79999999999995,1
772,SyncHub,Media,small,United States,2024-09-02 00:00:00+00:00,partner,False,2024-10-30 10:30:13+00:00,Outgrew the platform,7.0,2026-03-22 03:05:22.902197+00:00,1.0,cancelled,annual,0.0,0.0,Budget cuts,2024-09-02 00:00:00+00:00,2024-10-30 00:00:00+00:00,Free,free,0.0,29,26,2049.8333333333335,12,27.43,2.0,0.0,0.0,545.76,1
773,Flux Corp,Telecommunications,small,India,2023-02-11 00:00:00+00:00,referral,False,2024-10-12 02:49:02+00:00,Too expensive,10.0,2026-03-22 03:05:22.902197+00:00,2.0,cancelled,annual,10.0,0.0,Company reorganization,2024-02-02 00:00:00+00:00,2024-10-12 00:00:00+00:00,Starter,starter,12.0,24,22,1832.047619047619,11,23.41,2.0,0.0,0.0,2624.71,1
774,YieldDev,Healthcare,small,Singapore,2025-01-30 00:00:00+00:00,organic,True,,none,7.0,2026-03-22 03:05:22.902197+00:00,1.0,active,annual,0.0,0.0,none,2025-01-30 00:00:00+00:00,,Free,free,0.0,19,16,1981.857142857143,13,20.31,8.0,0.0,3.0,607.48,0
775,HubSoftware,Education,medium,Japan,2023-08-09 00:00:00+00:00,paid_ads,True,,none,9.0,2026-03-22 03:05:22.902197+00:00,2.0,active,monthly,12.0,0.0,none,2023-08-09 00:00:00+00:00,,Starter,starter,12.0,26,23,1673.7368421052631,11,23.98,8.0,0.0,4.0,289.56,0
776,Arc Software,Technology,enterprise,Australia,2023-08-19 00:00:00+00:00,referral,False,2024-05-27 03:08:50+00:00,Missing features,1.0,2026-03-22 03:05:22.902197+00:00,2.0,cancelled,monthly,12.0,0.0,Switched competitor,2023-08-19 00:00:00+00:00,2024-05-27 00:00:00+00:00,Starter,starter,12.0,23,14,1621.9,8,19.61,4.0,0.0,3.5,2971.6899999999996,1
777,LinkCorp,Marketing,medium,Australia,2023-06-05 00:00:00+00:00,partner,True,,none,7.0,2026-03-22 03:05:22.902197+00:00,2.0,active,monthly,12.0,0.0,none,2023-06-05 00:00:00+00:00,,Starter,starter,12.0,20,14,1745.6470588235295,10,19.02,10.0,1.0,3.6666666666666665,5284.33,0
778,Yield Analytics,Manufacturing,small,Singapore,2023-03-27 00:00:00+00:00,organic,True,,none,7.0,2026-03-22 03:05:22.902197+00:00,3.0,active,monthly,19.0,0.0,none,2024-10-07 00:00:00+00:00,,Starter Plus,starter,19.0,29,23,1472.391304347826,12,24.61,6.0,0.0,3.5,984.35,0
779,TidalCloud,Consulting,large,Canada,2024-03-01 00:00:00+00:00,referral,True,,none,10.0,2026-03-22 03:05:22.902197+00:00,6.0,active,monthly,89.1,10.0,none,2025-02-15 00:00:00+00:00,,Enterprise,enterprise,99.0,25,23,1574.5714285714287,12,23.35,7.0,0.0,3.0,642.91,0
780,IonLogic,Retail,small,United States,2023-06-12 00:00:00+00:00,organic,True,,none,7.0,2026-03-22 03:05:22.902197+00:00,2.0,active,monthly,10.8,10.0,none,2024-02-07 00:00:00+00:00,,Starter,starter,12.0,22,19,1786.1764705882354,12,21.65,3.0,0.0,0.0,406.22,0
781,JadeCorp,E-commerce,medium,Brazil,2024-06-29 00:00:00+00:00,referral,True,,none,7.0,2026-03-22 03:05:22.902197+00:00,3.0,active,annual,15.83,0.0,none,2025-02-17 00:00:00+00:00,,Starter Plus,starter,19.0,24,15,2003.1818181818182,12,21.98,6.0,0.0,0.0,542.0799999999999,0
782,Core Solutions,Telecommunications,enterprise,United States,2024-11-30 00:00:00+00:00,organic,True,,none,8.0,2026-03-22 03:05:22.902197+00:00,1.0,active,annual,0.0,0.0,none,2024-11-30 00:00:00+00:00,,Free,free,0.0,21,17,1820.5,11,20.67,5.0,1.0,4.0,745.45,0
783,Nexus Dev,Healthcare,medium,Brazil,2024-10-02 00:00:00+00:00,organic,True,,none,7.0,2026-03-22 03:05:22.902197+00:00,1.0,active,annual,0.0,0.0,none,2024-10-02 00:00:00+00:00,,Free,free,0.0,27,23,2018.0416666666667,11,25.53,3.0,1.0,0.0,2764.06,0
784,TrekSoftware,Education,small,United States,2023-09-05 00:00:00+00:00,referral,True,,none,7.0,2026-03-22 03:05:22.902197+00:00,3.0,active,monthly,16.15,15.0,none,2025-03-21 00:00:00+00:00,,Starter Plus,starter,19.0,30,20,1973.0416666666667,13,25.88,5.0,0.0,4.0,2661.07,0
785,MistWorks,Telecommunications,small,United Kingdom,2024-04-26 00:00:00+00:00,event,True,,none,7.0,2026-03-22 03:05:22.902197+00:00,4.0,active,monthly,39.0,0.0,none,2024-04-26 00:00:00+00:00,,Professional,professional,39.0,19,18,2080.75,10,20.94,7.0,1.0,3.0,802.8299999999999,0
786,Zeal Group,Logistics,medium,France,2025-04-28 00:00:00+00:00,organic,True,,none,7.0,2026-03-22 03:05:22.902197+00:00,3.0,active,monthly,14.25,25.0,none,2025-12-16 00:00:00+00:00,,Starter Plus,starter,19.0,31,24,1926.576923076923,12,27.22,6.0,0.0,4.5,1973.1999999999998,0
787,UnitSolutions,Logistics,small,United States,2023-03-17 00:00:00+00:00,partner,True,,none,7.0,2026-03-22 03:05:22.902197+00:00,2.0,active,annual,10.0,0.0,none,2023-03-17 00:00:00+00:00,,Starter,starter,12.0,30,20,1749.8333333333333,13,25.13,2.0,0.0,0.0,2052.79,0
788,WarpAnalytics,Legal,medium,India,2023-05-24 00:00:00+00:00,organic,False,2024-09-13 01:27:57+00:00,Too expensive,2.0,2026-03-22 03:05:22.902197+00:00,1.0,cancelled,annual,0.0,0.0,Not using it,2023-05-24 00:00:00+00:00,2024-09-13 00:00:00+00:00,Free,free,0.0,20,17,1737.2666666666667,12,20.09,4.0,1.0,3.0,8302.619999999999,1
789,TrekSolutions,Education,medium,France,2023-10-27 00:00:00+00:00,partner,True,,none,5.0,2026-03-22 03:05:22.902197+00:00,4.0,active,monthly,39.0,0.0,none,2023-10-27 00:00:00+00:00,,Professional,professional,39.0,15,11,1531.1538461538462,10,15.4,5.0,0.0,4.5,1120.16,0
790,Acme Analytics,Marketing,large,Japan,2024-10-21 00:00:00+00:00,referral,False,2025-10-17 02:54:20+00:00,Outgrew the platform,2.0,2026-03-22 03:05:22.902197+00:00,2.0,cancelled,monthly,12.0,0.0,Not using it,2024-10-21 00:00:00+00:00,2025-10-17 00:00:00+00:00,Starter,starter,12.0,32,21,1842.4583333333333,13,26.54,4.0,0.0,0.0,3173.33,1
791,EchoSolutions,Manufacturing,small,Singapore,2025-03-07 00:00:00+00:00,referral,True,,none,5.0,2026-03-22 03:05:22.902197+00:00,4.0,active,annual,32.5,0.0,none,2025-03-07 00:00:00+00:00,,Professional,professional,39.0,33,24,1465.6206896551723,12,26.49,5.0,0.0,3.5,2571.35,0
792,Onyx Systems,Marketing,medium,United States,2025-09-20 00:00:00+00:00,partner,True,,none,8.0,2026-03-22 03:05:22.902197+00:00,4.0,active,annual,32.5,0.0,none,2025-09-20 00:00:00+00:00,,Professional,professional,39.0,24,20,1412.6842105263158,11,21.41,1.0,0.0,0.0,1009.95,0
793,Peak Platform,E-commerce,large,France,2025-01-30 00:00:00+00:00,partner,False,2025-03-25 17:26:14+00:00,No longer needed,0.0,2026-03-22 03:05:22.902197+00:00,6.0,cancelled,annual,82.5,0.0,none,2025-12-25 00:00:00+00:00,2025-03-25 00:00:00+00:00,Enterprise,enterprise,99.0,18,13,1836.625,12,18.42,3.0,0.0,0.0,4836.34,1
794,PulseVentures,Consulting,medium,United States,2023-04-30 00:00:00+00:00,partner,True,,none,3.0,2026-03-22 03:05:22.902197+00:00,5.0,active,annual,49.17,0.0,none,2023-04-30 00:00:00+00:00,,Professional Plus,professional,59.0,25,21,1920.5652173913043,12,23.9,1.0,1.0,0.0,1203.67,0
795,Acme Ventures,Manufacturing,enterprise,United States,2023-01-01 00:00:00+00:00,paid_ads,True,,none,6.0,2026-03-22 03:05:22.902197+00:00,5.0,active,annual,49.17,0.0,none,2023-01-01 00:00:00+00:00,,Professional Plus,professional,59.0,31,23,1534.3461538461538,14,25.81,6.0,1.0,4.0,1919.75,0
796,Iris Platform,Marketing,small,Singapore,2023-11-23 00:00:00+00:00,paid_ads,True,,none,7.0,2026-03-22 03:05:22.902197+00:00,1.0,active,annual,0.0,0.0,none,2023-11-23 00:00:00+00:00,,Free,free,0.0,25,20,1682.4761904761904,11,22.71,10.0,1.0,3.0,2180.83,0
797,EdgeHub,Education,small,Canada,2025-02-20 00:00:00+00:00,referral,True,,none,6.0,2026-03-22 03:05:22.902197+00:00,2.0,active,monthly,12.0,0.0,none,2025-02-20 00:00:00+00:00,,Starter,starter,12.0,22,19,1830.4736842105262,11,21.7,4.0,0.0,0.0,553.49,0
798,NexusSoftware,Finance,small,United States,2023-06-10 00:00:00+00:00,organic,True,,none,7.0,2026-03-22 03:05:22.902197+00:00,3.0,active,monthly,19.0,0.0,none,2024-02-08 00:00:00+00:00,,Starter Plus,starter,19.0,23,17,1957.3181818181818,11,21.92,4.0,0.0,3.0,3162.39,0
799,Quark IO,Telecommunications,enterprise,Germany,2024-03-11 00:00:00+00:00,organic,True,,none,7.0,2026-03-22 03:05:22.902197+00:00,5.0,active,annual,49.17,0.0,none,2025-01-16 00:00:00+00:00,,Professional Plus,professional,59.0,23,17,1738.95,9,21.0,3.0,0.0,0.0,1982.68,0
800,Arc Studio,Logistics,enterprise,United States,2025-01-03 00:00:00+00:00,organic,True,,none,7.0,2026-03-22 03:05:22.902197+00:00,5.0,cancelled,monthly,59.0,0.0,Not using it,2025-03-08 00:00:00+00:00,2025-10-26 00:00:00+00:00,Professional Plus,professional,59.0,27,20,1516.1739130434783,13,23.15,8.0,3.0,4.0,3118.04,0
801,UltraCorp,Marketing,medium,Japan,2023-04-20 00:00:00+00:00,referral,False,2024-01-24 04:48:52+00:00,Company closed,7.0,2026-03-22 03:05:22.902197+00:00,5.0,cancelled,monthly,59.0,0.0,Too expensive,2023-04-20 00:00:00+00:00,2024-01-24 00:00:00+00:00,Professional Plus,professional,59.0,30,23,2018.25,12,26.83,4.0,2.0,2.0,1405.33,1
802,CloudHub,Legal,large,Canada,2024-10-16 00:00:00+00:00,event,True,,none,7.0,2026-03-22 03:05:22.902197+00:00,4.0,active,annual,32.5,0.0,none,2024-10-16 00:00:00+00:00,,Professional,professional,39.0,26,21,1471.421052631579,12,22.8,6.0,0.0,4.0,947.29,0
803,Vine Tech,Marketing,enterprise,France,2024-07-29 00:00:00+00:00,event,False,2025-03-06 11:21:23+00:00,Company closed,6.0,2026-03-22 03:05:22.902197+00:00,4.0,cancelled,annual,32.5,0.0,Missing features,2024-07-29 00:00:00+00:00,2025-03-06 00:00:00+00:00,Professional,professional,39.0,26,23,1957.142857142857,11,24.92,3.0,0.0,4.5,939.8100000000001,1
804,Zeal Tech,Retail,enterprise,France,2023-08-08 00:00:00+00:00,event,False,2025-09-03 12:28:25+00:00,Missing features,2.0,2026-03-22 03:05:22.902197+00:00,1.0,cancelled,monthly,0.0,10.0,Company reorganization,2023-08-08 00:00:00+00:00,2025-09-03 00:00:00+00:00,Free,free,0.0,19,15,1537.5384615384614,11,18.33,4.0,0.0,4.5,2788.81,1
805,Arc Corp,Manufacturing,enterprise,Canada,2024-08-02 00:00:00+00:00,organic,True,,none,7.0,2026-03-22 03:05:22.902197+00:00,4.0,active,annual,32.5,0.0,none,2025-08-18 00:00:00+00:00,,Professional,professional,39.0,29,26,2278.8571428571427,11,28.1,4.0,0.0,2.0,627.84,0
806,Vertex Stack,Healthcare,large,United States,2024-06-09 00:00:00+00:00,partner,True,,none,10.0,2026-03-22 03:05:22.902197+00:00,3.0,active,monthly,19.0,0.0,none,2024-08-12 00:00:00+00:00,,Starter Plus,starter,19.0,27,22,2114.2608695652175,9,25.35,3.0,0.0,4.0,263.3,0
807,WarpTech,Manufacturing,enterprise,Germany,2023-03-16 00:00:00+00:00,organic,False,2025-09-24 13:53:47+00:00,Company closed,6.0,2026-03-22 03:05:22.902197+00:00,6.0,cancelled,monthly,84.15,15.0,none,2023-03-16 00:00:00+00:00,2025-09-24 00:00:00+00:00,Enterprise,enterprise,99.0,24,21,1870.2631578947369,11,23.23,10.0,0.0,3.6666666666666665,965.5,1
808,BoltLogic,Technology,medium,Australia,2024-08-21 00:00:00+00:00,partner,True,,none,7.0,2026-03-22 03:05:22.902197+00:00,3.0,active,annual,15.83,0.0,none,2025-06-24 00:00:00+00:00,,Starter Plus,starter,19.0,27,20,1926.1304347826087,12,24.42,6.0,0.0,3.5,3778.48,0
809,Zeal Digital,E-commerce,small,United States,2024-07-07 00:00:00+00:00,partner,True,,none,9.0,2026-03-22 03:05:22.902197+00:00,4.0,active,monthly,39.0,0.0,none,2024-07-07 00:00:00+00:00,,Professional,professional,39.0,23,19,1838.6470588235295,11,22.13,5.0,0.0,3.5,1894.4899999999998,0
810,Kite Corp,Education,small,United Kingdom,2025-08-28 00:00:00+00:00,partner,True,,none,9.0,2026-03-22 03:05:22.902197+00:00,4.0,active,annual,32.5,0.0,none,2025-10-29 00:00:00+00:00,,Professional,professional,39.0,23,19,2167.5,12,23.33,4.0,1.0,4.0,2095.54,0
811,Yield Ventures,Retail,small,United States,2023-08-03 00:00:00+00:00,organic,False,2025-09-30 19:17:01+00:00,none,7.0,2026-03-22 03:05:22.902197+00:00,1.0,cancelled,monthly,0.0,0.0,Missing features,2023-08-03 00:00:00+00:00,2025-09-30 00:00:00+00:00,Free,free,0.0,26,21,1564.0,13,23.21,5.0,0.0,5.0,368.12,1
812,BoltLabs,Manufacturing,medium,United States,2024-10-29 00:00:00+00:00,referral,True,,none,7.0,2026-03-22 03:05:22.902197+00:00,4.0,paused,monthly,33.15,15.0,none,2024-10-29 00:00:00+00:00,,Professional,professional,39.0,27,23,1792.095238095238,13,24.97,4.0,2.0,0.0,1790.72,0
813,EchoLabs,Education,large,Singapore,2024-06-15 00:00:00+00:00,partner,False,2025-07-14 21:56:36+00:00,none,4.0,2026-03-22 03:05:22.902197+00:00,2.0,cancelled,monthly,12.0,0.0,Switched competitor,2024-08-19 00:00:00+00:00,2025-07-14 00:00:00+00:00,Starter,starter,12.0,27,21,1596.7222222222222,9,23.32,0.0,0.0,0.0,399.38,1
814,Nexus Corp,Retail,small,Australia,2025-08-05 00:00:00+00:00,organic,False,2025-09-19 18:21:29+00:00,Too expensive,1.0,2026-03-22 03:05:22.902197+00:00,1.0,cancelled,annual,0.0,0.0,none,2025-08-05 00:00:00+00:00,2025-09-19 00:00:00+00:00,Free,free,0.0,12,10,1916.3,9,15.09,4.0,0.0,0.0,725.2,1
815,Echo AI,Legal,enterprise,United States,2023-04-13 00:00:00+00:00,referral,False,2024-04-22 22:50:45+00:00,Switched to competitor,0.0,2026-03-22 03:05:22.902197+00:00,2.0,cancelled,annual,9.0,10.0,Missing features,2023-04-13 00:00:00+00:00,2024-04-22 00:00:00+00:00,Starter,starter,12.0,35,26,1670.5357142857142,13,28.67,4.0,0.0,4.0,1442.66,1
816,Mist Stack,Technology,small,Canada,2024-11-15 00:00:00+00:00,partner,True,,none,9.0,2026-03-22 03:05:22.902197+00:00,4.0,active,monthly,39.0,0.0,none,2024-11-15 00:00:00+00:00,,Professional,professional,39.0,22,15,1549.0,11,19.56,4.0,1.0,4.0,832.07,0
817,IonPlatform,Insurance,small,United Kingdom,2023-04-18 00:00:00+00:00,event,True,,none,9.0,2026-03-22 03:05:22.902197+00:00,2.0,active,monthly,12.0,0.0,none,2023-04-18 00:00:00+00:00,,Starter,starter,12.0,25,18,1617.421052631579,13,22.09,7.0,1.0,2.0,638.49,0
818,KeenAnalytics,Finance,small,Australia,2025-03-29 00:00:00+00:00,paid_ads,True,,none,5.0,2026-03-22 03:05:22.902197+00:00,2.0,active,monthly,9.0,25.0,none,2025-03-29 00:00:00+00:00,,Starter,starter,12.0,18,16,1735.25,11,18.88,2.0,0.0,0.0,1316.8600000000001,0
819,AcmeDigital,Retail,enterprise,United Kingdom,2023-07-12 00:00:00+00:00,organic,True,,none,7.0,2026-03-22 03:05:22.902197+00:00,4.0,active,monthly,39.0,0.0,none,2023-07-12 00:00:00+00:00,,Professional,professional,39.0,22,17,2036.3157894736842,9,21.59,4.0,0.0,3.0,2607.12,0
820,CoreSoftware,Education,medium,Canada,2025-07-02 00:00:00+00:00,referral,False,2025-09-03 02:32:52+00:00,none,7.0,2026-03-22 03:05:22.902197+00:00,4.0,cancelled,monthly,39.0,0.0,Not using it,2025-07-02 00:00:00+00:00,2025-09-03 00:00:00+00:00,Professional,professional,39.0,26,19,1776.35,12,23.22,5.0,1.0,4.0,483.40000000000003,1
821,VertexHub,Healthcare,enterprise,India,2024-04-13 00:00:00+00:00,paid_ads,True,,none,8.0,2026-03-22 03:05:22.902197+00:00,2.0,expired,annual,10.0,0.0,Switched competitor,2024-04-13 00:00:00+00:00,2024-10-05 00:00:00+00:00,Starter,starter,12.0,28,22,1821.2,12,25.07,3.0,0.0,3.0,1269.18,0
822,GlowSolutions,Telecommunications,medium,United Kingdom,2023-12-29 00:00:00+00:00,organic,True,,none,7.0,2026-03-22 03:05:22.902197+00:00,2.0,active,annual,10.0,0.0,none,2023-12-29 00:00:00+00:00,,Starter,starter,12.0,15,12,1999.8181818181818,10,17.27,10.0,1.0,5.0,1132.96,0
823,IrisStudio,Legal,medium,United States,2025-08-10 00:00:00+00:00,organic,True,,none,10.0,2026-03-22 03:05:22.902197+00:00,2.0,cancelled,monthly,12.0,0.0,none,2025-08-10 00:00:00+00:00,2025-10-19 00:00:00+00:00,Starter,starter,12.0,26,20,1967.8636363636363,13,24.26,5.0,1.0,3.6666666666666665,2064.62,0
824,Zen Cloud,Manufacturing,medium,Australia,2023-09-15 00:00:00+00:00,partner,True,,none,7.0,2026-03-22 03:05:22.902197+00:00,6.0,active,annual,82.5,0.0,none,2024-12-29 00:00:00+00:00,,Enterprise,enterprise,99.0,30,26,1903.8260869565217,12,27.35,2.0,1.0,5.0,1270.06,0
825,KiteHub,E-commerce,medium,United States,2025-09-13 00:00:00+00:00,paid_ads,True,,none,7.0,2026-03-22 03:05:22.902197+00:00,6.0,active,annual,82.5,0.0,none,2025-09-13 00:00:00+00:00,,Enterprise,enterprise,99.0,38,30,2368.037037037037,13,33.39,4.0,0.0,5.0,893.9,0
826,UltraLabs,Media,small,Japan,2023-05-08 00:00:00+00:00,paid_ads,True,,none,7.0,2026-03-22 03:05:22.902197+00:00,5.0,active,annual,49.17,0.0,none,2024-09-26 00:00:00+00:00,,Professional Plus,professional,59.0,15,12,1755.7333333333333,11,16.55,4.0,0.0,0.0,1013.15,0
827,VertexAnalytics,Technology,medium,Germany,2023-08-19 00:00:00+00:00,organic,True,,none,9.0,2026-03-22 03:05:22.902197+00:00,2.0,active,annual,10.0,0.0,none,2025-03-15 00:00:00+00:00,,Starter,starter,12.0,37,27,1985.4137931034484,14,30.92,4.0,1.0,4.0,480.38,0
828,OnyxSystems,Education,enterprise,France,2025-05-06 00:00:00+00:00,referral,True,,none,0.0,2026-03-22 03:05:22.902197+00:00,1.0,active,monthly,0.0,0.0,none,2025-05-06 00:00:00+00:00,,Free,free,0.0,20,15,2069.8823529411766,10,20.4,6.0,1.0,3.0,1995.5400000000002,0
829,Grid Ventures,Retail,enterprise,Singapore,2024-11-19 00:00:00+00:00,organic,True,,none,7.0,2026-03-22 03:05:22.902197+00:00,3.0,active,annual,15.83,0.0,none,2025-05-25 00:00:00+00:00,,Starter Plus,starter,19.0,27,23,1780.904761904762,12,24.84,4.0,0.0,0.0,2516.9,0
830,Peak HQ,Retail,medium,Brazil,2023-01-27 00:00:00+00:00,organic,True,,none,8.0,2026-03-22 03:05:22.902197+00:00,1.0,active,monthly,0.0,10.0,none,2023-01-27 00:00:00+00:00,,Free,free,0.0,25,18,1879.0,12,22.86,7.0,1.0,0.0,1672.54,0
831,BoltPro,Telecommunications,small,India,2025-03-13 00:00:00+00:00,event,False,2025-10-06 22:46:34+00:00,none,7.0,2026-03-22 03:05:22.902197+00:00,1.0,cancelled,monthly,0.0,0.0,none,2025-05-26 00:00:00+00:00,2025-10-06 00:00:00+00:00,Free,free,0.0,26,23,2075.7,12,25.42,6.0,1.0,0.0,875.84,1
832,WarpStudio,Finance,enterprise,Canada,2023-11-10 00:00:00+00:00,organic,False,2025-06-22 17:56:58+00:00,Switched to competitor,7.0,2026-03-22 03:05:22.902197+00:00,4.0,cancelled,monthly,39.0,0.0,Company reorganization,2024-07-19 00:00:00+00:00,2025-06-22 00:00:00+00:00,Professional,professional,39.0,23,19,1479.5294117647059,12,21.03,5.0,0.0,3.6666666666666665,1321.5,1
833,NexusIO,Insurance,medium,United Kingdom,2025-02-11 00:00:00+00:00,event,False,2025-05-17 10:56:11+00:00,Company closed,1.0,2026-03-22 03:05:22.902197+00:00,2.0,cancelled,annual,10.0,0.0,Missing features,2025-05-30 00:00:00+00:00,2025-05-17 00:00:00+00:00,Starter,starter,12.0,29,21,1957.76,10,25.43,2.0,0.0,0.0,757.06,1
834,Trek Group,Telecommunications,large,Australia,2025-08-01 00:00:00+00:00,event,True,,none,7.0,2026-03-22 03:05:22.902197+00:00,2.0,active,monthly,12.0,0.0,none,2025-08-01 00:00:00+00:00,,Starter,starter,12.0,23,23,1918.1764705882354,8,23.29,5.0,0.0,4.0,495.41999999999996,0
835,Orbit Net,E-commerce,small,United Kingdom,2023-01-22 00:00:00+00:00,partner,True,,none,7.0,2026-03-22 03:05:22.902197+00:00,4.0,active,monthly,39.0,0.0,none,2024-10-02 00:00:00+00:00,,Professional,professional,39.0,22,15,1779.2,11,20.33,2.0,0.0,4.0,1140.44,0
836,Xenon Analytics,Manufacturing,small,India,2025-04-27 00:00:00+00:00,paid_ads,True,,none,8.0,2026-03-22 03:05:22.902197+00:00,1.0,cancelled,annual,0.0,0.0,Too expensive,2025-04-27 00:00:00+00:00,2025-10-12 00:00:00+00:00,Free,free,0.0,33,28,1425.0,13,27.65,2.0,0.0,0.0,397.73,0
837,Mist Platform,Legal,small,France,2024-08-11 00:00:00+00:00,organic,True,,none,7.0,2026-03-22 03:05:22.902197+00:00,1.0,active,annual,0.0,20.0,none,2024-08-11 00:00:00+00:00,,Free,free,0.0,25,22,1831.25,8,23.5,7.0,0.0,4.0,1013.01,0
838,Core Dynamics,Logistics,small,India,2023-10-10 00:00:00+00:00,organic,True,,none,7.0,2026-03-22 03:05:22.902197+00:00,4.0,active,annual,29.25,10.0,none,2024-07-13 00:00:00+00:00,,Professional,professional,39.0,28,22,1840.5714285714287,14,25.34,10.0,0.0,3.5,631.8100000000001,0
839,TrekHub,Manufacturing,small,Singapore,2025-03-28 00:00:00+00:00,paid_ads,True,,none,7.0,2026-03-22 03:05:22.902197+00:00,3.0,active,monthly,19.0,0.0,none,2025-12-25 00:00:00+00:00,,Starter Plus,starter,19.0,26,19,2082.9523809523807,10,24.04,5.0,0.0,4.0,2131.57,0
840,ZealDynamics,Real Estate,small,United States,2023-03-14 00:00:00+00:00,partner,True,,none,9.0,2026-03-22 03:05:22.902197+00:00,3.0,active,annual,15.83,0.0,none,2023-03-14 00:00:00+00:00,,Starter Plus,starter,19.0,33,25,1562.9642857142858,11,27.01,6.0,0.0,0.0,388.61,0
841,PulseGroup,Finance,enterprise,United States,2025-08-26 00:00:00+00:00,organic,True,,none,7.0,2026-03-22 03:05:22.902197+00:00,5.0,active,monthly,59.0,0.0,none,2025-08-26 00:00:00+00:00,,Professional Plus,professional,59.0,25,21,1673.3,12,23.08,5.0,0.0,4.0,1228.79,0
842,Tidal Studio,Finance,large,Australia,2024-10-24 00:00:00+00:00,event,True,,none,9.0,2026-03-22 03:05:22.902197+00:00,4.0,active,monthly,39.0,0.0,none,2025-09-01 00:00:00+00:00,,Professional,professional,39.0,22,16,2351.4117647058824,12,22.64,3.0,1.0,0.0,213.51999999999998,0
843,Jade AI,Logistics,small,United States,2023-11-10 00:00:00+00:00,paid_ads,False,2025-02-23 05:45:13+00:00,Integration issues,0.0,2026-03-22 03:05:22.902197+00:00,4.0,cancelled,monthly,33.15,15.0,Budget cuts,2024-03-27 00:00:00+00:00,2025-02-23 00:00:00+00:00,Professional,professional,39.0,19,18,1872.2941176470588,11,20.34,4.0,0.0,4.0,137.6,1
844,MetaStack,Finance,medium,United Kingdom,2023-07-01 00:00:00+00:00,paid_ads,True,,none,7.0,2026-03-22 03:05:22.902197+00:00,2.0,active,annual,10.0,0.0,none,2023-07-01 00:00:00+00:00,,Starter,starter,12.0,24,20,1819.3529411764705,11,22.76,4.0,1.0,3.0,1015.59,0
845,CoreLabs,Telecommunications,medium,United States,2023-06-21 00:00:00+00:00,organic,True,,none,8.0,2026-03-22 03:05:22.902197+00:00,3.0,active,monthly,19.0,0.0,none,2023-06-21 00:00:00+00:00,,Starter Plus,starter,19.0,20,17,1960.0,10,20.63,3.0,0.0,1.0,677.79,0
846,YieldHQ,Logistics,medium,United States,2024-02-18 00:00:00+00:00,referral,False,2024-05-03 12:50:02+00:00,Not enough users,7.0,2026-03-22 03:05:22.902197+00:00,4.0,cancelled,annual,32.5,0.0,none,2024-02-18 00:00:00+00:00,2024-05-03 00:00:00+00:00,Professional,professional,39.0,21,17,1619.125,12,20.1,2.0,1.0,0.0,6239.58,1
847,HiveTech,Marketing,medium,Brazil,2023-10-17 00:00:00+00:00,organic,True,,none,5.0,2026-03-22 03:05:22.902197+00:00,2.0,active,monthly,12.0,0.0,none,2024-03-25 00:00:00+00:00,,Starter,starter,12.0,22,17,1621.1176470588234,11,20.4,8.0,1.0,4.0,148.41,0
848,ZenCorp,Consulting,small,Canada,2025-03-16 00:00:00+00:00,organic,True,,none,7.0,2026-03-22 03:05:22.902197+00:00,2.0,active,monthly,12.0,0.0,none,2025-03-16 00:00:00+00:00,,Starter,starter,12.0,19,15,1804.0666666666666,10,19.11,4.0,1.0,0.0,2878.2999999999997,0
849,Flow Cloud,Telecommunications,medium,France,2023-02-18 00:00:00+00:00,organic,True,,none,6.0,2026-03-22 03:05:22.902197+00:00,6.0,active,monthly,99.0,0.0,none,2023-02-18 00:00:00+00:00,,Enterprise,enterprise,99.0,22,13,1768.7368421052631,11,19.7,6.0,2.0,5.0,1659.6899999999998,0
850,RiftCorp,Media,enterprise,United States,2025-08-30 00:00:00+00:00,referral,False,2025-10-09 18:08:39+00:00,none,5.0,2026-03-22 03:05:22.902197+00:00,3.0,cancelled,annual,15.83,0.0,Too expensive,2025-08-30 00:00:00+00:00,2025-10-09 00:00:00+00:00,Starter Plus,starter,19.0,29,21,1468.2692307692307,13,24.09,2.0,1.0,1.0,376.78000000000003,1
851,NovaVentures,Technology,small,Australia,2025-07-26 00:00:00+00:00,organic,True,,none,7.0,2026-03-22 03:05:22.902197+00:00,2.0,active,monthly,12.0,0.0,none,2025-07-26 00:00:00+00:00,,Starter,starter,12.0,25,20,1849.7,12,23.37,4.0,0.0,5.0,2451.95,0
852,OrbitStudio,Manufacturing,small,United States,2024-12-28 00:00:00+00:00,partner,True,,none,7.0,2026-03-22 03:05:22.902197+00:00,5.0,active,monthly,59.0,0.0,none,2024-12-28 00:00:00+00:00,,Professional Plus,professional,59.0,24,22,1943.6190476190477,11,23.78,7.0,1.0,4.0,2333.2400000000002,0
853,PeakPro,Manufacturing,large,United States,2024-05-14 00:00:00+00:00,organic,True,,none,8.0,2026-03-22 03:05:22.902197+00:00,2.0,active,monthly,12.0,0.0,none,2025-03-30 00:00:00+00:00,,Starter,starter,12.0,21,14,1694.9444444444443,9,19.15,5.0,1.0,4.0,876.44,0
854,VineAnalytics,Legal,large,Australia,2023-05-03 00:00:00+00:00,partner,True,,none,7.0,2026-03-22 03:05:22.902197+00:00,5.0,active,monthly,59.0,0.0,none,2024-03-03 00:00:00+00:00,,Professional Plus,professional,59.0,20,18,1700.8125,11,20.17,6.0,2.0,3.0,982.73,0
855,FlowDynamics,E-commerce,small,Japan,2023-07-08 00:00:00+00:00,paid_ads,False,2023-11-19 16:52:05+00:00,Missing features,2.0,2026-03-22 03:05:22.902197+00:00,2.0,cancelled,monthly,12.0,0.0,Budget cuts,2024-05-16 00:00:00+00:00,2023-11-19 00:00:00+00:00,Starter,starter,12.0,23,18,1961.3333333333333,12,22.34,4.0,0.0,3.0,3907.91,1
856,QuestDev,E-commerce,enterprise,United Kingdom,2023-09-14 00:00:00+00:00,organic,True,,none,5.0,2026-03-22 03:05:22.902197+00:00,1.0,active,annual,0.0,0.0,none,2023-09-14 00:00:00+00:00,,Free,free,0.0,29,20,1427.5217391304348,13,23.66,3.0,0.0,4.0,1091.63,0
857,Sync Dev,Healthcare,small,United States,2023-03-13 00:00:00+00:00,event,True,,none,7.0,2026-03-22 03:05:22.902197+00:00,5.0,active,monthly,47.2,20.0,none,2023-03-13 00:00:00+00:00,,Professional Plus,professional,59.0,30,21,1852.9583333333333,12,25.68,4.0,1.0,4.0,296.14,0
858,Ultra AI,Healthcare,large,United States,2023-11-26 00:00:00+00:00,partner,True,,none,3.0,2026-03-22 03:05:22.902197+00:00,2.0,active,annual,10.0,0.0,none,2025-06-26 00:00:00+00:00,,Starter,starter,12.0,19,18,1834.9333333333334,12,20.32,5.0,0.0,5.0,241.95,0
859,Orbit Hub,Logistics,small,Brazil,2024-10-22 00:00:00+00:00,organic,True,,none,7.0,2026-03-22 03:05:22.902197+00:00,3.0,active,monthly,19.0,0.0,none,2024-10-22 00:00:00+00:00,,Starter Plus,starter,19.0,25,21,1336.0526315789473,11,21.85,6.0,1.0,3.0,934.01,0
860,Flux Group,Education,small,Singapore,2023-08-18 00:00:00+00:00,event,False,2025-01-23 20:16:41+00:00,none,10.0,2026-03-22 03:05:22.902197+00:00,4.0,cancelled,annual,32.5,0.0,Budget cuts,2023-08-18 00:00:00+00:00,2025-01-23 00:00:00+00:00,Professional,professional,39.0,26,23,1490.8947368421052,12,23.47,3.0,0.0,4.0,877.92,1
861,KiteStudio,Manufacturing,enterprise,Germany,2024-02-16 00:00:00+00:00,organic,False,2025-07-16 14:48:17+00:00,Company closed,2.0,2026-03-22 03:05:22.902197+00:00,2.0,cancelled,annual,10.0,0.0,Budget cuts,2024-02-16 00:00:00+00:00,2025-07-16 00:00:00+00:00,Starter,starter,12.0,16,12,1770.5,9,16.8,2.0,1.0,4.0,708.51,1
862,Nova Net,E-commerce,medium,United Kingdom,2025-02-21 00:00:00+00:00,organic,True,,none,6.0,2026-03-22 03:05:22.902197+00:00,1.0,active,annual,0.0,10.0,none,2025-02-21 00:00:00+00:00,,Free,free,0.0,31,24,1520.1851851851852,12,25.87,5.0,0.0,4.0,2939.88,0
863,TidalHub,Manufacturing,small,United Kingdom,2024-03-18 00:00:00+00:00,organic,False,2025-03-27 01:45:07+00:00,Too expensive,7.0,2026-03-22 03:05:22.902197+00:00,4.0,cancelled,annual,32.5,0.0,Too expensive,2024-03-18 00:00:00+00:00,2025-03-27 00:00:00+00:00,Professional,professional,39.0,31,20,1995.15,13,26.35,12.0,1.0,4.0,549.06,1
864,Zen Ventures,Insurance,enterprise,United Kingdom,2024-05-13 00:00:00+00:00,organic,True,,none,7.0,2026-03-22 03:05:22.902197+00:00,2.0,active,annual,9.0,10.0,none,2025-01-31 00:00:00+00:00,,Starter,starter,12.0,25,20,1487.7777777777778,12,22.16,5.0,0.0,5.0,430.09,0
865,FlowWorks,Marketing,small,France,2024-08-20 00:00:00+00:00,paid_ads,True,,none,6.0,2026-03-22 03:05:22.902197+00:00,3.0,active,annual,15.83,0.0,none,2025-02-27 00:00:00+00:00,,Starter Plus,starter,19.0,27,24,2022.4545454545455,12,25.94,4.0,1.0,5.0,4066.1499999999996,0
866,Jade Solutions,Telecommunications,small,United States,2024-10-05 00:00:00+00:00,partner,True,,none,7.0,2026-03-22 03:05:22.902197+00:00,5.0,active,monthly,59.0,0.0,none,2024-10-05 00:00:00+00:00,,Professional Plus,professional,59.0,29,22,1997.25,12,26.06,3.0,0.0,0.0,3740.96,0
867,HubOps,Telecommunications,medium,United States,2025-02-24 00:00:00+00:00,organic,False,2025-08-13 17:39:56+00:00,Not enough users,1.0,2026-03-22 03:05:22.902197+00:00,4.0,cancelled,annual,24.38,25.0,Too expensive,2025-10-08 00:00:00+00:00,2025-08-13 00:00:00+00:00,Professional,professional,39.0,35,25,1910.2142857142858,12,29.07,11.0,0.0,2.5,2828.5499999999997,1
868,Tidal Ops,Manufacturing,small,United States,2025-08-29 00:00:00+00:00,referral,True,,none,10.0,2026-03-22 03:05:22.902197+00:00,4.0,active,monthly,39.0,0.0,none,2025-08-29 00:00:00+00:00,,Professional,professional,39.0,20,17,1795.888888888889,10,20.09,3.0,0.0,3.0,1786.56,0
869,BoltGroup,Manufacturing,small,India,2023-01-25 00:00:00+00:00,organic,True,,none,7.0,2026-03-22 03:05:22.902197+00:00,3.0,active,annual,15.83,0.0,none,2023-01-25 00:00:00+00:00,,Starter Plus,starter,19.0,24,20,1681.55,13,22.51,2.0,0.0,0.0,2615.59,0
870,QuarkHQ,Marketing,small,Germany,2023-05-14 00:00:00+00:00,organic,True,,none,7.0,2026-03-22 03:05:22.902197+00:00,4.0,active,monthly,39.0,0.0,none,2023-05-14 00:00:00+00:00,,Professional,professional,39.0,27,24,1610.1904761904761,12,24.57,2.0,0.0,0.0,563.0899999999999,0
871,Yield Software,Telecommunications,medium,Australia,2025-04-02 00:00:00+00:00,organic,True,,none,7.0,2026-03-22 03:05:22.902197+00:00,2.0,active,monthly,9.0,25.0,none,2025-07-16 00:00:00+00:00,,Starter,starter,12.0,18,11,1648.4666666666667,12,17.19,2.0,1.0,5.0,3611.5099999999998,0
872,Meta IO,Education,small,United States,2025-07-06 00:00:00+00:00,referral,False,2025-10-22 17:11:46+00:00,No longer needed,7.0,2026-03-22 03:05:22.902197+00:00,7.0,cancelled,annual,165.83,0.0,Switched competitor,2025-12-01 00:00:00+00:00,2025-10-22 00:00:00+00:00,Enterprise Custom,enterprise,199.0,29,22,1679.2,12,25.0,5.0,2.0,5.0,310.47,1
873,EdgeLabs,Legal,enterprise,India,2023-12-05 00:00:00+00:00,paid_ads,True,,none,4.0,2026-03-22 03:05:22.902197+00:00,1.0,active,monthly,0.0,0.0,none,2023-12-05 00:00:00+00:00,,Free,free,0.0,22,19,1922.8823529411766,12,22.11,3.0,0.0,0.0,1678.18,0
874,MetaPro,Finance,small,France,2023-03-23 00:00:00+00:00,partner,True,,none,7.0,2026-03-22 03:05:22.902197+00:00,2.0,active,monthly,12.0,0.0,none,2024-02-24 00:00:00+00:00,,Starter,starter,12.0,20,16,2372.875,11,21.81,4.0,1.0,4.0,1202.82,0
875,JetDynamics,E-commerce,large,United States,2023-08-22 00:00:00+00:00,event,False,2025-01-26 10:47:34+00:00,Integration issues,2.0,2026-03-22 03:05:22.902197+00:00,1.0,expired,monthly,0.0,0.0,Too expensive,2023-08-22 00:00:00+00:00,2023-10-24 00:00:00+00:00,Free,free,0.0,20,15,2083.1666666666665,13,20.74,12.0,1.0,3.5,1181.56,1
876,Wave Pro,E-commerce,medium,United States,2024-05-20 00:00:00+00:00,organic,True,,none,7.0,2026-03-22 03:05:22.902197+00:00,2.0,active,annual,8.0,20.0,none,2024-05-20 00:00:00+00:00,,Starter,starter,12.0,23,18,1554.4,10,20.78,5.0,0.0,4.666666666666667,2913.23,0
877,FlowOps,Legal,medium,United States,2024-09-12 00:00:00+00:00,organic,True,,none,6.0,2026-03-22 03:05:22.902197+00:00,6.0,active,annual,61.88,25.0,none,2024-09-12 00:00:00+00:00,,Enterprise,enterprise,99.0,21,16,2115.470588235294,13,21.55,5.0,0.0,3.6666666666666665,2007.76,0
878,EchoStudio,Insurance,medium,India,2024-02-24 00:00:00+00:00,organic,True,,none,10.0,2026-03-22 03:05:22.902197+00:00,2.0,active,monthly,12.0,0.0,none,2024-05-29 00:00:00+00:00,,Starter,starter,12.0,20,19,1741.764705882353,11,20.61,8.0,1.0,0.0,887.03,0
879,DriftHQ,Finance,large,Australia,2024-10-09 00:00:00+00:00,paid_ads,False,2025-03-30 00:39:53+00:00,Too expensive,6.0,2026-03-22 03:05:22.902197+00:00,1.0,cancelled,monthly,0.0,0.0,Company reorganization,2025-02-03 00:00:00+00:00,2025-03-30 00:00:00+00:00,Free,free,0.0,31,28,1879.076923076923,11,28.16,4.0,0.0,2.0,603.25,1
880,JetVentures,E-commerce,small,United States,2023-06-12 00:00:00+00:00,event,True,,none,7.0,2026-03-22 03:05:22.902197+00:00,1.0,active,monthly,0.0,0.0,none,2023-08-31 00:00:00+00:00,,Free,free,0.0,35,31,2087.964285714286,13,31.56,2.0,1.0,0.0,3901.6600000000003,0
881,OrbitSoftware,Legal,medium,Australia,2023-03-10 00:00:00+00:00,event,True,,none,7.0,2026-03-22 03:05:22.902197+00:00,1.0,active,annual,0.0,0.0,none,2023-03-10 00:00:00+00:00,,Free,free,0.0,27,24,2205.2105263157896,11,26.45,4.0,0.0,0.0,3137.02,0
882,JetPlatform,Consulting,enterprise,United Kingdom,2023-11-15 00:00:00+00:00,paid_ads,True,,none,4.0,2026-03-22 03:05:22.902197+00:00,5.0,active,annual,49.17,0.0,none,2025-04-16 00:00:00+00:00,,Professional Plus,professional,59.0,19,15,1917.5714285714287,12,19.69,7.0,1.0,0.0,3210.2,0
883,OrbitWorks,Telecommunications,medium,Germany,2025-09-15 00:00:00+00:00,partner,True,,none,7.0,2026-03-22 03:05:22.902197+00:00,7.0,active,monthly,199.0,0.0,none,2025-11-15 00:00:00+00:00,,Enterprise Custom,enterprise,199.0,27,20,1640.8,12,23.47,12.0,0.0,5.0,2305.26,0
884,PulseIO,Telecommunications,small,India,2024-05-17 00:00:00+00:00,event,True,,none,7.0,2026-03-22 03:05:22.902197+00:00,1.0,active,annual,0.0,25.0,none,2024-05-17 00:00:00+00:00,,Free,free,0.0,20,17,1226.5,11,18.29,2.0,0.0,2.0,3123.28,0
885,Jet Studio,Retail,enterprise,United States,2023-05-30 00:00:00+00:00,referral,True,,none,7.0,2026-03-22 03:05:22.902197+00:00,1.0,active,annual,0.0,0.0,none,2024-07-10 00:00:00+00:00,,Free,free,0.0,26,23,1535.4545454545455,13,23.72,5.0,0.0,4.0,665.77,0
886,Mist Group,Healthcare,small,France,2025-03-20 00:00:00+00:00,organic,True,,none,7.0,2026-03-22 03:05:22.902197+00:00,3.0,active,annual,14.25,10.0,none,2025-08-02 00:00:00+00:00,,Starter Plus,starter,19.0,35,28,2000.84375,13,30.37,5.0,0.0,2.0,1518.19,0
887,Sync Labs,Technology,large,Singapore,2024-01-27 00:00:00+00:00,referral,True,,none,9.0,2026-03-22 03:05:22.902197+00:00,3.0,active,annual,15.83,0.0,none,2024-01-27 00:00:00+00:00,,Starter Plus,starter,19.0,24,19,1852.1764705882354,13,22.77,6.0,0.0,0.0,1610.81,0
888,Ultra Dynamics,Consulting,small,United States,2024-02-10 00:00:00+00:00,organic,False,2025-06-30 04:40:40+00:00,none,1.0,2026-03-22 03:05:22.902197+00:00,5.0,cancelled,monthly,59.0,0.0,none,2024-02-10 00:00:00+00:00,2025-06-30 00:00:00+00:00,Professional Plus,professional,59.0,17,14,1955.923076923077,12,18.72,3.0,0.0,4.0,3625.8,1
889,GlowAI,Legal,small,Canada,2023-08-29 00:00:00+00:00,referral,False,2024-07-03 20:47:39+00:00,Company closed,2.0,2026-03-22 03:05:22.902197+00:00,1.0,cancelled,monthly,0.0,0.0,Company reorganization,2023-08-29 00:00:00+00:00,2024-07-03 00:00:00+00:00,Free,free,0.0,29,20,1952.55,13,25.41,2.0,0.0,0.0,797.79,1
890,Flow Software,Consulting,small,United States,2024-10-20 00:00:00+00:00,partner,True,,none,2.0,2026-03-22 03:05:22.902197+00:00,4.0,active,monthly,35.1,10.0,none,2024-10-20 00:00:00+00:00,,Professional,professional,39.0,24,21,1896.842105263158,11,23.32,7.0,1.0,3.0,133.21,0
891,WarpPlatform,Retail,small,Japan,2025-02-22 00:00:00+00:00,organic,True,,none,8.0,2026-03-22 03:05:22.902197+00:00,3.0,expired,monthly,19.0,0.0,Not using it,2025-02-22 00:00:00+00:00,2025-07-17 00:00:00+00:00,Starter Plus,starter,19.0,31,25,2033.32,13,27.98,6.0,1.0,4.666666666666667,847.5899999999999,0
892,Link AI,E-commerce,small,Brazil,2025-04-28 00:00:00+00:00,event,False,2025-07-08 07:37:08+00:00,No longer needed,8.0,2026-03-22 03:05:22.902197+00:00,3.0,cancelled,annual,15.83,0.0,Missing features,2025-04-28 00:00:00+00:00,2025-07-08 00:00:00+00:00,Starter Plus,starter,19.0,23,20,1675.6190476190477,12,21.99,3.0,0.0,4.0,5727.2300000000005,1
893,RushDynamics,Manufacturing,small,United Kingdom,2024-10-28 00:00:00+00:00,organic,True,,none,8.0,2026-03-22 03:05:22.902197+00:00,3.0,cancelled,annual,15.83,0.0,none,2024-10-28 00:00:00+00:00,2025-08-17 00:00:00+00:00,Starter Plus,starter,19.0,23,20,1660.3333333333333,10,21.73,5.0,0.0,0.0,493.08,0
894,Yield Systems,Legal,enterprise,United Kingdom,2025-04-17 00:00:00+00:00,partner,True,,none,8.0,2026-03-22 03:05:22.902197+00:00,4.0,active,monthly,39.0,0.0,none,2025-04-17 00:00:00+00:00,,Professional,professional,39.0,20,17,1531.4166666666667,11,19.3,8.0,1.0,4.5,3331.3500000000004,0
895,Bolt Cloud,Technology,small,United States,2024-04-13 00:00:00+00:00,paid_ads,True,,none,7.0,2026-03-22 03:05:22.902197+00:00,2.0,active,monthly,12.0,0.0,none,2024-04-13 00:00:00+00:00,,Starter,starter,12.0,24,19,1921.857142857143,13,23.01,2.0,1.0,4.0,1727.73,0
896,FluxIO,Education,enterprise,Singapore,2024-09-26 00:00:00+00:00,event,False,2024-10-30 08:30:09+00:00,Poor support experience,7.0,2026-03-22 03:05:22.902197+00:00,6.0,cancelled,monthly,99.0,0.0,Company reorganization,2025-04-09 00:00:00+00:00,2024-10-30 00:00:00+00:00,Enterprise,enterprise,99.0,22,13,1546.2631578947369,14,19.25,4.0,2.0,0.0,2788.25,1
897,CoreLogic,Finance,small,United States,2024-03-03 00:00:00+00:00,referral,True,,none,1.0,2026-03-22 03:05:22.902197+00:00,1.0,active,annual,0.0,0.0,none,2024-05-12 00:00:00+00:00,,Free,free,0.0,31,27,1521.9166666666667,12,26.77,6.0,2.0,5.0,2705.95,0
898,Nova Systems,Telecommunications,large,France,2023-04-26 00:00:00+00:00,event,False,2024-05-24 18:05:01+00:00,Not enough users,7.0,2026-03-22 03:05:22.902197+00:00,4.0,cancelled,annual,32.5,0.0,Budget cuts,2023-04-26 00:00:00+00:00,2024-05-24 00:00:00+00:00,Professional,professional,39.0,26,22,1780.5,10,23.94,6.0,0.0,3.0,378.77,1
899,Rift Logic,Technology,small,Canada,2023-02-15 00:00:00+00:00,event,True,,none,7.0,2026-03-22 03:05:22.902197+00:00,1.0,active,monthly,0.0,0.0,none,2023-02-15 00:00:00+00:00,,Free,free,0.0,18,15,1520.5833333333333,10,17.77,7.0,1.0,4.0,1373.18,0
900,Rush Software,E-commerce,large,Canada,2024-03-21 00:00:00+00:00,partner,True,,none,7.0,2026-03-22 03:05:22.902197+00:00,2.0,active,annual,10.0,0.0,none,2024-03-21 00:00:00+00:00,,Starter,starter,12.0,33,27,2011.7307692307693,13,29.31,9.0,0.0,3.0,721.58,0
901,Xenon Tech,Real Estate,small,Canada,2024-07-07 00:00:00+00:00,referral,False,2025-05-02 08:35:31+00:00,Budget cuts,2.0,2026-03-22 03:05:22.902197+00:00,2.0,cancelled,monthly,12.0,0.0,Too expensive,2024-07-07 00:00:00+00:00,2025-05-02 00:00:00+00:00,Starter,starter,12.0,21,17,1773.5294117647059,10,20.41,6.0,2.0,0.0,1178.6200000000001,1
902,Rift Hub,Telecommunications,medium,Singapore,2023-05-21 00:00:00+00:00,paid_ads,True,,none,7.0,2026-03-22 03:05:22.902197+00:00,3.0,active,monthly,19.0,0.0,none,2023-05-21 00:00:00+00:00,,Starter Plus,starter,19.0,31,19,1537.3333333333333,14,24.62,4.0,0.0,0.0,2968.4300000000003,0
903,OnyxDigital,Media,large,France,2024-02-10 00:00:00+00:00,organic,False,2025-01-30 10:16:47+00:00,Switched to competitor,7.0,2026-03-22 03:05:22.902197+00:00,2.0,cancelled,annual,10.0,0.0,Not using it,2024-02-10 00:00:00+00:00,2025-01-30 00:00:00+00:00,Starter,starter,12.0,26,17,1641.1,12,22.17,5.0,0.0,4.0,2387.81,1
904,QuarkDynamics,Finance,large,United Kingdom,2025-03-27 00:00:00+00:00,organic,True,,none,7.0,2026-03-22 03:05:22.902197+00:00,3.0,active,monthly,19.0,0.0,none,2025-03-27 00:00:00+00:00,,Starter Plus,starter,19.0,22,19,1568.9,13,21.03,5.0,3.0,4.0,833.9000000000001,0
905,OrbitVentures,Manufacturing,large,United States,2025-07-03 00:00:00+00:00,paid_ads,True,,none,3.0,2026-03-22 03:05:22.902197+00:00,4.0,active,monthly,39.0,0.0,none,2025-10-26 00:00:00+00:00,,Professional,professional,39.0,21,17,1572.235294117647,11,19.84,9.0,1.0,4.0,505.19999999999993,0
906,EdgeNet,E-commerce,enterprise,Australia,2023-02-01 00:00:00+00:00,referral,True,,none,9.0,2026-03-22 03:05:22.902197+00:00,5.0,active,monthly,59.0,0.0,none,2023-02-01 00:00:00+00:00,,Professional Plus,professional,59.0,27,18,2080.8260869565215,14,24.54,2.0,0.0,3.0,1224.07,0
907,EdgeAnalytics,Healthcare,medium,India,2023-08-02 00:00:00+00:00,referral,True,,none,7.0,2026-03-22 03:05:22.902197+00:00,5.0,active,monthly,59.0,0.0,none,2023-08-02 00:00:00+00:00,,Professional Plus,professional,59.0,19,14,2068.25,11,19.79,2.0,0.0,0.0,112.22,0
908,OnyxGroup,Logistics,medium,United States,2024-01-28 00:00:00+00:00,organic,True,,none,7.0,2026-03-22 03:05:22.902197+00:00,4.0,active,monthly,39.0,0.0,none,2024-12-06 00:00:00+00:00,,Professional,professional,39.0,21,19,1993.8823529411766,12,21.95,5.0,0.0,0.0,2922.2700000000004,0
909,SageVentures,Marketing,large,Canada,2024-07-10 00:00:00+00:00,referral,False,2025-02-15 14:23:31+00:00,none,7.0,2026-03-22 03:05:22.902197+00:00,7.0,cancelled,monthly,199.0,0.0,Budget cuts,2025-06-30 00:00:00+00:00,2025-02-15 00:00:00+00:00,Enterprise Custom,enterprise,199.0,13,10,1421.0,9,13.84,3.0,0.0,0.0,226.56,1
910,DriftLogic,E-commerce,medium,Canada,2024-02-25 00:00:00+00:00,organic,False,2025-09-08 03:23:57+00:00,No longer needed,5.0,2026-03-22 03:05:22.902197+00:00,1.0,cancelled,annual,0.0,0.0,Too expensive,2024-02-25 00:00:00+00:00,2025-09-08 00:00:00+00:00,Free,free,0.0,25,20,1847.0,12,23.36,7.0,1.0,4.666666666666667,1957.31,1
911,Luna HQ,Education,large,Brazil,2023-05-01 00:00:00+00:00,event,True,,none,10.0,2026-03-22 03:05:22.902197+00:00,4.0,active,monthly,39.0,0.0,none,2023-05-01 00:00:00+00:00,,Professional,professional,39.0,21,18,1664.5294117647059,9,20.25,6.0,0.0,4.0,450.89,0
912,Vertex Corp,Healthcare,large,United States,2025-02-01 00:00:00+00:00,organic,True,,none,7.0,2026-03-22 03:05:22.902197+00:00,1.0,active,monthly,0.0,15.0,none,2025-02-01 00:00:00+00:00,,Free,free,0.0,35,29,1676.5357142857142,13,29.59,2.0,1.0,3.5,3070.14,0
913,Vertex Ops,Real Estate,enterprise,Canada,2023-05-23 00:00:00+00:00,organic,False,2023-07-28 18:47:14+00:00,Not enough users,6.0,2026-03-22 03:05:22.902197+00:00,3.0,cancelled,annual,15.83,0.0,Too expensive,2023-05-23 00:00:00+00:00,2023-12-31 00:00:00+00:00,Starter Plus,starter,19.0,28,21,1847.28,13,24.96,7.0,0.0,4.0,717.3199999999999,1
914,RushCorp,Manufacturing,small,United States,2025-07-30 00:00:00+00:00,paid_ads,True,,none,7.0,2026-03-22 03:05:22.902197+00:00,1.0,active,annual,0.0,0.0,none,2025-07-30 00:00:00+00:00,,Free,free,0.0,37,25,1927.0,14,30.12,2.0,0.0,5.0,1950.1599999999999,0
915,Keen Solutions,Logistics,small,Canada,2024-11-03 00:00:00+00:00,paid_ads,False,2025-05-12 11:49:22+00:00,Switched to competitor,1.0,2026-03-22 03:05:22.902197+00:00,1.0,cancelled,annual,0.0,0.0,Switched competitor,2024-11-03 00:00:00+00:00,2025-05-12 00:00:00+00:00,Free,free,0.0,21,16,1866.157894736842,12,20.62,4.0,1.0,4.0,299.28,1
916,TidalDigital,Manufacturing,small,India,2023-01-10 00:00:00+00:00,organic,True,,none,7.0,2026-03-22 03:05:22.902197+00:00,1.0,active,monthly,0.0,25.0,none,2023-01-10 00:00:00+00:00,,Free,free,0.0,14,14,1927.0,9,17.12,4.0,0.0,3.0,870.55,0
917,MetaOps,Consulting,small,United States,2023-05-11 00:00:00+00:00,referral,True,,none,9.0,2026-03-22 03:05:22.902197+00:00,6.0,active,monthly,99.0,0.0,none,2023-05-11 00:00:00+00:00,,Enterprise,enterprise,99.0,17,15,1785.857142857143,10,18.25,5.0,0.0,0.0,3027.9300000000003,0
918,PulseStack,Retail,large,India,2023-11-25 00:00:00+00:00,organic,True,,none,8.0,2026-03-22 03:05:22.902197+00:00,4.0,active,monthly,39.0,0.0,none,2024-11-15 00:00:00+00:00,,Professional,professional,39.0,33,26,1869.1935483870968,13,28.53,8.0,0.0,4.5,2314.41,0
919,OrbitPro,Consulting,medium,Japan,2023-10-22 00:00:00+00:00,organic,True,,none,8.0,2026-03-22 03:05:22.902197+00:00,6.0,active,monthly,79.2,20.0,none,2024-09-23 00:00:00+00:00,,Enterprise,enterprise,99.0,28,21,1774.923076923077,11,24.52,9.0,0.0,0.0,513.52,0
920,Rush Logic,Education,medium,Singapore,2025-05-25 00:00:00+00:00,paid_ads,True,,none,7.0,2026-03-22 03:05:22.902197+00:00,5.0,active,monthly,59.0,0.0,none,2025-09-25 00:00:00+00:00,,Professional Plus,professional,59.0,35,28,1872.625,14,30.04,4.0,1.0,4.0,556.5699999999999,0
921,Flux Works,Media,medium,Brazil,2024-08-31 00:00:00+00:00,partner,True,,none,10.0,2026-03-22 03:05:22.902197+00:00,3.0,active,monthly,19.0,0.0,none,2025-09-29 00:00:00+00:00,,Starter Plus,starter,19.0,18,15,2117.8,11,19.86,4.0,0.0,3.5,2987.73,0
922,HiveOps,Education,medium,Australia,2024-12-05 00:00:00+00:00,organic,True,,none,7.0,2026-03-22 03:05:22.902197+00:00,1.0,active,annual,0.0,0.0,none,2024-12-05 00:00:00+00:00,,Free,free,0.0,23,20,1839.55,11,22.43,5.0,0.0,0.0,2151.61,0
923,TrekDynamics,E-commerce,enterprise,Canada,2023-07-30 00:00:00+00:00,organic,True,,none,7.0,2026-03-22 03:05:22.902197+00:00,4.0,active,monthly,35.1,10.0,none,2023-07-30 00:00:00+00:00,,Professional,professional,39.0,19,15,2104.076923076923,12,20.31,7.0,1.0,0.0,955.92,0
924,LunaStack,Marketing,small,Australia,2023-09-18 00:00:00+00:00,organic,True,,none,10.0,2026-03-22 03:05:22.902197+00:00,1.0,active,monthly,0.0,15.0,none,2023-09-18 00:00:00+00:00,,Free,free,0.0,38,26,1843.2903225806451,12,30.34,2.0,0.0,0.0,2035.06,0
925,DriftDynamics,Education,medium,Brazil,2024-05-02 00:00:00+00:00,referral,True,,none,4.0,2026-03-22 03:05:22.902197+00:00,1.0,active,monthly,0.0,0.0,none,2024-05-02 00:00:00+00:00,,Free,free,0.0,25,19,1689.6,11,22.43,8.0,1.0,3.6666666666666665,1815.5800000000002,0
926,XenonHub,Technology,small,United States,2024-12-04 00:00:00+00:00,organic,True,,none,8.0,2026-03-22 03:05:22.902197+00:00,1.0,active,annual,0.0,0.0,none,2024-12-04 00:00:00+00:00,,Free,free,0.0,26,23,1819.24,12,24.56,6.0,0.0,3.6666666666666665,2007.74,0
927,Beam Platform,E-commerce,small,Brazil,2023-06-05 00:00:00+00:00,organic,False,2024-11-08 00:05:42+00:00,none,6.0,2026-03-22 03:05:22.902197+00:00,5.0,cancelled,monthly,59.0,0.0,Company reorganization,2023-06-05 00:00:00+00:00,2024-11-08 00:00:00+00:00,Professional Plus,professional,59.0,23,18,1741.5,11,21.51,1.0,0.0,1.0,2131.01,1
928,KiteTech,Real Estate,small,Canada,2023-06-19 00:00:00+00:00,event,True,,none,7.0,2026-03-22 03:05:22.902197+00:00,5.0,active,annual,49.17,0.0,none,2023-06-19 00:00:00+00:00,,Professional Plus,professional,59.0,21,16,1909.0,12,20.76,5.0,1.0,4.0,2715.64,0
929,Tidal Corp,Real Estate,enterprise,Brazil,2024-03-30 00:00:00+00:00,organic,True,,none,7.0,2026-03-22 03:05:22.902197+00:00,5.0,active,monthly,59.0,0.0,none,2025-03-19 00:00:00+00:00,,Professional Plus,professional,59.0,22,18,1779.6,10,21.13,4.0,0.0,0.0,2513.75,0
930,Rift IO,Manufacturing,enterprise,Japan,2024-09-13 00:00:00+00:00,organic,True,,none,2.0,2026-03-22 03:05:22.902197+00:00,1.0,active,annual,0.0,0.0,none,2024-09-13 00:00:00+00:00,,Free,free,0.0,21,18,2259.764705882353,14,22.73,4.0,0.0,3.5,876.92,0
931,Ultra Studio,Manufacturing,small,United Kingdom,2024-12-03 00:00:00+00:00,referral,True,,none,8.0,2026-03-22 03:05:22.902197+00:00,1.0,active,monthly,0.0,0.0,none,2024-12-03 00:00:00+00:00,,Free,free,0.0,25,20,2131.9473684210525,13,24.41,4.0,0.0,3.6666666666666665,240.85999999999999,0
932,TrekLabs,Marketing,small,Australia,2023-09-19 00:00:00+00:00,event,True,,none,10.0,2026-03-22 03:05:22.902197+00:00,1.0,active,annual,0.0,0.0,none,2023-09-19 00:00:00+00:00,,Free,free,0.0,26,17,1920.7083333333333,13,23.2,7.0,0.0,5.0,1157.1200000000001,0
933,HiveGroup,E-commerce,enterprise,United States,2024-12-13 00:00:00+00:00,event,True,,none,8.0,2026-03-22 03:05:22.902197+00:00,2.0,active,monthly,12.0,0.0,none,2025-10-29 00:00:00+00:00,,Starter,starter,12.0,23,16,1891.842105263158,12,21.51,7.0,0.0,2.5,623.8199999999999,0
934,Beam Analytics,Retail,small,United Kingdom,2024-08-09 00:00:00+00:00,paid_ads,True,,none,7.0,2026-03-22 03:05:22.902197+00:00,6.0,active,annual,61.88,25.0,none,2025-05-07 00:00:00+00:00,,Enterprise,enterprise,99.0,38,33,1886.09375,14,32.79,7.0,1.0,3.5,1075.8,0
935,SyncDynamics,Manufacturing,small,United Kingdom,2023-04-14 00:00:00+00:00,referral,True,,none,7.0,2026-03-22 03:05:22.902197+00:00,4.0,active,annual,32.5,0.0,none,2023-04-14 00:00:00+00:00,,Professional,professional,39.0,30,28,1535.95,11,26.62,3.0,0.0,0.0,4474.13,0
936,ZealHQ,Marketing,large,United States,2023-06-25 00:00:00+00:00,organic,True,,none,1.0,2026-03-22 03:05:22.902197+00:00,1.0,active,monthly,0.0,0.0,none,2023-06-25 00:00:00+00:00,,Free,free,0.0,25,19,2233.8571428571427,13,24.45,2.0,1.0,0.0,754.46,0
937,DriftPlatform,Legal,small,France,2023-05-20 00:00:00+00:00,organic,False,2025-06-03 18:51:05+00:00,Outgrew the platform,7.0,2026-03-22 03:05:22.902197+00:00,1.0,cancelled,monthly,0.0,0.0,Not using it,2024-10-23 00:00:00+00:00,2025-06-03 00:00:00+00:00,Free,free,0.0,32,24,2081.655172413793,12,28.14,4.0,1.0,2.0,2727.38,1
938,JadeDynamics,Telecommunications,medium,Canada,2024-06-20 00:00:00+00:00,paid_ads,True,,none,9.0,2026-03-22 03:05:22.902197+00:00,4.0,active,monthly,35.1,10.0,none,2025-04-18 00:00:00+00:00,,Professional,professional,39.0,18,14,1757.8235294117646,10,18.26,6.0,0.0,3.5,891.06,0
939,HubGroup,Manufacturing,medium,Germany,2025-03-04 00:00:00+00:00,paid_ads,True,,none,9.0,2026-03-22 03:05:22.902197+00:00,1.0,active,annual,0.0,0.0,none,2025-03-04 00:00:00+00:00,,Free,free,0.0,32,22,2042.1739130434783,12,27.41,7.0,0.0,4.333333333333333,365.84000000000003,0
940,PeakCloud,Finance,small,United Kingdom,2023-07-29 00:00:00+00:00,paid_ads,True,,none,2.0,2026-03-22 03:05:22.902197+00:00,2.0,active,monthly,12.0,0.0,none,2023-07-29 00:00:00+00:00,,Starter,starter,12.0,20,11,1960.9375,12,19.04,5.0,2.0,0.0,1047.38,0
941,Data Studio,Consulting,medium,Singapore,2023-02-11 00:00:00+00:00,referral,True,,none,7.0,2026-03-22 03:05:22.902197+00:00,1.0,active,annual,0.0,0.0,none,2023-02-11 00:00:00+00:00,,Free,free,0.0,36,25,1869.72,14,29.53,2.0,0.0,0.0,2164.4900000000002,0
942,EdgeStudio,Education,medium,United States,2024-06-05 00:00:00+00:00,organic,True,,none,1.0,2026-03-22 03:05:22.902197+00:00,5.0,active,monthly,59.0,0.0,none,2025-02-25 00:00:00+00:00,,Professional Plus,professional,59.0,19,12,1890.0,12,18.7,4.0,1.0,3.0,1084.93,0
943,VertexGroup,Real Estate,small,Germany,2024-03-19 00:00:00+00:00,referral,True,,none,9.0,2026-03-22 03:05:22.902197+00:00,4.0,active,monthly,35.1,10.0,none,2024-06-29 00:00:00+00:00,,Professional,professional,39.0,30,26,1872.4782608695652,12,27.24,8.0,2.0,3.0,3700.1400000000003,0
944,TrekHQ,Logistics,small,United States,2023-08-14 00:00:00+00:00,partner,False,2024-12-26 13:18:51+00:00,Too expensive,7.0,2026-03-22 03:05:22.902197+00:00,1.0,cancelled,monthly,0.0,0.0,Missing features,2023-08-14 00:00:00+00:00,2024-12-26 00:00:00+00:00,Free,free,0.0,24,20,1973.5,10,23.18,4.0,0.0,5.0,359.71,1
945,Jet Corp,Media,medium,Germany,2024-05-09 00:00:00+00:00,paid_ads,True,,none,10.0,2026-03-22 03:05:22.902197+00:00,5.0,active,annual,49.17,0.0,none,2024-05-09 00:00:00+00:00,,Professional Plus,professional,59.0,27,22,1521.6818181818182,13,23.77,5.0,0.0,4.333333333333333,2034.0900000000001,0
946,XenonIO,Education,medium,Japan,2024-11-14 00:00:00+00:00,event,True,,none,7.0,2026-03-22 03:05:22.902197+00:00,5.0,active,annual,36.88,25.0,none,2025-05-08 00:00:00+00:00,,Professional Plus,professional,59.0,26,19,1604.7777777777778,12,22.65,4.0,0.0,3.0,1510.59,0
947,OrbitLabs,Education,small,Japan,2023-11-04 00:00:00+00:00,partner,True,,none,9.0,2026-03-22 03:05:22.902197+00:00,5.0,paused,annual,49.17,0.0,none,2024-08-24 00:00:00+00:00,,Professional Plus,professional,59.0,17,12,2350.5,9,19.13,3.0,0.0,4.0,759.6800000000001,0
948,OrbitPlatform,Finance,small,France,2023-11-03 00:00:00+00:00,referral,False,2024-04-07 04:12:11+00:00,Integration issues,8.0,2026-03-22 03:05:22.902197+00:00,6.0,cancelled,monthly,99.0,0.0,none,2024-01-20 00:00:00+00:00,2024-04-07 00:00:00+00:00,Enterprise,enterprise,99.0,24,22,1855.9545454545455,11,23.49,4.0,0.0,0.0,2201.21,1
949,ZealWorks,Technology,medium,Australia,2024-01-15 00:00:00+00:00,referral,False,2024-08-15 01:26:12+00:00,Not enough users,7.0,2026-03-22 03:05:22.902197+00:00,5.0,cancelled,annual,49.17,0.0,Too expensive,2024-01-15 00:00:00+00:00,2024-08-15 00:00:00+00:00,Professional Plus,professional,59.0,23,18,1999.375,11,22.36,1.0,1.0,0.0,2164.69,1
950,Ultra Ventures,Manufacturing,enterprise,United States,2024-05-19 00:00:00+00:00,paid_ads,True,,none,7.0,2026-03-22 03:05:22.902197+00:00,5.0,expired,monthly,59.0,0.0,Company reorganization,2024-05-19 00:00:00+00:00,2024-08-23 00:00:00+00:00,Professional Plus,professional,59.0,32,25,1944.04,14,28.18,6.0,1.0,4.0,0.0,0
951,DataLabs,Technology,small,Germany,2023-03-31 00:00:00+00:00,referral,False,2024-08-23 04:57:55+00:00,Company closed,10.0,2026-03-22 03:05:22.902197+00:00,4.0,cancelled,monthly,29.25,25.0,none,2023-03-31 00:00:00+00:00,2024-08-23 00:00:00+00:00,Professional,professional,39.0,24,20,1929.0526315789473,13,23.33,7.0,0.0,3.0,1271.14,1
952,Link Cloud,Real Estate,enterprise,Japan,2023-09-24 00:00:00+00:00,partner,False,2025-06-17 19:05:22+00:00,none,3.0,2026-03-22 03:05:22.902197+00:00,6.0,cancelled,annual,70.12,15.0,Too expensive,2024-12-15 00:00:00+00:00,2025-06-17 00:00:00+00:00,Enterprise,enterprise,99.0,19,16,2153.6666666666665,10,20.58,2.0,0.0,0.0,224.88,1
953,KiteNet,Consulting,small,Japan,2023-08-29 00:00:00+00:00,organic,True,,none,7.0,2026-03-22 03:05:22.902197+00:00,7.0,active,monthly,199.0,0.0,none,2024-06-13 00:00:00+00:00,,Enterprise Custom,enterprise,199.0,17,15,1809.4545454545455,10,18.33,5.0,0.0,4.5,719.7199999999999,0
954,Data Ventures,Telecommunications,small,United States,2024-12-05 00:00:00+00:00,organic,True,,none,7.0,2026-03-22 03:05:22.902197+00:00,1.0,active,annual,0.0,0.0,none,2024-12-05 00:00:00+00:00,,Free,free,0.0,28,25,1748.35,12,25.73,5.0,0.0,0.0,1052.97,0
955,HubStack,Logistics,medium,France,2024-01-08 00:00:00+00:00,event,False,2024-07-04 17:36:22+00:00,Company closed,0.0,2026-03-22 03:05:22.902197+00:00,1.0,cancelled,monthly,0.0,0.0,Budget cuts,2024-01-08 00:00:00+00:00,2024-07-04 00:00:00+00:00,Free,free,0.0,25,24,1638.95,12,23.86,5.0,0.0,1.0,1938.47,1
956,YieldSolutions,Consulting,large,Australia,2024-12-25 00:00:00+00:00,paid_ads,True,,none,10.0,2026-03-22 03:05:22.902197+00:00,2.0,active,annual,8.5,15.0,none,2025-08-28 00:00:00+00:00,,Starter,starter,12.0,27,17,1445.5833333333333,13,22.02,2.0,1.0,0.0,1242.5,0
957,ArcTech,Marketing,small,United States,2025-01-08 00:00:00+00:00,organic,False,2025-02-21 22:22:17+00:00,none,2.0,2026-03-22 03:05:22.902197+00:00,6.0,cancelled,monthly,99.0,0.0,Budget cuts,2025-01-08 00:00:00+00:00,2025-02-21 00:00:00+00:00,Enterprise,enterprise,99.0,23,19,1735.0,11,21.78,7.0,0.0,4.0,1414.21,1
958,GridIO,Media,small,United Kingdom,2024-02-05 00:00:00+00:00,partner,True,,none,7.0,2026-03-22 03:05:22.902197+00:00,5.0,active,monthly,59.0,0.0,none,2024-02-05 00:00:00+00:00,,Professional Plus,professional,59.0,33,29,1893.3214285714287,13,29.51,6.0,0.0,5.0,2918.2799999999997,0
959,BeamHub,Insurance,small,Canada,2023-12-07 00:00:00+00:00,referral,False,2025-04-07 17:43:33+00:00,none,7.0,2026-03-22 03:05:22.902197+00:00,4.0,cancelled,monthly,39.0,0.0,Not using it,2024-07-23 00:00:00+00:00,2025-04-07 00:00:00+00:00,Professional,professional,39.0,23,17,2090.9375,10,22.27,5.0,0.0,2.5,665.85,1
960,Peak AI,Retail,small,Singapore,2025-04-21 00:00:00+00:00,referral,True,,none,7.0,2026-03-22 03:05:22.902197+00:00,6.0,active,annual,70.12,15.0,none,2025-04-21 00:00:00+00:00,,Enterprise,enterprise,99.0,19,16,2042.5882352941176,9,20.11,5.0,0.0,3.3333333333333335,663.8,0
961,Unit Hub,Logistics,enterprise,Germany,2024-11-08 00:00:00+00:00,partner,True,,none,7.0,2026-03-22 03:05:22.902197+00:00,2.0,active,monthly,9.6,20.0,none,2024-11-08 00:00:00+00:00,,Starter,starter,12.0,26,23,1487.4761904761904,14,23.66,8.0,3.0,4.0,480.55,0
962,YieldDynamics,Finance,medium,Singapore,2023-01-22 00:00:00+00:00,event,False,2024-03-28 02:08:27+00:00,No longer needed,7.0,2026-03-22 03:05:22.902197+00:00,5.0,cancelled,monthly,50.15,15.0,Not using it,2023-01-22 00:00:00+00:00,2024-03-28 00:00:00+00:00,Professional Plus,professional,59.0,19,16,2341.4666666666667,10,21.2,6.0,0.0,4.0,1060.98,1
963,Grid Hub,Telecommunications,small,Germany,2025-05-23 00:00:00+00:00,referral,True,,none,7.0,2026-03-22 03:05:22.902197+00:00,4.0,active,monthly,39.0,0.0,none,2025-05-23 00:00:00+00:00,,Professional,professional,39.0,24,18,1363.6470588235295,12,20.75,9.0,1.0,1.0,1118.96,0
964,Core Works,Healthcare,medium,Japan,2023-12-31 00:00:00+00:00,partner,True,,none,7.0,2026-03-22 03:05:22.902197+00:00,3.0,active,monthly,19.0,0.0,none,2023-12-31 00:00:00+00:00,,Starter Plus,starter,19.0,30,24,1679.4814814814815,9,25.7,0.0,0.0,0.0,1126.22,0
965,IrisAnalytics,Telecommunications,medium,United States,2025-08-04 00:00:00+00:00,organic,True,,none,6.0,2026-03-22 03:05:22.902197+00:00,4.0,active,annual,27.62,15.0,none,2025-08-04 00:00:00+00:00,,Professional,professional,39.0,26,22,1393.1666666666667,13,22.94,4.0,0.0,3.5,1182.24,0
966,Glow Hub,Insurance,medium,United Kingdom,2023-03-10 00:00:00+00:00,referral,True,,none,7.0,2026-03-22 03:05:22.902197+00:00,1.0,active,annual,0.0,0.0,none,2023-11-22 00:00:00+00:00,,Free,free,0.0,25,20,1495.9444444444443,13,22.29,3.0,0.0,0.0,4909.75,0
967,JadeHub,Marketing,large,India,2024-11-11 00:00:00+00:00,organic,True,,none,7.0,2026-03-22 03:05:22.902197+00:00,6.0,active,monthly,99.0,0.0,none,2025-07-24 00:00:00+00:00,,Enterprise,enterprise,99.0,24,21,1583.6521739130435,13,22.48,5.0,1.0,0.0,2091.42,0
968,Grid Group,Media,medium,United States,2023-12-15 00:00:00+00:00,organic,False,2025-10-04 18:57:13+00:00,Too expensive,7.0,2026-03-22 03:05:22.902197+00:00,1.0,expired,monthly,0.0,0.0,Budget cuts,2024-03-29 00:00:00+00:00,2024-11-20 00:00:00+00:00,Free,free,0.0,25,16,1726.75,12,21.76,6.0,1.0,3.5,2033.23,1
969,PulseCloud,Manufacturing,small,United States,2025-04-15 00:00:00+00:00,organic,True,,none,6.0,2026-03-22 03:05:22.902197+00:00,5.0,expired,annual,49.17,0.0,Not using it,2025-04-15 00:00:00+00:00,2025-08-14 00:00:00+00:00,Professional Plus,professional,59.0,34,28,2185.8214285714284,13,30.59,7.0,0.0,3.0,903.45,0
970,Ion Dev,Real Estate,medium,United States,2023-05-07 00:00:00+00:00,partner,False,2024-04-30 19:30:28+00:00,Integration issues,7.0,2026-03-22 03:05:22.902197+00:00,2.0,cancelled,monthly,12.0,0.0,none,2023-05-07 00:00:00+00:00,2024-04-30 00:00:00+00:00,Starter,starter,12.0,35,27,1411.8275862068965,14,28.21,6.0,1.0,5.0,2061.52,1
971,FlowNet,Real Estate,enterprise,France,2025-02-09 00:00:00+00:00,referral,True,,none,9.0,2026-03-22 03:05:22.902197+00:00,2.0,active,monthly,12.0,0.0,none,2025-09-01 00:00:00+00:00,,Starter,starter,12.0,27,24,1655.76,11,24.62,7.0,0.0,4.666666666666667,1684.49,0
972,Data Digital,Healthcare,small,Brazil,2023-04-20 00:00:00+00:00,partner,True,,none,8.0,2026-03-22 03:05:22.902197+00:00,1.0,active,monthly,0.0,0.0,none,2024-06-01 00:00:00+00:00,,Free,free,0.0,25,19,1729.0,10,22.46,4.0,1.0,0.0,580.56,0
973,Peak Ventures,Legal,enterprise,United States,2025-09-07 00:00:00+00:00,partner,True,,none,7.0,2026-03-22 03:05:22.902197+00:00,3.0,active,annual,15.83,0.0,none,2025-09-07 00:00:00+00:00,,Starter Plus,starter,19.0,28,23,1723.2727272727273,14,25.24,1.0,0.0,5.0,674.03,0
974,ArcLabs,Telecommunications,small,Brazil,2024-03-16 00:00:00+00:00,partner,True,,none,7.0,2026-03-22 03:05:22.902197+00:00,1.0,active,monthly,0.0,15.0,none,2024-03-16 00:00:00+00:00,,Free,free,0.0,24,20,1691.578947368421,13,22.54,7.0,0.0,3.0,5472.87,0
975,Nexus Systems,Legal,medium,Germany,2025-02-03 00:00:00+00:00,referral,True,,none,5.0,2026-03-22 03:05:22.902197+00:00,3.0,active,monthly,19.0,0.0,none,2025-02-03 00:00:00+00:00,,Starter Plus,starter,19.0,19,15,1723.0588235294117,9,18.74,7.0,0.0,4.0,4024.83,0
976,Edge Ops,Manufacturing,small,United Kingdom,2023-01-15 00:00:00+00:00,paid_ads,True,,none,7.0,2026-03-22 03:05:22.902197+00:00,2.0,active,annual,10.0,0.0,none,2023-01-15 00:00:00+00:00,,Starter,starter,12.0,25,19,2150.6315789473683,12,24.07,9.0,3.0,3.5,3589.97,0
977,YieldOps,Education,medium,Singapore,2025-05-28 00:00:00+00:00,event,True,,none,7.0,2026-03-22 03:05:22.902197+00:00,6.0,active,monthly,99.0,0.0,none,2025-08-11 00:00:00+00:00,,Enterprise,enterprise,99.0,22,21,1678.0,9,21.59,5.0,1.0,4.0,304.8,0
978,Beam HQ,Finance,small,United States,2023-05-25 00:00:00+00:00,referral,True,,none,9.0,2026-03-22 03:05:22.902197+00:00,4.0,active,annual,27.62,15.0,none,2023-11-27 00:00:00+00:00,,Professional,professional,39.0,18,16,2082.2,9,19.84,5.0,0.0,1.0,253.29000000000002,0
979,Drift Studio,Education,large,United Kingdom,2023-10-04 00:00:00+00:00,organic,False,2024-04-22 07:38:30+00:00,Not enough users,7.0,2026-03-22 03:05:22.902197+00:00,2.0,cancelled,monthly,12.0,0.0,Not using it,2023-10-04 00:00:00+00:00,2024-04-22 00:00:00+00:00,Starter,starter,12.0,17,11,1943.5333333333333,8,17.38,5.0,0.0,4.0,821.88,1
980,ZealPlatform,Manufacturing,small,Japan,2024-12-07 00:00:00+00:00,organic,False,2025-09-18 15:44:35+00:00,Outgrew the platform,7.0,2026-03-22 03:05:22.902197+00:00,5.0,cancelled,annual,49.17,0.0,Too expensive,2025-07-10 00:00:00+00:00,2025-09-18 00:00:00+00:00,Professional Plus,professional,59.0,31,25,1702.103448275862,14,26.97,4.0,1.0,5.0,791.09,1
981,QuarkPlatform,Logistics,medium,Brazil,2023-01-04 00:00:00+00:00,organic,False,2023-03-05 09:37:26+00:00,Company closed,7.0,2026-03-22 03:05:22.902197+00:00,7.0,cancelled,monthly,149.25,25.0,Company reorganization,2023-11-09 00:00:00+00:00,2023-03-05 00:00:00+00:00,Enterprise Custom,enterprise,199.0,19,15,2007.2666666666667,10,19.79,1.0,0.0,0.0,1603.17,1
982,Rush Ventures,E-commerce,large,Australia,2024-04-28 00:00:00+00:00,organic,True,,none,7.0,2026-03-22 03:05:22.902197+00:00,6.0,active,monthly,99.0,0.0,none,2024-04-28 00:00:00+00:00,,Enterprise,enterprise,99.0,22,17,1589.3333333333333,11,20.3,3.0,0.0,0.0,1412.69,0
983,OrbitCorp,E-commerce,medium,Australia,2023-05-19 00:00:00+00:00,organic,True,,none,7.0,2026-03-22 03:05:22.902197+00:00,4.0,active,annual,32.5,0.0,none,2023-05-19 00:00:00+00:00,,Professional,professional,39.0,28,20,1589.9,13,23.8,8.0,1.0,4.5,1023.88,0
984,QuarkLabs,Manufacturing,small,Germany,2023-08-31 00:00:00+00:00,partner,True,,none,5.0,2026-03-22 03:05:22.902197+00:00,4.0,active,annual,32.5,0.0,none,2023-11-05 00:00:00+00:00,,Professional,professional,39.0,21,17,1471.0714285714287,13,19.7,4.0,0.0,4.0,2733.3700000000003,0
985,CloudIO,Media,small,Singapore,2023-08-10 00:00:00+00:00,referral,True,,none,7.0,2026-03-22 03:05:22.902197+00:00,2.0,active,annual,10.0,0.0,none,2023-08-10 00:00:00+00:00,,Starter,starter,12.0,23,21,2228.6111111111113,13,24.23,5.0,1.0,0.0,2477.3,0
986,Sage Studio,Telecommunications,small,Canada,2023-10-09 00:00:00+00:00,paid_ads,False,2025-08-07 17:02:40+00:00,No longer needed,0.0,2026-03-22 03:05:22.902197+00:00,1.0,cancelled,monthly,0.0,20.0,none,2023-10-09 00:00:00+00:00,2024-01-22 00:00:00+00:00,Free,free,0.0,17,17,2089.0,10,19.86,7.0,1.0,3.0,399.30999999999995,1
987,DataOps,Real Estate,small,United States,2024-03-18 00:00:00+00:00,organic,False,2024-06-05 03:24:02+00:00,No longer needed,0.0,2026-03-22 03:05:22.902197+00:00,3.0,expired,monthly,19.0,0.0,Too expensive,2024-03-18 00:00:00+00:00,2024-12-24 00:00:00+00:00,Starter Plus,starter,19.0,23,15,1536.4,11,19.92,5.0,1.0,0.0,847.5899999999999,1
988,Arc Systems,Healthcare,enterprise,United States,2023-06-20 00:00:00+00:00,organic,True,,none,8.0,2026-03-22 03:05:22.902197+00:00,4.0,active,annual,32.5,0.0,none,2025-03-10 00:00:00+00:00,,Professional,professional,39.0,33,28,2319.1923076923076,12,30.53,8.0,2.0,3.3333333333333335,1288.17,0
989,MistDynamics,E-commerce,medium,Australia,2023-08-08 00:00:00+00:00,organic,True,,none,7.0,2026-03-22 03:05:22.902197+00:00,3.0,active,monthly,16.15,15.0,none,2023-08-08 00:00:00+00:00,,Starter Plus,starter,19.0,18,16,1712.2941176470588,11,18.81,3.0,0.0,0.0,2877.45,0
990,Data Platform,Legal,large,Japan,2025-04-16 00:00:00+00:00,paid_ads,False,2025-08-24 13:50:33+00:00,No longer needed,1.0,2026-03-22 03:05:22.902197+00:00,6.0,cancelled,annual,66.0,20.0,Company reorganization,2025-12-08 00:00:00+00:00,2025-08-24 00:00:00+00:00,Enterprise,enterprise,99.0,15,12,1371.4166666666667,9,15.07,3.0,0.0,2.0,1426.96,1
991,PulseDynamics,Marketing,medium,Japan,2024-05-17 00:00:00+00:00,partner,True,,none,9.0,2026-03-22 03:05:22.902197+00:00,2.0,active,annual,9.0,10.0,none,2025-09-12 00:00:00+00:00,,Starter,starter,12.0,27,22,1552.2777777777778,12,23.77,5.0,0.0,3.0,2511.9900000000002,0
992,Jet Group,Consulting,small,Australia,2024-11-28 00:00:00+00:00,organic,True,,none,7.0,2026-03-22 03:05:22.902197+00:00,1.0,active,monthly,0.0,0.0,none,2024-11-28 00:00:00+00:00,,Free,free,0.0,28,21,2064.0454545454545,14,25.78,4.0,0.0,0.0,1568.87,0
993,Bolt Hub,Logistics,large,United States,2025-04-07 00:00:00+00:00,referral,True,,none,8.0,2026-03-22 03:05:22.902197+00:00,4.0,active,monthly,39.0,0.0,none,2025-04-07 00:00:00+00:00,,Professional,professional,39.0,25,17,2382.3,11,24.14,4.0,1.0,2.5,665.88,0
994,OnyxPro,Technology,large,United States,2025-02-09 00:00:00+00:00,paid_ads,True,,none,8.0,2026-03-22 03:05:22.902197+00:00,5.0,cancelled,monthly,50.15,15.0,Too expensive,2025-02-09 00:00:00+00:00,2025-05-15 00:00:00+00:00,Professional Plus,professional,59.0,25,20,1529.7777777777778,13,22.4,2.0,0.0,0.0,2383.95,0
995,Warp Cloud,Media,medium,United States,2024-09-05 00:00:00+00:00,referral,False,2025-04-25 22:42:39+00:00,Missing features,4.0,2026-03-22 03:05:22.902197+00:00,2.0,cancelled,annual,10.0,0.0,Not using it,2024-09-05 00:00:00+00:00,2025-04-25 00:00:00+00:00,Starter,starter,12.0,27,20,2366.0,12,25.89,4.0,0.0,0.0,2808.49,1
996,XenonPro,Media,small,Australia,2023-11-26 00:00:00+00:00,paid_ads,True,,none,6.0,2026-03-22 03:05:22.902197+00:00,2.0,paused,monthly,12.0,0.0,none,2023-11-26 00:00:00+00:00,,Starter,starter,12.0,25,19,1533.857142857143,11,21.91,3.0,1.0,0.0,1776.1999999999998,0
997,Edge AI,Education,enterprise,United States,2025-01-26 00:00:00+00:00,paid_ads,False,2025-10-25 22:48:48+00:00,none,7.0,2026-03-22 03:05:22.902197+00:00,1.0,cancelled,annual,0.0,10.0,Company reorganization,2025-01-26 00:00:00+00:00,2025-10-25 00:00:00+00:00,Free,free,0.0,21,16,2340.777777777778,11,22.1,4.0,1.0,4.5,2884.33,1
998,Trek Hub,E-commerce,medium,Singapore,2024-02-14 00:00:00+00:00,event,True,,none,4.0,2026-03-22 03:05:22.902197+00:00,2.0,active,monthly,12.0,0.0,none,2024-02-14 00:00:00+00:00,,Starter,starter,12.0,26,21,1808.0,12,23.93,5.0,0.0,4.0,1670.1,0
999,Pulse Corp,Insurance,large,United States,2025-09-10 00:00:00+00:00,organic,True,,none,9.0,2026-03-22 03:05:22.902197+00:00,1.0,active,monthly,0.0,0.0,none,2025-09-10 00:00:00+00:00,,Free,free,0.0,29,27,1781.6363636363637,12,26.84,6.0,1.0,4.5,453.69000000000005,0
1000,SyncStack,Marketing,enterprise,India,2025-01-08 00:00:00+00:00,event,True,,none,8.0,2026-03-22 03:05:22.902197+00:00,1.0,active,annual,0.0,0.0,none,2025-01-08 00:00:00+00:00,,Free,free,0.0,19,17,1489.0666666666666,9,18.56,8.0,0.0,0.0,1655.48,0
1001,Flow IO,Manufacturing,small,Australia,2025-07-29 00:00:00+00:00,paid_ads,False,2025-09-18 22:18:24+00:00,none,1.0,2026-03-22 03:05:22.902197+00:00,4.0,cancelled,monthly,39.0,0.0,Company reorganization,2025-10-30 00:00:00+00:00,2025-09-18 00:00:00+00:00,Professional,professional,39.0,25,20,2162.5,11,24.31,10.0,2.0,2.0,258.17,1
1002,RushWorks,Finance,medium,Brazil,2024-10-16 00:00:00+00:00,partner,False,2025-10-12 06:12:49+00:00,Poor support experience,8.0,2026-03-22 03:05:22.902197+00:00,4.0,cancelled,monthly,31.2,20.0,Switched competitor,2025-10-20 00:00:00+00:00,2025-10-12 00:00:00+00:00,Professional,professional,39.0,22,17,1228.235294117647,10,18.99,5.0,1.0,3.0,3191.03,1
1003,LinkWorks,Healthcare,medium,France,2024-04-10 00:00:00+00:00,referral,True,,none,7.0,2026-03-22 03:05:22.902197+00:00,3.0,active,monthly,19.0,0.0,none,2024-04-10 00:00:00+00:00,,Starter Plus,starter,19.0,23,18,1724.095238095238,11,21.45,9.0,1.0,2.5,735.75,0
1004,MetaPlatform,Logistics,large,United Kingdom,2024-02-21 00:00:00+00:00,referral,True,,none,7.0,2026-03-22 03:05:22.902197+00:00,5.0,active,monthly,53.1,10.0,none,2025-05-04 00:00:00+00:00,,Professional Plus,professional,59.0,20,13,2121.9444444444443,12,20.17,10.0,2.0,2.3333333333333335,330.49,0
1005,WarpGroup,Consulting,enterprise,India,2025-01-07 00:00:00+00:00,organic,True,,none,7.0,2026-03-22 03:05:22.902197+00:00,6.0,active,monthly,99.0,0.0,none,2025-01-07 00:00:00+00:00,,Enterprise,enterprise,99.0,27,21,1983.8095238095239,12,24.91,7.0,1.0,3.0,3974.83,0
1006,LunaSoftware,Insurance,small,Brazil,2024-06-20 00:00:00+00:00,referral,True,,none,7.0,2026-03-22 03:05:22.902197+00:00,4.0,active,monthly,39.0,0.0,none,2024-06-20 00:00:00+00:00,,Professional,professional,39.0,33,29,1837.2592592592594,14,29.42,4.0,0.0,3.0,378.29999999999995,0
1007,OnyxNet,Legal,small,Brazil,2024-02-06 00:00:00+00:00,paid_ads,True,,none,7.0,2026-03-22 03:05:22.902197+00:00,2.0,active,annual,10.0,0.0,none,2024-02-06 00:00:00+00:00,,Starter,starter,12.0,29,26,1981.7826086956522,11,27.11,5.0,1.0,3.0,2454.88,0
1008,DataTech,Healthcare,enterprise,United States,2023-08-20 00:00:00+00:00,organic,True,,none,6.0,2026-03-22 03:05:22.902197+00:00,1.0,active,monthly,0.0,0.0,none,2023-08-20 00:00:00+00:00,,Free,free,0.0,30,27,1733.1304347826087,14,27.28,6.0,2.0,3.0,375.82000000000005,0
1009,LinkDigital,Manufacturing,small,United States,2023-03-17 00:00:00+00:00,referral,True,,none,6.0,2026-03-22 03:05:22.902197+00:00,2.0,active,monthly,10.2,15.0,none,2023-03-17 00:00:00+00:00,,Starter,starter,12.0,28,22,2071.7083333333335,13,26.01,4.0,0.0,0.0,3255.95,0
1010,FlowAnalytics,Legal,large,France,2024-10-07 00:00:00+00:00,organic,False,2025-09-09 14:16:30+00:00,Company closed,9.0,2026-03-22 03:05:22.902197+00:00,1.0,cancelled,monthly,0.0,0.0,Too expensive,2024-10-07 00:00:00+00:00,2025-09-09 00:00:00+00:00,Free,free,0.0,25,20,1703.8636363636363,12,22.88,5.0,0.0,4.5,2926.4199999999996,1
1011,Zeal Labs,Technology,small,United States,2025-06-11 00:00:00+00:00,referral,True,,none,8.0,2026-03-22 03:05:22.902197+00:00,1.0,active,annual,0.0,0.0,none,2025-06-11 00:00:00+00:00,,Free,free,0.0,21,16,1897.0,13,20.82,7.0,3.0,3.3333333333333335,628.07,0
1012,Luna Hub,E-commerce,small,India,2023-04-22 00:00:00+00:00,organic,True,,none,7.0,2026-03-22 03:05:22.902197+00:00,5.0,active,annual,49.17,0.0,none,2023-12-22 00:00:00+00:00,,Professional Plus,professional,59.0,27,21,2120.714285714286,13,25.47,11.0,0.0,3.6666666666666665,582.86,0
1013,SyncPro,Healthcare,small,Germany,2023-09-01 00:00:00+00:00,paid_ads,True,,none,7.0,2026-03-22 03:05:22.902197+00:00,5.0,active,monthly,59.0,0.0,none,2023-09-01 00:00:00+00:00,,Professional Plus,professional,59.0,17,14,1640.857142857143,8,17.27,7.0,0.0,3.0,1545.39,0
1014,Peak Studio,Real Estate,large,United States,2023-02-18 00:00:00+00:00,referral,True,,none,7.0,2026-03-22 03:05:22.902197+00:00,1.0,active,annual,0.0,0.0,none,2023-02-18 00:00:00+00:00,,Free,free,0.0,24,19,1934.5263157894738,13,23.05,3.0,0.0,3.0,967.95,0
1015,QuarkVentures,Manufacturing,enterprise,Brazil,2024-01-20 00:00:00+00:00,referral,True,,none,7.0,2026-03-22 03:05:22.902197+00:00,3.0,active,monthly,19.0,0.0,none,2024-01-20 00:00:00+00:00,,Starter Plus,starter,19.0,34,26,1780.5333333333333,14,28.74,5.0,0.0,3.0,434.48,0
1016,Iris Studio,Real Estate,medium,Singapore,2024-05-27 00:00:00+00:00,partner,True,,none,9.0,2026-03-22 03:05:22.902197+00:00,5.0,active,monthly,53.1,10.0,none,2025-02-10 00:00:00+00:00,,Professional Plus,professional,59.0,25,21,1946.421052631579,11,23.89,9.0,2.0,5.0,212.07999999999998,0
1017,Zeal Platform,Education,enterprise,United States,2024-12-17 00:00:00+00:00,referral,False,2025-08-20 16:05:04+00:00,Not enough users,4.0,2026-03-22 03:05:22.902197+00:00,4.0,cancelled,monthly,39.0,0.0,Not using it,2025-08-29 00:00:00+00:00,2025-08-20 00:00:00+00:00,Professional,professional,39.0,27,18,1791.1304347826087,12,23.37,9.0,0.0,4.0,1445.01,1
1018,BoltStack,Legal,small,Germany,2024-09-08 00:00:00+00:00,paid_ads,True,,none,7.0,2026-03-22 03:05:22.902197+00:00,2.0,active,annual,10.0,0.0,none,2025-08-28 00:00:00+00:00,,Starter,starter,12.0,28,25,2300.304347826087,13,27.67,3.0,0.0,0.0,1819.92,0
1019,Jet Net,Real Estate,medium,Australia,2025-02-20 00:00:00+00:00,organic,True,,none,7.0,2026-03-22 03:05:22.902197+00:00,3.0,active,annual,15.83,0.0,none,2025-02-20 00:00:00+00:00,,Starter Plus,starter,19.0,25,23,1304.857142857143,12,22.45,9.0,0.0,0.0,3000.65,0
1020,Jade Logic,Real Estate,medium,India,2025-04-08 00:00:00+00:00,paid_ads,True,,none,7.0,2026-03-22 03:05:22.902197+00:00,5.0,active,annual,49.17,0.0,none,2025-09-30 00:00:00+00:00,,Professional Plus,professional,59.0,32,22,1960.5,13,27.24,5.0,3.0,3.0,947.1700000000001,0
1021,ZealSoftware,Marketing,medium,India,2023-06-02 00:00:00+00:00,event,True,,none,7.0,2026-03-22 03:05:22.902197+00:00,4.0,active,monthly,39.0,0.0,none,2023-06-02 00:00:00+00:00,,Professional,professional,39.0,32,30,1892.4642857142858,14,29.51,4.0,1.0,0.0,691.75,0
1022,GlowAnalytics,Technology,enterprise,United States,2024-06-10 00:00:00+00:00,referral,True,,none,10.0,2026-03-22 03:05:22.902197+00:00,1.0,active,annual,0.0,0.0,none,2024-06-10 00:00:00+00:00,,Free,free,0.0,23,17,1450.5,11,20.24,6.0,0.0,4.0,115.63,0
1023,DataSystems,Insurance,medium,Japan,2025-09-19 00:00:00+00:00,organic,True,,none,10.0,2026-03-22 03:05:22.902197+00:00,6.0,active,monthly,99.0,0.0,none,2025-09-19 00:00:00+00:00,,Enterprise,enterprise,99.0,21,19,1613.125,11,20.58,9.0,0.0,4.25,1993.91,0
1024,Arc Hub,Finance,enterprise,Singapore,2023-02-21 00:00:00+00:00,organic,True,,none,6.0,2026-03-22 03:05:22.902197+00:00,1.0,active,annual,0.0,0.0,none,2023-02-21 00:00:00+00:00,,Free,free,0.0,31,22,1751.0454545454545,14,26.24,4.0,0.0,0.0,903.38,0
1025,FluxHQ,Education,medium,United States,2024-02-26 00:00:00+00:00,referral,True,,none,6.0,2026-03-22 03:05:22.902197+00:00,5.0,active,annual,49.17,0.0,none,2024-12-25 00:00:00+00:00,,Professional Plus,professional,59.0,40,34,1745.4375,14,33.42,5.0,0.0,3.0,1239.3200000000002,0
1026,VineIO,Retail,medium,Australia,2023-09-27 00:00:00+00:00,event,False,2025-10-23 11:00:49+00:00,Outgrew the platform,7.0,2026-03-22 03:05:22.902197+00:00,1.0,cancelled,monthly,0.0,0.0,Missing features,2023-09-27 00:00:00+00:00,2025-10-23 00:00:00+00:00,Free,free,0.0,19,13,1848.4,11,18.76,4.0,2.0,4.0,2331.59,1
1027,Drift Platform,Healthcare,small,India,2024-07-11 00:00:00+00:00,paid_ads,True,,none,5.0,2026-03-22 03:05:22.902197+00:00,6.0,active,monthly,74.25,25.0,none,2025-06-25 00:00:00+00:00,,Enterprise,enterprise,99.0,21,16,1715.7368421052631,10,19.92,3.0,0.0,0.0,2111.0699999999997,0
1028,GlowOps,Consulting,medium,Japan,2024-11-14 00:00:00+00:00,paid_ads,True,,none,8.0,2026-03-22 03:05:22.902197+00:00,3.0,active,annual,15.83,0.0,none,2024-11-14 00:00:00+00:00,,Starter Plus,starter,19.0,27,22,1764.7826086956522,12,24.48,7.0,1.0,3.0,5035.96,0
1029,GridLogic,Healthcare,small,Canada,2025-05-03 00:00:00+00:00,paid_ads,False,2025-06-19 22:00:09+00:00,Not enough users,7.0,2026-03-22 03:05:22.902197+00:00,5.0,cancelled,monthly,59.0,0.0,none,2025-05-03 00:00:00+00:00,2025-06-19 00:00:00+00:00,Professional Plus,professional,59.0,16,12,1663.1,9,16.44,7.0,0.0,5.0,4887.11,1
1030,Hive Corp,Finance,medium,Japan,2025-02-15 00:00:00+00:00,partner,True,,none,7.0,2026-03-22 03:05:22.902197+00:00,5.0,active,annual,49.17,0.0,none,2025-08-11 00:00:00+00:00,,Professional Plus,professional,59.0,19,15,1400.0714285714287,9,17.67,8.0,2.0,4.0,1062.15,0
1031,Rift Works,Manufacturing,small,India,2024-12-20 00:00:00+00:00,organic,True,,none,7.0,2026-03-22 03:05:22.902197+00:00,2.0,active,monthly,12.0,0.0,none,2024-12-20 00:00:00+00:00,,Starter,starter,12.0,25,23,1812.6190476190477,13,24.24,4.0,1.0,0.0,1882.96,0
1032,ZenOps,Healthcare,medium,Canada,2024-06-14 00:00:00+00:00,organic,True,,none,9.0,2026-03-22 03:05:22.902197+00:00,1.0,active,monthly,0.0,0.0,none,2024-06-14 00:00:00+00:00,,Free,free,0.0,19,17,1768.6153846153845,10,19.6,4.0,1.0,4.333333333333333,819.99,0
1033,WarpLabs,Finance,small,Singapore,2023-03-30 00:00:00+00:00,organic,True,,none,7.0,2026-03-22 03:05:22.902197+00:00,4.0,active,annual,32.5,0.0,none,2023-03-30 00:00:00+00:00,,Professional,professional,39.0,31,23,1863.5185185185185,12,26.71,9.0,2.0,0.0,2554.2,0
1034,CoreSystems,Manufacturing,medium,United States,2024-08-07 00:00:00+00:00,organic,False,2025-07-12 01:57:39+00:00,Not enough users,7.0,2026-03-22 03:05:22.902197+00:00,1.0,cancelled,monthly,0.0,10.0,Missing features,2024-08-07 00:00:00+00:00,2025-07-12 00:00:00+00:00,Free,free,0.0,20,13,1923.6,10,19.31,5.0,0.0,4.0,343.24,1
1035,JadeVentures,Logistics,small,United Kingdom,2025-09-02 00:00:00+00:00,partner,False,2025-10-03 20:01:34+00:00,Company closed,7.0,2026-03-22 03:05:22.902197+00:00,6.0,cancelled,annual,74.25,10.0,Not using it,2025-11-02 00:00:00+00:00,2025-10-03 00:00:00+00:00,Enterprise,enterprise,99.0,21,19,1539.7222222222222,13,20.53,3.0,0.0,0.0,1009.9300000000001,1
1036,Mist Works,Retail,large,Brazil,2024-10-03 00:00:00+00:00,organic,True,,none,9.0,2026-03-22 03:05:22.902197+00:00,5.0,active,monthly,59.0,0.0,none,2024-10-03 00:00:00+00:00,,Professional Plus,professional,59.0,20,15,1736.842105263158,11,19.39,6.0,1.0,3.3333333333333335,3604.3,0
1037,SageStack,Marketing,small,United Kingdom,2024-11-03 00:00:00+00:00,referral,False,2025-07-30 01:38:53+00:00,Not enough users,6.0,2026-03-22 03:05:22.902197+00:00,3.0,cancelled,annual,13.46,15.0,Company reorganization,2024-11-03 00:00:00+00:00,2025-07-30 00:00:00+00:00,Starter Plus,starter,19.0,26,23,2041.421052631579,12,25.3,6.0,1.0,4.5,3618.5000000000005,1
1038,DriftIO,Consulting,medium,Japan,2023-06-07 00:00:00+00:00,partner,True,,none,7.0,2026-03-22 03:05:22.902197+00:00,1.0,active,annual,0.0,15.0,none,2023-06-07 00:00:00+00:00,,Free,free,0.0,20,16,2035.7368421052631,10,20.59,6.0,0.0,4.0,532.17,0
1039,Peak Dynamics,Marketing,large,Japan,2024-12-13 00:00:00+00:00,organic,True,,none,10.0,2026-03-22 03:05:22.902197+00:00,3.0,active,monthly,19.0,0.0,none,2024-12-13 00:00:00+00:00,,Starter Plus,starter,19.0,28,23,1882.84,13,25.68,3.0,0.0,5.0,350.95,0
1040,Vine Works,Retail,small,Germany,2023-05-24 00:00:00+00:00,event,True,,none,7.0,2026-03-22 03:05:22.902197+00:00,3.0,active,monthly,19.0,0.0,none,2023-05-24 00:00:00+00:00,,Starter Plus,starter,19.0,21,15,1495.7333333333333,10,18.89,4.0,0.0,4.5,1493.23,0
1041,Ion Ops,Media,large,Brazil,2023-07-19 00:00:00+00:00,referral,True,,none,7.0,2026-03-22 03:05:22.902197+00:00,1.0,active,monthly,0.0,0.0,none,2023-07-19 00:00:00+00:00,,Free,free,0.0,19,17,1642.4705882352941,10,19.17,5.0,0.0,4.0,842.23,0
1042,Warp Works,Legal,medium,United States,2023-08-15 00:00:00+00:00,organic,True,,none,8.0,2026-03-22 03:05:22.902197+00:00,5.0,active,monthly,47.2,20.0,none,2024-12-20 00:00:00+00:00,,Professional Plus,professional,59.0,17,14,1415.5,10,16.72,10.0,1.0,0.0,4681.91,0
1043,NexusSystems,Telecommunications,medium,Brazil,2023-07-23 00:00:00+00:00,partner,True,,none,7.0,2026-03-22 03:05:22.902197+00:00,1.0,active,annual,0.0,0.0,none,2023-07-23 00:00:00+00:00,,Free,free,0.0,18,15,1948.3125,9,19.09,10.0,0.0,5.0,1490.91,0
1044,Xenon Software,Manufacturing,small,United States,2023-08-10 00:00:00+00:00,organic,True,,none,10.0,2026-03-22 03:05:22.902197+00:00,3.0,active,monthly,19.0,0.0,none,2025-04-17 00:00:00+00:00,,Starter Plus,starter,19.0,26,21,1456.6842105263158,11,22.66,3.0,0.0,5.0,967.81,0
1045,Nexus Analytics,Retail,small,France,2023-12-29 00:00:00+00:00,referral,False,2024-11-20 10:22:37+00:00,Integration issues,10.0,2026-03-22 03:05:22.902197+00:00,2.0,cancelled,annual,10.0,0.0,Missing features,2023-12-29 00:00:00+00:00,2024-11-20 00:00:00+00:00,Starter,starter,12.0,26,19,1867.6521739130435,11,23.43,6.0,0.0,5.0,693.96,1
1046,JadeAI,Retail,small,Canada,2025-05-27 00:00:00+00:00,organic,True,,none,10.0,2026-03-22 03:05:22.902197+00:00,1.0,active,monthly,0.0,0.0,none,2025-05-27 00:00:00+00:00,,Free,free,0.0,14,13,1955.3333333333333,8,16.82,8.0,0.0,3.5,2461.3599999999997,0
1047,DataWorks,Real Estate,medium,Australia,2023-05-22 00:00:00+00:00,event,True,,none,6.0,2026-03-22 03:05:22.902197+00:00,5.0,active,monthly,59.0,0.0,none,2024-03-31 00:00:00+00:00,,Professional Plus,professional,59.0,26,18,1515.2380952380952,11,21.95,6.0,0.0,4.0,750.28,0
1048,UltraNet,Education,small,Japan,2024-03-14 00:00:00+00:00,organic,True,,none,10.0,2026-03-22 03:05:22.902197+00:00,1.0,active,annual,0.0,0.0,none,2024-03-14 00:00:00+00:00,,Free,free,0.0,20,15,2037.6666666666667,14,20.69,2.0,0.0,0.0,846.28,0
1049,OnyxPlatform,Telecommunications,small,United States,2025-06-08 00:00:00+00:00,referral,True,,none,6.0,2026-03-22 03:05:22.902197+00:00,2.0,active,annual,10.0,0.0,none,2025-06-08 00:00:00+00:00,,Starter,starter,12.0,23,21,1624.611111111111,10,21.92,5.0,1.0,3.0,577.84,0
1050,Grid Cloud,Education,small,Japan,2025-09-13 00:00:00+00:00,partner,True,,none,7.0,2026-03-22 03:05:22.902197+00:00,5.0,active,monthly,47.2,20.0,none,2025-11-12 00:00:00+00:00,,Professional Plus,professional,59.0,15,14,1817.6,8,17.06,3.0,0.0,4.0,2470.6899999999996,0
1051,BeamHQ,Insurance,medium,France,2024-06-11 00:00:00+00:00,organic,True,,none,7.0,2026-03-22 03:05:22.902197+00:00,6.0,active,annual,82.5,0.0,none,2024-06-11 00:00:00+00:00,,Enterprise,enterprise,99.0,21,15,1851.842105263158,11,20.17,5.0,0.0,2.5,995.1800000000001,0
1052,Luna Net,Media,enterprise,United States,2025-06-18 00:00:00+00:00,referral,True,,none,6.0,2026-03-22 03:05:22.902197+00:00,1.0,active,annual,0.0,0.0,none,2025-06-18 00:00:00+00:00,,Free,free,0.0,25,21,1594.047619047619,12,22.81,4.0,0.0,0.0,4396.52,0
1053,Kite Hub,Consulting,medium,Japan,2024-05-06 00:00:00+00:00,event,True,,none,10.0,2026-03-22 03:05:22.902197+00:00,3.0,active,monthly,17.1,10.0,none,2024-11-13 00:00:00+00:00,,Starter Plus,starter,19.0,25,20,2085.304347826087,10,23.95,5.0,0.0,4.0,1081.43,0
1054,NexusTech,Insurance,enterprise,Singapore,2024-02-06 00:00:00+00:00,referral,False,2024-07-26 02:14:53+00:00,none,0.0,2026-03-22 03:05:22.902197+00:00,2.0,cancelled,monthly,12.0,0.0,none,2025-08-17 00:00:00+00:00,2024-07-26 00:00:00+00:00,Starter,starter,12.0,28,22,2314.7368421052633,13,26.82,2.0,0.0,0.0,519.54,1
1055,NovaSoftware,Legal,large,United Kingdom,2023-06-26 00:00:00+00:00,referral,False,2024-06-22 14:10:13+00:00,none,0.0,2026-03-22 03:05:22.902197+00:00,1.0,cancelled,annual,0.0,0.0,Switched competitor,2023-06-26 00:00:00+00:00,2024-06-22 00:00:00+00:00,Free,free,0.0,23,19,2171.45,12,23.34,5.0,1.0,3.6666666666666665,420.91999999999996,1
1056,UnitCorp,Logistics,enterprise,Brazil,2023-06-20 00:00:00+00:00,partner,True,,none,10.0,2026-03-22 03:05:22.902197+00:00,6.0,active,annual,82.5,0.0,none,2024-08-22 00:00:00+00:00,,Enterprise,enterprise,99.0,27,25,1657.3157894736842,11,24.92,4.0,1.0,3.0,3654.23,0
1057,UltraDynamics,Education,medium,United States,2025-04-07 00:00:00+00:00,organic,True,,none,0.0,2026-03-22 03:05:22.902197+00:00,3.0,active,annual,12.67,20.0,none,2025-10-13 00:00:00+00:00,,Starter Plus,starter,19.0,25,19,1365.7368421052631,10,21.25,6.0,1.0,2.3333333333333335,626.12,0
1058,QuarkAnalytics,Insurance,medium,Brazil,2025-05-31 00:00:00+00:00,referral,True,,none,8.0,2026-03-22 03:05:22.902197+00:00,1.0,active,monthly,0.0,20.0,none,2025-05-31 00:00:00+00:00,,Free,free,0.0,30,26,1941.304347826087,12,27.47,3.0,1.0,0.0,2592.92,0
1059,Pulse Ops,Telecommunications,medium,Canada,2025-07-05 00:00:00+00:00,partner,True,,none,10.0,2026-03-22 03:05:22.902197+00:00,4.0,active,annual,26.0,20.0,none,2025-09-03 00:00:00+00:00,,Professional,professional,39.0,21,18,1893.5,11,21.21,4.0,0.0,2.0,820.12,0
1060,ZenPro,Retail,small,Japan,2025-04-10 00:00:00+00:00,referral,True,,none,7.0,2026-03-22 03:05:22.902197+00:00,1.0,active,annual,0.0,25.0,none,2025-04-10 00:00:00+00:00,,Free,free,0.0,20,17,1814.7333333333333,9,20.05,5.0,0.0,3.0,1354.36,0
1061,Vine Pro,Legal,small,Singapore,2025-03-28 00:00:00+00:00,organic,True,,none,7.0,2026-03-22 03:05:22.902197+00:00,2.0,active,monthly,12.0,0.0,none,2025-03-28 00:00:00+00:00,,Starter,starter,12.0,25,21,1916.4347826086957,14,24.09,6.0,1.0,4.0,193.51,0
1062,WaveSolutions,Retail,large,Brazil,2025-08-07 00:00:00+00:00,organic,True,,none,6.0,2026-03-22 03:05:22.902197+00:00,2.0,expired,annual,10.0,0.0,Budget cuts,2025-08-07 00:00:00+00:00,2025-10-25 00:00:00+00:00,Starter,starter,12.0,27,22,1315.1666666666667,12,22.98,5.0,0.0,5.0,527.51,0
1063,Rush Stack,Retail,large,Japan,2024-04-26 00:00:00+00:00,paid_ads,False,2025-08-29 23:21:41+00:00,Not enough users,10.0,2026-03-22 03:05:22.902197+00:00,5.0,expired,annual,49.17,0.0,none,2024-04-26 00:00:00+00:00,2024-08-22 00:00:00+00:00,Professional Plus,professional,59.0,28,25,2045.4782608695652,14,26.92,6.0,1.0,3.5,511.9,1
1064,ZenAI,Legal,small,United States,2025-02-09 00:00:00+00:00,referral,True,,none,8.0,2026-03-22 03:05:22.902197+00:00,1.0,active,annual,0.0,0.0,none,2025-06-02 00:00:00+00:00,,Free,free,0.0,20,11,2269.6875,11,19.97,4.0,0.0,0.0,1285.51,0
1065,HubSystems,Healthcare,small,United States,2024-11-08 00:00:00+00:00,partner,True,,none,7.0,2026-03-22 03:05:22.902197+00:00,3.0,active,annual,15.83,0.0,none,2024-11-08 00:00:00+00:00,,Starter Plus,starter,19.0,27,21,1786.047619047619,13,24.35,6.0,1.0,4.0,2844.54,0
1066,MetaGroup,E-commerce,small,Germany,2023-07-03 00:00:00+00:00,event,True,,none,7.0,2026-03-22 03:05:22.902197+00:00,2.0,active,monthly,12.0,0.0,none,2023-07-03 00:00:00+00:00,,Starter,starter,12.0,25,21,1481.6190476190477,11,22.34,9.0,1.0,3.5,252.3,0
1067,RiftLogic,Finance,small,United States,2023-05-12 00:00:00+00:00,organic,False,2024-04-06 19:56:25+00:00,none,7.0,2026-03-22 03:05:22.902197+00:00,1.0,cancelled,monthly,0.0,0.0,Company reorganization,2023-05-12 00:00:00+00:00,2024-04-06 00:00:00+00:00,Free,free,0.0,18,15,2246.785714285714,8,19.99,3.0,1.0,0.0,2691.76,1
1068,KeenGroup,Insurance,large,Brazil,2023-10-10 00:00:00+00:00,event,False,2024-08-13 20:32:40+00:00,Outgrew the platform,2.0,2026-03-22 03:05:22.902197+00:00,4.0,cancelled,monthly,31.2,20.0,Missing features,2023-10-10 00:00:00+00:00,2024-08-13 00:00:00+00:00,Professional,professional,39.0,26,22,1704.2727272727273,13,23.98,3.0,0.0,0.0,929.87,1
1069,Bolt Analytics,Healthcare,large,United States,2024-09-20 00:00:00+00:00,organic,False,2025-01-17 15:16:30+00:00,Outgrew the platform,0.0,2026-03-22 03:05:22.902197+00:00,4.0,cancelled,monthly,35.1,10.0,Switched competitor,2024-12-12 00:00:00+00:00,2025-01-17 00:00:00+00:00,Professional,professional,39.0,28,25,1880.2,12,26.17,4.0,0.0,2.0,4561.88,1
1070,CorePro,Healthcare,medium,Australia,2024-06-27 00:00:00+00:00,organic,True,,none,7.0,2026-03-22 03:05:22.902197+00:00,6.0,active,monthly,99.0,0.0,none,2024-12-09 00:00:00+00:00,,Enterprise,enterprise,99.0,28,21,2146.2727272727275,13,25.95,5.0,2.0,3.5,573.1,0
1071,UltraAnalytics,Finance,enterprise,Singapore,2023-03-02 00:00:00+00:00,referral,False,2024-10-16 04:35:03+00:00,Budget cuts,7.0,2026-03-22 03:05:22.902197+00:00,2.0,cancelled,annual,10.0,0.0,Too expensive,2023-11-16 00:00:00+00:00,2024-10-16 00:00:00+00:00,Starter,starter,12.0,29,25,2149.95,13,27.57,4.0,0.0,2.0,2761.48,1
1072,XenonCorp,Education,medium,United States,2024-03-11 00:00:00+00:00,event,True,,none,7.0,2026-03-22 03:05:22.902197+00:00,1.0,active,annual,0.0,10.0,none,2024-03-11 00:00:00+00:00,,Free,free,0.0,22,16,1582.6315789473683,11,19.98,3.0,0.0,2.5,2100.66,0
1073,Quark HQ,Manufacturing,small,United States,2023-08-01 00:00:00+00:00,event,False,2025-06-01 21:49:34+00:00,Outgrew the platform,3.0,2026-03-22 03:05:22.902197+00:00,1.0,cancelled,monthly,0.0,0.0,Switched competitor,2023-08-01 00:00:00+00:00,2025-06-01 00:00:00+00:00,Free,free,0.0,24,19,1731.7894736842106,12,22.27,6.0,0.0,3.5,2970.33,1
1074,Acme Dev,Healthcare,enterprise,France,2023-04-21 00:00:00+00:00,referral,True,,none,7.0,2026-03-22 03:05:22.902197+00:00,4.0,active,annual,32.5,0.0,none,2023-04-21 00:00:00+00:00,,Professional,professional,39.0,21,17,1530.7222222222222,11,19.7,7.0,2.0,4.0,715.94,0
1075,FlowSoftware,Manufacturing,medium,United States,2025-04-12 00:00:00+00:00,event,True,,none,8.0,2026-03-22 03:05:22.902197+00:00,2.0,active,monthly,10.2,15.0,none,2025-04-12 00:00:00+00:00,,Starter,starter,12.0,29,23,1892.75,10,25.81,6.0,0.0,5.0,715.1700000000001,0
1076,Zen Solutions,Healthcare,large,United Kingdom,2024-11-23 00:00:00+00:00,event,True,,none,7.0,2026-03-22 03:05:22.902197+00:00,4.0,active,annual,32.5,0.0,none,2025-09-16 00:00:00+00:00,,Professional,professional,39.0,28,20,1980.5416666666667,13,25.1,5.0,0.0,3.5,0.0,0
1077,Jade Labs,Marketing,small,Singapore,2025-05-08 00:00:00+00:00,referral,True,,none,9.0,2026-03-22 03:05:22.902197+00:00,6.0,active,monthly,84.15,15.0,none,2025-09-11 00:00:00+00:00,,Enterprise,enterprise,99.0,25,20,1727.2777777777778,10,22.76,3.0,1.0,3.3333333333333335,1733.8200000000002,0
1078,Pulse Digital,Legal,enterprise,Canada,2023-11-15 00:00:00+00:00,organic,True,,none,7.0,2026-03-22 03:05:22.902197+00:00,1.0,active,annual,0.0,0.0,none,2024-07-16 00:00:00+00:00,,Free,free,0.0,23,22,2054.35,11,23.75,6.0,0.0,0.0,2099.43,0
1079,Quark AI,Technology,large,Singapore,2025-01-02 00:00:00+00:00,event,True,,none,7.0,2026-03-22 03:05:22.902197+00:00,6.0,active,monthly,99.0,0.0,none,2025-01-02 00:00:00+00:00,,Enterprise,enterprise,99.0,24,20,1571.3636363636363,12,22.04,8.0,1.0,3.0,3350.6800000000003,0
1080,KeenLabs,Logistics,large,United States,2025-04-07 00:00:00+00:00,referral,True,,none,7.0,2026-03-22 03:05:22.902197+00:00,1.0,active,monthly,0.0,0.0,none,2025-04-07 00:00:00+00:00,,Free,free,0.0,28,20,1815.8846153846155,11,24.35,5.0,0.0,4.0,2932.69,0
1081,Edge Software,Consulting,medium,Canada,2023-04-15 00:00:00+00:00,partner,True,,none,3.0,2026-03-22 03:05:22.902197+00:00,3.0,active,monthly,19.0,0.0,none,2023-04-15 00:00:00+00:00,,Starter Plus,starter,19.0,22,18,1877.1904761904761,12,21.66,10.0,1.0,3.6666666666666665,1197.7199999999998,0
1082,WarpWorks,E-commerce,large,France,2024-09-17 00:00:00+00:00,event,True,,none,8.0,2026-03-22 03:05:22.902197+00:00,2.0,active,monthly,12.0,0.0,none,2024-09-17 00:00:00+00:00,,Starter,starter,12.0,28,23,1950.1818181818182,13,25.9,10.0,0.0,4.0,1408.18,0
1083,KiteCorp,Logistics,small,United States,2023-04-19 00:00:00+00:00,organic,False,2023-08-12 07:39:28+00:00,No longer needed,7.0,2026-03-22 03:05:22.902197+00:00,5.0,cancelled,annual,49.17,0.0,none,2023-12-14 00:00:00+00:00,2023-08-12 00:00:00+00:00,Professional Plus,professional,59.0,25,19,1627.8,13,22.43,4.0,0.0,5.0,897.93,1
1084,GlowGroup,Insurance,medium,Canada,2024-07-04 00:00:00+00:00,organic,True,,none,6.0,2026-03-22 03:05:22.902197+00:00,2.0,active,monthly,12.0,0.0,none,2024-07-04 00:00:00+00:00,,Starter,starter,12.0,36,27,1975.0666666666666,12,30.28,7.0,3.0,3.75,4602.25,0
1085,EdgeDynamics,Telecommunications,small,Germany,2025-01-25 00:00:00+00:00,organic,True,,none,7.0,2026-03-22 03:05:22.902197+00:00,5.0,active,monthly,59.0,0.0,none,2025-01-25 00:00:00+00:00,,Professional Plus,professional,59.0,20,19,2001.9375,11,21.47,4.0,1.0,0.0,917.26,0
1086,Cloud Corp,Consulting,small,Canada,2023-03-29 00:00:00+00:00,referral,True,,none,9.0,2026-03-22 03:05:22.902197+00:00,4.0,active,monthly,39.0,0.0,none,2023-03-29 00:00:00+00:00,,Professional,professional,39.0,20,17,1739.25,9,19.8,5.0,0.0,4.0,1397.17,0
1087,Kite Group,Logistics,medium,Japan,2024-11-17 00:00:00+00:00,event,True,,none,8.0,2026-03-22 03:05:22.902197+00:00,5.0,active,annual,49.17,0.0,none,2024-11-17 00:00:00+00:00,,Professional Plus,professional,59.0,26,22,2038.5,14,25.2,3.0,1.0,4.0,2274.9700000000003,0
1088,CloudVentures,Legal,small,Germany,2024-05-21 00:00:00+00:00,paid_ads,True,,none,7.0,2026-03-22 03:05:22.902197+00:00,3.0,active,annual,15.83,0.0,none,2024-05-21 00:00:00+00:00,,Starter Plus,starter,19.0,23,20,1687.5555555555557,12,22.03,9.0,0.0,4.166666666666667,318.16999999999996,0
1089,LinkOps,Manufacturing,small,Germany,2024-01-21 00:00:00+00:00,organic,True,,none,6.0,2026-03-22 03:05:22.902197+00:00,7.0,active,annual,132.67,20.0,none,2024-12-31 00:00:00+00:00,,Enterprise Custom,enterprise,199.0,32,26,1870.3461538461538,13,28.13,5.0,0.0,5.0,365.43,0
1090,Acme Digital,Media,small,United States,2025-04-25 00:00:00+00:00,organic,True,,none,8.0,2026-03-22 03:05:22.902197+00:00,4.0,active,monthly,39.0,0.0,none,2025-10-14 00:00:00+00:00,,Professional,professional,39.0,25,18,2256.3888888888887,11,24.02,2.0,0.0,4.0,917.87,0
1091,GlowVentures,Insurance,small,Germany,2024-03-22 00:00:00+00:00,referral,False,2024-11-07 19:22:40+00:00,Budget cuts,10.0,2026-03-22 03:05:22.902197+00:00,4.0,cancelled,monthly,39.0,0.0,none,2024-07-06 00:00:00+00:00,2024-11-07 00:00:00+00:00,Professional,professional,39.0,15,13,2001.8181818181818,10,17.57,7.0,1.0,0.0,388.88,1
1092,PulseStudio,Real Estate,large,United States,2024-02-22 00:00:00+00:00,organic,True,,none,10.0,2026-03-22 03:05:22.902197+00:00,2.0,active,monthly,12.0,0.0,none,2024-02-22 00:00:00+00:00,,Starter,starter,12.0,31,29,1808.2083333333333,11,28.23,5.0,2.0,3.0,363.53,0
1093,QuarkWorks,Healthcare,medium,India,2023-10-13 00:00:00+00:00,referral,True,,none,6.0,2026-03-22 03:05:22.902197+00:00,2.0,active,monthly,9.6,20.0,none,2023-10-13 00:00:00+00:00,,Starter,starter,12.0,25,13,2227.4444444444443,11,22.42,1.0,0.0,5.0,1205.32,0
1094,BeamWorks,Retail,small,France,2024-04-26 00:00:00+00:00,referral,True,,none,10.0,2026-03-22 03:05:22.902197+00:00,4.0,active,monthly,39.0,0.0,none,2024-09-25 00:00:00+00:00,,Professional,professional,39.0,32,25,2200.285714285714,13,28.93,5.0,1.0,4.0,470.03,0
1095,Quark Group,Media,medium,Japan,2024-04-17 00:00:00+00:00,referral,True,,none,6.0,2026-03-22 03:05:22.902197+00:00,5.0,active,annual,49.17,0.0,none,2024-04-17 00:00:00+00:00,,Professional Plus,professional,59.0,26,21,1727.35,13,23.76,9.0,0.0,3.0,6630.51,0
1096,OnyxLogic,Media,medium,Brazil,2024-09-25 00:00:00+00:00,event,True,,none,7.0,2026-03-22 03:05:22.902197+00:00,3.0,active,monthly,19.0,0.0,none,2024-09-25 00:00:00+00:00,,Starter Plus,starter,19.0,30,26,2015.3333333333333,11,27.62,5.0,0.0,3.0,435.22,0
1097,LinkAnalytics,Insurance,large,United States,2024-12-04 00:00:00+00:00,partner,True,,none,7.0,2026-03-22 03:05:22.902197+00:00,5.0,active,monthly,59.0,0.0,none,2024-12-04 00:00:00+00:00,,Professional Plus,professional,59.0,26,21,2313.4285714285716,10,25.41,8.0,0.0,5.0,4107.84,0
1098,SageLogic,Technology,small,United States,2024-09-02 00:00:00+00:00,organic,True,,none,7.0,2026-03-22 03:05:22.902197+00:00,3.0,active,annual,15.83,0.0,none,2024-09-02 00:00:00+00:00,,Starter Plus,starter,19.0,15,13,2162.4615384615386,10,18.11,5.0,0.0,0.0,611.96,0
1099,NovaCorp,Manufacturing,large,Singapore,2024-01-24 00:00:00+00:00,event,True,,none,8.0,2026-03-22 03:05:22.902197+00:00,1.0,active,monthly,0.0,0.0,none,2024-01-24 00:00:00+00:00,,Free,free,0.0,21,16,1574.0,10,19.45,7.0,0.0,4.0,1125.02,0
1100,Sync Logic,Manufacturing,large,Germany,2023-02-21 00:00:00+00:00,event,True,,none,4.0,2026-03-22 03:05:22.902197+00:00,5.0,active,annual,49.17,0.0,none,2023-02-21 00:00:00+00:00,,Professional Plus,professional,59.0,24,18,1526.5263157894738,10,21.09,7.0,1.0,1.0,844.0699999999999,0
1101,FluxHub,Media,small,Brazil,2024-06-02 00:00:00+00:00,organic,True,,none,4.0,2026-03-22 03:05:22.902197+00:00,4.0,active,monthly,39.0,0.0,none,2024-06-02 00:00:00+00:00,,Professional,professional,39.0,23,18,1812.3684210526317,10,21.64,5.0,0.0,0.0,789.53,0
1102,QuarkLogic,Insurance,small,Singapore,2024-10-09 00:00:00+00:00,partner,True,,none,7.0,2026-03-22 03:05:22.902197+00:00,2.0,active,monthly,12.0,0.0,none,2024-10-09 00:00:00+00:00,,Starter,starter,12.0,34,26,1657.2173913043478,13,28.22,6.0,1.0,4.0,656.9300000000001,0
1103,Luna Systems,Finance,small,Germany,2024-04-30 00:00:00+00:00,referral,True,,none,6.0,2026-03-22 03:05:22.902197+00:00,2.0,active,monthly,12.0,0.0,none,2024-04-30 00:00:00+00:00,,Starter,starter,12.0,24,17,2143.35,8,22.64,2.0,0.0,0.0,5332.0,0
1104,Luna Analytics,Legal,small,United States,2023-03-03 00:00:00+00:00,organic,False,2025-07-13 23:14:07+00:00,Too expensive,4.0,2026-03-22 03:05:22.902197+00:00,2.0,cancelled,annual,10.0,0.0,Budget cuts,2023-03-03 00:00:00+00:00,2025-07-13 00:00:00+00:00,Starter,starter,12.0,37,29,1746.4827586206898,13,30.62,7.0,0.0,3.0,1366.46,1
1105,EchoNet,Media,small,United Kingdom,2025-03-15 00:00:00+00:00,event,True,,none,7.0,2026-03-22 03:05:22.902197+00:00,5.0,cancelled,annual,49.17,0.0,Not using it,2025-03-15 00:00:00+00:00,2025-06-06 00:00:00+00:00,Professional Plus,professional,59.0,22,16,1619.45,10,20.0,5.0,1.0,3.0,633.64,0
1106,ArcAnalytics,Logistics,enterprise,Australia,2023-09-15 00:00:00+00:00,referral,True,,none,7.0,2026-03-22 03:05:22.902197+00:00,4.0,active,monthly,35.1,10.0,none,2024-01-24 00:00:00+00:00,,Professional,professional,39.0,21,18,1907.0588235294117,10,21.16,7.0,2.0,5.0,2549.81,0
1107,VertexPlatform,Legal,medium,France,2024-10-12 00:00:00+00:00,partner,False,2025-02-21 19:26:07+00:00,Outgrew the platform,0.0,2026-03-22 03:05:22.902197+00:00,5.0,cancelled,monthly,59.0,0.0,Switched competitor,2024-10-12 00:00:00+00:00,2025-02-21 00:00:00+00:00,Professional Plus,professional,59.0,28,24,1851.6842105263158,12,25.77,4.0,0.0,5.0,1486.76,1
1108,GlowWorks,Marketing,enterprise,Germany,2023-10-20 00:00:00+00:00,partner,True,,none,4.0,2026-03-22 03:05:22.902197+00:00,1.0,active,annual,0.0,0.0,none,2023-10-20 00:00:00+00:00,,Free,free,0.0,21,17,1663.4444444444443,11,20.14,8.0,0.0,4.5,2820.49,0
1109,Iris Group,Insurance,large,France,2025-07-11 00:00:00+00:00,partner,True,,none,7.0,2026-03-22 03:05:22.902197+00:00,1.0,active,monthly,0.0,10.0,none,2025-07-11 00:00:00+00:00,,Free,free,0.0,19,16,1359.4285714285713,9,17.83,7.0,1.0,4.0,4335.95,0
1110,QuestCloud,Logistics,large,United States,2024-12-02 00:00:00+00:00,organic,False,2025-01-29 06:19:16+00:00,Not enough users,0.0,2026-03-22 03:05:22.902197+00:00,2.0,cancelled,annual,10.0,0.0,Missing features,2024-12-02 00:00:00+00:00,2025-01-29 00:00:00+00:00,Starter,starter,12.0,28,21,1972.5,12,25.28,3.0,0.0,5.0,309.57,1
1111,EdgeGroup,E-commerce,enterprise,United States,2025-03-22 00:00:00+00:00,paid_ads,True,,none,8.0,2026-03-22 03:05:22.902197+00:00,5.0,active,annual,49.17,0.0,none,2025-09-12 00:00:00+00:00,,Professional Plus,professional,59.0,28,22,1287.3333333333333,14,23.49,7.0,1.0,4.5,646.87,0
1112,SyncDev,Retail,medium,India,2024-03-13 00:00:00+00:00,organic,False,2025-05-30 00:17:44+00:00,Missing features,7.0,2026-03-22 03:05:22.902197+00:00,1.0,cancelled,annual,0.0,0.0,Budget cuts,2024-06-22 00:00:00+00:00,2025-05-30 00:00:00+00:00,Free,free,0.0,21,18,2040.1176470588234,11,21.7,4.0,0.0,0.0,770.87,1
1113,Rift Stack,Insurance,enterprise,France,2025-09-10 00:00:00+00:00,organic,True,,none,7.0,2026-03-22 03:05:22.902197+00:00,2.0,paused,monthly,12.0,0.0,none,2025-11-09 00:00:00+00:00,,Starter,starter,12.0,25,21,1807.8333333333333,12,23.53,3.0,0.0,0.0,2344.59,0
1114,LinkDev,Finance,enterprise,France,2023-05-17 00:00:00+00:00,paid_ads,True,,none,9.0,2026-03-22 03:05:22.902197+00:00,1.0,active,monthly,0.0,10.0,none,2023-05-17 00:00:00+00:00,,Free,free,0.0,25,22,2058.909090909091,11,24.56,4.0,0.0,4.0,1017.42,0
1115,Flow Pro,Real Estate,medium,France,2024-10-26 00:00:00+00:00,partner,True,,none,8.0,2026-03-22 03:05:22.902197+00:00,6.0,active,annual,82.5,0.0,none,2025-02-06 00:00:00+00:00,,Enterprise,enterprise,99.0,30,23,1853.590909090909,13,26.38,4.0,0.0,2.0,652.79,0
1116,Hub Stack,Logistics,medium,Canada,2023-06-26 00:00:00+00:00,partner,True,,none,2.0,2026-03-22 03:05:22.902197+00:00,1.0,active,annual,0.0,25.0,none,2023-06-26 00:00:00+00:00,,Free,free,0.0,29,24,1817.9565217391305,13,26.16,2.0,0.0,0.0,3258.07,0
1117,Acme Labs,Healthcare,large,Japan,2024-10-08 00:00:00+00:00,referral,True,,none,7.0,2026-03-22 03:05:22.902197+00:00,4.0,active,monthly,39.0,0.0,none,2024-10-08 00:00:00+00:00,,Professional,professional,39.0,21,17,1745.3333333333333,11,20.42,5.0,0.0,0.0,830.0,0
1118,JadeCloud,Logistics,small,Singapore,2025-03-12 00:00:00+00:00,paid_ads,True,,none,7.0,2026-03-22 03:05:22.902197+00:00,1.0,active,monthly,0.0,0.0,none,2025-03-12 00:00:00+00:00,,Free,free,0.0,33,25,1844.9,13,28.15,8.0,1.0,0.0,1750.7599999999998,0
1119,BoltHQ,Manufacturing,small,United States,2025-05-04 00:00:00+00:00,organic,False,2025-06-06 19:05:13+00:00,none,2.0,2026-03-22 03:05:22.902197+00:00,1.0,cancelled,annual,0.0,0.0,Company reorganization,2025-05-04 00:00:00+00:00,2025-06-06 00:00:00+00:00,Free,free,0.0,16,13,1594.4615384615386,11,16.71,6.0,1.0,4.0,1196.17,1
1120,Acme Stack,Manufacturing,small,Germany,2023-01-02 00:00:00+00:00,event,True,,none,3.0,2026-03-22 03:05:22.902197+00:00,2.0,active,annual,10.0,0.0,none,2023-01-02 00:00:00+00:00,,Starter,starter,12.0,15,11,1573.1818181818182,11,15.64,5.0,0.0,4.5,597.7,0
1121,ZealGroup,Media,medium,United States,2023-10-29 00:00:00+00:00,organic,True,,none,9.0,2026-03-22 03:05:22.902197+00:00,7.0,active,monthly,199.0,0.0,none,2024-03-09 00:00:00+00:00,,Enterprise Custom,enterprise,199.0,20,19,1684.875,12,20.52,9.0,0.0,4.5,561.3,0
1122,KiteLogic,Insurance,small,Japan,2024-06-25 00:00:00+00:00,referral,True,,none,7.0,2026-03-22 03:05:22.902197+00:00,5.0,active,monthly,59.0,0.0,none,2025-05-14 00:00:00+00:00,,Professional Plus,professional,59.0,27,21,1531.9,12,23.41,3.0,0.0,0.0,2607.65,0
1123,IonLabs,Finance,medium,France,2025-04-30 00:00:00+00:00,referral,True,,none,6.0,2026-03-22 03:05:22.902197+00:00,5.0,active,monthly,59.0,0.0,none,2025-06-29 00:00:00+00:00,,Professional Plus,professional,59.0,33,24,2018.9666666666667,12,28.33,6.0,2.0,0.0,2296.47,0
1124,KeenStudio,Healthcare,enterprise,Canada,2024-04-12 00:00:00+00:00,referral,True,,none,9.0,2026-03-22 03:05:22.902197+00:00,5.0,active,annual,49.17,0.0,none,2024-04-12 00:00:00+00:00,,Professional Plus,professional,59.0,28,20,2024.56,11,25.05,5.0,2.0,3.0,4095.51,0
1125,SyncLogic,Insurance,small,United States,2024-09-15 00:00:00+00:00,event,True,,none,4.0,2026-03-22 03:05:22.902197+00:00,4.0,expired,monthly,39.0,0.0,Budget cuts,2024-09-15 00:00:00+00:00,2025-06-11 00:00:00+00:00,Professional,professional,39.0,22,16,2100.9473684210525,11,21.7,5.0,0.0,4.0,302.25,0
1126,Echo Works,Media,medium,United States,2024-01-11 00:00:00+00:00,organic,True,,none,9.0,2026-03-22 03:05:22.902197+00:00,2.0,active,annual,10.0,0.0,none,2024-01-11 00:00:00+00:00,,Starter,starter,12.0,18,17,1758.7857142857142,10,19.16,3.0,0.0,2.0,616.05,0
1127,RiftCloud,Retail,enterprise,United States,2025-05-14 00:00:00+00:00,organic,True,,none,0.0,2026-03-22 03:05:22.902197+00:00,1.0,active,annual,0.0,0.0,none,2025-05-14 00:00:00+00:00,,Free,free,0.0,25,19,2103.277777777778,11,23.81,7.0,2.0,3.0,213.49,0
1128,Zen Platform,Telecommunications,large,India,2023-10-13 00:00:00+00:00,paid_ads,True,,none,4.0,2026-03-22 03:05:22.902197+00:00,5.0,active,monthly,59.0,0.0,none,2023-10-13 00:00:00+00:00,,Professional Plus,professional,59.0,23,20,1526.157894736842,11,21.39,8.0,2.0,3.25,2270.48,0
1129,JadeGroup,Legal,enterprise,Germany,2024-12-06 00:00:00+00:00,organic,True,,none,3.0,2026-03-22 03:05:22.902197+00:00,3.0,active,annual,15.83,0.0,none,2024-12-06 00:00:00+00:00,,Starter Plus,starter,19.0,23,19,1502.8095238095239,12,21.11,3.0,0.0,0.0,431.14,0
1130,EdgeLogic,Media,enterprise,India,2025-02-10 00:00:00+00:00,organic,True,,none,8.0,2026-03-22 03:05:22.902197+00:00,4.0,active,monthly,39.0,0.0,none,2025-02-10 00:00:00+00:00,,Professional,professional,39.0,22,16,1423.2941176470588,9,19.24,4.0,1.0,3.0,606.84,0
1131,Luna Corp,Healthcare,large,United States,2024-08-06 00:00:00+00:00,organic,False,2024-10-09 01:25:33+00:00,Too expensive,6.0,2026-03-22 03:05:22.902197+00:00,2.0,cancelled,annual,8.5,15.0,Budget cuts,2025-06-30 00:00:00+00:00,2024-10-09 00:00:00+00:00,Starter,starter,12.0,26,18,1906.6818181818182,13,23.46,3.0,0.0,5.0,1553.56,1
1132,Echo Analytics,Telecommunications,large,Singapore,2023-08-21 00:00:00+00:00,referral,True,,none,8.0,2026-03-22 03:05:22.902197+00:00,3.0,active,monthly,19.0,0.0,none,2024-12-19 00:00:00+00:00,,Starter Plus,starter,19.0,25,18,1907.2941176470588,12,22.96,5.0,1.0,2.0,477.48,0
1133,HubCorp,Healthcare,medium,France,2023-03-26 00:00:00+00:00,referral,True,,none,7.0,2026-03-22 03:05:22.902197+00:00,3.0,active,annual,15.83,0.0,none,2023-03-26 00:00:00+00:00,,Starter Plus,starter,19.0,33,25,1888.1153846153845,14,28.39,3.0,0.0,0.0,1739.78,0
1134,CloudAnalytics,Finance,small,Japan,2023-10-31 00:00:00+00:00,organic,True,,none,7.0,2026-03-22 03:05:22.902197+00:00,1.0,active,annual,0.0,0.0,none,2023-10-31 00:00:00+00:00,,Free,free,0.0,27,22,1579.0416666666667,12,23.86,7.0,0.0,3.0,1655.8899999999999,0
1135,CoreAnalytics,Telecommunications,enterprise,United Kingdom,2024-03-21 00:00:00+00:00,event,False,2025-03-19 10:06:55+00:00,Not enough users,3.0,2026-03-22 03:05:22.902197+00:00,1.0,cancelled,monthly,0.0,20.0,none,2025-05-02 00:00:00+00:00,2025-03-19 00:00:00+00:00,Free,free,0.0,30,26,1970.0416666666667,11,27.47,5.0,1.0,4.5,1197.99,1
1136,TidalDynamics,Media,small,United States,2023-05-22 00:00:00+00:00,referral,True,,none,2.0,2026-03-22 03:05:22.902197+00:00,2.0,active,monthly,12.0,0.0,none,2023-05-22 00:00:00+00:00,,Starter,starter,12.0,21,17,1399.8125,12,19.37,7.0,1.0,4.0,2312.72,0
1137,UnitLabs,Media,small,India,2024-09-06 00:00:00+00:00,referral,False,2025-04-05 10:04:44+00:00,Switched to competitor,7.0,2026-03-22 03:05:22.902197+00:00,7.0,cancelled,monthly,199.0,0.0,Budget cuts,2025-05-27 00:00:00+00:00,2025-04-05 00:00:00+00:00,Enterprise Custom,enterprise,199.0,22,16,1936.421052631579,10,21.05,8.0,1.0,3.5,2450.31,1
1138,Onyx Labs,Manufacturing,large,Brazil,2023-03-27 00:00:00+00:00,referral,True,,none,7.0,2026-03-22 03:05:22.902197+00:00,4.0,active,annual,32.5,0.0,none,2023-08-26 00:00:00+00:00,,Professional,professional,39.0,24,20,1765.625,11,22.59,4.0,0.0,3.3333333333333335,1355.55,0
1139,Hub Works,E-commerce,enterprise,France,2024-10-10 00:00:00+00:00,organic,True,,none,7.0,2026-03-22 03:05:22.902197+00:00,2.0,active,monthly,12.0,0.0,none,2024-10-10 00:00:00+00:00,,Starter,starter,12.0,39,32,1492.060606060606,13,31.47,3.0,1.0,1.0,834.1,0
1140,WaveNet,Logistics,small,Singapore,2024-02-07 00:00:00+00:00,partner,True,,none,7.0,2026-03-22 03:05:22.902197+00:00,1.0,active,annual,0.0,0.0,none,2024-02-07 00:00:00+00:00,,Free,free,0.0,24,15,1888.8636363636363,13,21.7,3.0,0.0,0.0,483.52,0
1141,NovaNet,Healthcare,small,Germany,2024-09-18 00:00:00+00:00,referral,True,,none,7.0,2026-03-22 03:05:22.902197+00:00,3.0,paused,annual,15.83,0.0,none,2024-09-18 00:00:00+00:00,,Starter Plus,starter,19.0,21,15,1253.7333333333333,12,18.28,5.0,1.0,4.0,1213.6599999999999,0
1142,OrbitStack,Real Estate,medium,United States,2023-12-15 00:00:00+00:00,referral,False,2024-10-20 15:58:38+00:00,Budget cuts,0.0,2026-03-22 03:05:22.902197+00:00,3.0,expired,annual,14.25,10.0,Budget cuts,2023-12-15 00:00:00+00:00,2024-09-08 00:00:00+00:00,Starter Plus,starter,19.0,26,19,1990.952380952381,14,24.14,3.0,0.0,0.0,1680.73,1
1143,Bolt Logic,Real Estate,medium,Japan,2025-03-07 00:00:00+00:00,event,True,,none,7.0,2026-03-22 03:05:22.902197+00:00,5.0,active,monthly,59.0,0.0,none,2025-03-07 00:00:00+00:00,,Professional Plus,professional,59.0,20,17,1711.625,12,20.01,6.0,2.0,4.0,840.97,0
1144,Zen IO,Consulting,medium,United States,2023-03-16 00:00:00+00:00,organic,True,,none,7.0,2026-03-22 03:05:22.902197+00:00,3.0,cancelled,annual,15.83,0.0,Budget cuts,2023-03-16 00:00:00+00:00,2023-08-26 00:00:00+00:00,Starter Plus,starter,19.0,29,24,1771.409090909091,12,25.9,1.0,0.0,4.0,590.27,0
1145,QuarkDigital,Finance,small,United States,2024-08-09 00:00:00+00:00,event,True,,none,9.0,2026-03-22 03:05:22.902197+00:00,4.0,active,monthly,39.0,0.0,none,2024-08-09 00:00:00+00:00,,Professional,professional,39.0,25,19,1420.6842105263158,12,21.64,6.0,1.0,2.0,303.91,0
1146,Vine AI,Real Estate,small,Singapore,2025-09-09 00:00:00+00:00,event,True,,none,7.0,2026-03-22 03:05:22.902197+00:00,3.0,active,monthly,19.0,0.0,none,2025-09-09 00:00:00+00:00,,Starter Plus,starter,19.0,29,24,1704.6818181818182,13,25.78,4.0,1.0,5.0,1177.83,0
1147,Hub Tech,Manufacturing,medium,Canada,2023-12-09 00:00:00+00:00,referral,True,,none,7.0,2026-03-22 03:05:22.902197+00:00,3.0,active,monthly,19.0,0.0,none,2023-12-09 00:00:00+00:00,,Starter Plus,starter,19.0,21,15,1941.7142857142858,11,20.47,6.0,1.0,3.0,882.1,0
1148,KeenDynamics,Media,medium,India,2025-02-28 00:00:00+00:00,partner,True,,none,2.0,2026-03-22 03:05:22.902197+00:00,2.0,active,monthly,12.0,0.0,none,2025-02-28 00:00:00+00:00,,Starter,starter,12.0,28,19,1705.2727272727273,12,23.78,4.0,0.0,0.0,521.11,0
1149,ArcOps,Finance,enterprise,United States,2024-04-18 00:00:00+00:00,paid_ads,True,,none,7.0,2026-03-22 03:05:22.902197+00:00,1.0,active,monthly,0.0,0.0,none,2024-04-18 00:00:00+00:00,,Free,free,0.0,14,12,1705.0,9,15.78,6.0,0.0,1.0,950.3199999999999,0
1150,Wave Solutions,E-commerce,large,Japan,2025-03-25 00:00:00+00:00,referral,True,,none,7.0,2026-03-22 03:05:22.902197+00:00,6.0,active,monthly,99.0,0.0,none,2025-10-08 00:00:00+00:00,,Enterprise,enterprise,99.0,33,25,1686.125,12,27.52,8.0,1.0,3.4,2346.63,0
1151,WaveDev,Media,medium,Canada,2023-04-25 00:00:00+00:00,referral,True,,none,7.0,2026-03-22 03:05:22.902197+00:00,2.0,active,monthly,12.0,0.0,none,2023-04-25 00:00:00+00:00,,Starter,starter,12.0,18,15,2237.0714285714284,10,20.16,6.0,0.0,0.0,1499.9299999999998,0
1152,UnitVentures,Real Estate,large,Canada,2023-02-15 00:00:00+00:00,organic,True,,none,7.0,2026-03-22 03:05:22.902197+00:00,2.0,active,monthly,12.0,0.0,none,2023-02-15 00:00:00+00:00,,Starter,starter,12.0,21,16,2000.0555555555557,10,20.87,4.0,0.0,5.0,3280.34,0
1153,MistDigital,Real Estate,medium,United States,2024-11-04 00:00:00+00:00,paid_ads,False,2025-06-21 14:01:20+00:00,No longer needed,5.0,2026-03-22 03:05:22.902197+00:00,1.0,cancelled,monthly,0.0,0.0,none,2024-11-04 00:00:00+00:00,2025-06-21 00:00:00+00:00,Free,free,0.0,26,21,2225.9411764705883,12,25.32,8.0,1.0,0.0,1048.7,1
1154,Nova Group,Education,medium,United States,2023-04-01 00:00:00+00:00,partner,True,,none,6.0,2026-03-22 03:05:22.902197+00:00,2.0,active,monthly,12.0,0.0,none,2023-04-01 00:00:00+00:00,,Starter,starter,12.0,33,27,1781.7241379310344,12,28.44,6.0,1.0,4.0,3764.84,0
1155,UnitDigital,Retail,medium,France,2024-12-28 00:00:00+00:00,organic,False,2025-01-30 23:08:39+00:00,none,4.0,2026-03-22 03:05:22.902197+00:00,3.0,cancelled,annual,15.83,0.0,Not using it,2024-12-28 00:00:00+00:00,2025-01-30 00:00:00+00:00,Starter Plus,starter,19.0,21,18,1737.0625,11,20.69,7.0,0.0,4.0,421.67,1
1156,Ion Digital,Legal,medium,Canada,2023-02-12 00:00:00+00:00,referral,True,,none,7.0,2026-03-22 03:05:22.902197+00:00,1.0,active,monthly,0.0,0.0,none,2023-02-12 00:00:00+00:00,,Free,free,0.0,23,18,1724.55,13,21.65,4.0,0.0,5.0,679.6800000000001,0
1157,AcmeOps,Technology,small,France,2024-02-12 00:00:00+00:00,paid_ads,True,,none,8.0,2026-03-22 03:05:22.902197+00:00,6.0,active,monthly,99.0,0.0,none,2024-02-12 00:00:00+00:00,,Enterprise,enterprise,99.0,17,15,1495.1538461538462,12,17.48,2.0,0.0,0.0,570.3,0
1158,ZealTech,Logistics,small,Brazil,2024-01-23 00:00:00+00:00,partner,True,,none,10.0,2026-03-22 03:05:22.902197+00:00,4.0,active,annual,29.25,10.0,none,2024-06-28 00:00:00+00:00,,Professional,professional,39.0,26,18,2176.4583333333335,13,24.35,6.0,0.0,5.0,2638.2999999999997,0
1159,Vine Dynamics,Retail,small,United States,2023-07-27 00:00:00+00:00,organic,True,,none,0.0,2026-03-22 03:05:22.902197+00:00,3.0,active,annual,12.67,20.0,none,2024-01-24 00:00:00+00:00,,Starter Plus,starter,19.0,21,18,1786.1666666666667,12,20.95,6.0,1.0,4.0,122.62,0
1160,Zen Digital,Healthcare,medium,Japan,2025-02-20 00:00:00+00:00,organic,True,,none,1.0,2026-03-22 03:05:22.902197+00:00,5.0,paused,annual,49.17,0.0,none,2025-02-20 00:00:00+00:00,,Professional Plus,professional,59.0,25,19,1639.6,12,22.37,6.0,1.0,5.0,186.46,0
1161,ZenSoftware,Real Estate,enterprise,United Kingdom,2024-01-21 00:00:00+00:00,organic,False,2024-07-16 09:37:13+00:00,No longer needed,7.0,2026-03-22 03:05:22.902197+00:00,5.0,cancelled,monthly,59.0,0.0,Switched competitor,2024-01-21 00:00:00+00:00,2024-07-16 00:00:00+00:00,Professional Plus,professional,59.0,29,24,1633.095238095238,13,25.54,3.0,0.0,0.0,2548.0299999999997,1
1162,Jet Analytics,E-commerce,enterprise,Australia,2023-09-30 00:00:00+00:00,organic,True,,none,7.0,2026-03-22 03:05:22.902197+00:00,3.0,active,annual,14.25,10.0,none,2024-12-15 00:00:00+00:00,,Starter Plus,starter,19.0,28,23,2473.375,13,27.64,8.0,1.0,3.0,2646.48,0
1163,IrisPro,Real Estate,large,Brazil,2025-07-18 00:00:00+00:00,organic,True,,none,8.0,2026-03-22 03:05:22.902197+00:00,4.0,active,monthly,39.0,0.0,none,2025-07-18 00:00:00+00:00,,Professional,professional,39.0,19,14,1610.0666666666666,10,18.17,5.0,1.0,2.0,2002.02,0
1164,Vertex Platform,Telecommunications,small,France,2024-01-09 00:00:00+00:00,partner,True,,none,6.0,2026-03-22 03:05:22.902197+00:00,2.0,active,monthly,10.8,10.0,none,2024-01-09 00:00:00+00:00,,Starter,starter,12.0,22,17,2005.7368421052631,12,21.79,2.0,0.0,4.0,1171.6,0
1165,Flow Net,Retail,small,Singapore,2024-04-23 00:00:00+00:00,event,True,,none,8.0,2026-03-22 03:05:22.902197+00:00,2.0,active,annual,10.0,0.0,none,2024-04-23 00:00:00+00:00,,Starter,starter,12.0,26,20,1694.6521739130435,11,23.15,4.0,3.0,3.0,812.24,0
1166,FluxWorks,Manufacturing,medium,France,2024-01-05 00:00:00+00:00,event,True,,none,8.0,2026-03-22 03:05:22.902197+00:00,1.0,active,monthly,0.0,0.0,none,2024-01-05 00:00:00+00:00,,Free,free,0.0,25,17,1422.75,11,20.94,7.0,0.0,4.0,845.55,0
1167,XenonLabs,Telecommunications,small,Brazil,2025-04-14 00:00:00+00:00,paid_ads,True,,none,7.0,2026-03-22 03:05:22.902197+00:00,2.0,active,monthly,12.0,0.0,none,2025-04-14 00:00:00+00:00,,Starter,starter,12.0,24,20,2102.722222222222,13,23.91,4.0,0.0,0.0,3345.9500000000003,0
1168,ZenCloud,Finance,small,United Kingdom,2025-01-04 00:00:00+00:00,referral,True,,none,5.0,2026-03-22 03:05:22.902197+00:00,4.0,active,monthly,39.0,0.0,none,2025-05-30 00:00:00+00:00,,Professional,professional,39.0,25,23,1677.5714285714287,12,23.69,4.0,1.0,5.0,3758.56,0
1169,SyncAI,Education,large,Japan,2023-11-05 00:00:00+00:00,partner,True,,none,7.0,2026-03-22 03:05:22.902197+00:00,2.0,active,monthly,12.0,0.0,none,2023-11-05 00:00:00+00:00,,Starter,starter,12.0,29,25,1571.6666666666667,13,25.64,3.0,1.0,0.0,605.31,0
1170,Rift Labs,Technology,medium,Singapore,2023-05-26 00:00:00+00:00,referral,True,,none,9.0,2026-03-22 03:05:22.902197+00:00,4.0,active,annual,32.5,0.0,none,2024-09-13 00:00:00+00:00,,Professional,professional,39.0,35,25,1606.7333333333333,11,27.96,3.0,1.0,4.0,775.0699999999999,0
1171,Kite Software,Marketing,enterprise,Singapore,2023-09-23 00:00:00+00:00,referral,True,,none,7.0,2026-03-22 03:05:22.902197+00:00,1.0,active,monthly,0.0,0.0,none,2023-09-23 00:00:00+00:00,,Free,free,0.0,22,16,1784.25,10,20.55,3.0,0.0,0.0,1193.4,0
1172,RiftLabs,Manufacturing,enterprise,India,2024-08-14 00:00:00+00:00,organic,True,,none,7.0,2026-03-22 03:05:22.902197+00:00,4.0,active,annual,32.5,0.0,none,2024-08-14 00:00:00+00:00,,Professional,professional,39.0,33,28,1393.5,12,27.44,8.0,0.0,3.0,619.1800000000001,0
1173,PeakAI,Logistics,large,India,2025-08-16 00:00:00+00:00,organic,True,,none,7.0,2026-03-22 03:05:22.902197+00:00,5.0,active,monthly,59.0,0.0,none,2025-08-16 00:00:00+00:00,,Professional Plus,professional,59.0,22,19,1955.888888888889,10,22.02,8.0,0.0,4.0,780.95,0
1174,TidalSolutions,Logistics,enterprise,United Kingdom,2023-05-07 00:00:00+00:00,referral,True,,none,7.0,2026-03-22 03:05:22.902197+00:00,6.0,active,annual,82.5,0.0,none,2024-01-16 00:00:00+00:00,,Enterprise,enterprise,99.0,33,25,1279.5384615384614,12,26.17,8.0,1.0,5.0,1943.82,0
1175,Nexus Studio,Marketing,large,United States,2023-07-10 00:00:00+00:00,referral,True,,none,7.0,2026-03-22 03:05:22.902197+00:00,7.0,active,monthly,199.0,0.0,none,2025-02-01 00:00:00+00:00,,Enterprise Custom,enterprise,199.0,20,17,1667.2142857142858,11,19.76,5.0,0.0,5.0,1518.1,0
1176,Xenon Group,Marketing,enterprise,Singapore,2025-02-28 00:00:00+00:00,paid_ads,True,,none,8.0,2026-03-22 03:05:22.902197+00:00,5.0,active,annual,49.17,0.0,none,2025-09-12 00:00:00+00:00,,Professional Plus,professional,59.0,26,23,1863.64,12,24.71,8.0,2.0,5.0,2212.17,0
1177,AcmeCloud,Consulting,large,France,2024-03-09 00:00:00+00:00,referral,True,,none,10.0,2026-03-22 03:05:22.902197+00:00,6.0,active,annual,82.5,0.0,none,2025-03-17 00:00:00+00:00,,Enterprise,enterprise,99.0,28,21,1830.4347826086957,12,24.8,5.0,0.0,5.0,513.37,0
1178,ZenTech,Media,medium,United States,2025-04-06 00:00:00+00:00,referral,False,2025-10-18 17:47:07+00:00,Missing features,0.0,2026-03-22 03:05:22.902197+00:00,1.0,cancelled,monthly,0.0,20.0,Company reorganization,2025-04-06 00:00:00+00:00,2025-10-18 00:00:00+00:00,Free,free,0.0,19,15,1969.8333333333333,8,19.47,5.0,1.0,3.6666666666666665,3089.09,1
1179,HubDigital,Marketing,large,Japan,2025-09-13 00:00:00+00:00,organic,True,,none,7.0,2026-03-22 03:05:22.902197+00:00,2.0,expired,annual,9.0,10.0,Switched competitor,2025-09-13 00:00:00+00:00,2025-11-13 00:00:00+00:00,Starter,starter,12.0,20,17,1603.235294117647,11,19.54,9.0,1.0,4.333333333333333,933.29,0
1180,Core Hub,Education,small,United States,2025-07-30 00:00:00+00:00,event,True,,none,3.0,2026-03-22 03:05:22.902197+00:00,1.0,active,monthly,0.0,0.0,none,2025-07-30 00:00:00+00:00,,Free,free,0.0,20,19,1799.9285714285713,11,20.8,5.0,2.0,5.0,321.13,0
1181,QuestPro,Legal,enterprise,Singapore,2024-01-22 00:00:00+00:00,organic,False,2025-06-14 23:05:43+00:00,Company closed,5.0,2026-03-22 03:05:22.902197+00:00,2.0,cancelled,annual,10.0,0.0,Not using it,2024-01-22 00:00:00+00:00,2025-06-14 00:00:00+00:00,Starter,starter,12.0,42,34,1770.2285714285715,13,34.2,5.0,0.0,4.0,6273.25,1
1182,RushSystems,Technology,medium,Singapore,2023-11-28 00:00:00+00:00,organic,False,2025-05-23 15:07:49+00:00,Switched to competitor,2.0,2026-03-22 03:05:22.902197+00:00,2.0,cancelled,monthly,12.0,0.0,Company reorganization,2023-11-28 00:00:00+00:00,2024-06-23 00:00:00+00:00,Starter,starter,12.0,22,16,1704.8823529411766,12,20.48,5.0,1.0,0.0,803.92,1
1183,QuestAI,Education,large,Australia,2023-11-18 00:00:00+00:00,organic,True,,none,7.0,2026-03-22 03:05:22.902197+00:00,5.0,active,annual,44.25,10.0,none,2023-11-18 00:00:00+00:00,,Professional Plus,professional,59.0,22,20,2031.9473684210527,12,22.77,5.0,1.0,5.0,460.24,0
1184,Edge Solutions,Telecommunications,large,Singapore,2024-08-02 00:00:00+00:00,organic,True,,none,7.0,2026-03-22 03:05:22.902197+00:00,2.0,active,annual,8.0,20.0,none,2024-08-02 00:00:00+00:00,,Starter,starter,12.0,21,18,1729.0,9,20.46,3.0,1.0,2.0,2901.72,0
1185,LunaAI,Technology,enterprise,United States,2025-06-06 00:00:00+00:00,referral,True,,none,9.0,2026-03-22 03:05:22.902197+00:00,3.0,active,annual,15.83,0.0,none,2025-06-06 00:00:00+00:00,,Starter Plus,starter,19.0,18,14,1290.7857142857142,12,16.9,3.0,0.0,0.0,715.73,0
1186,Meta Ventures,E-commerce,enterprise,France,2024-08-02 00:00:00+00:00,organic,True,,none,2.0,2026-03-22 03:05:22.902197+00:00,3.0,active,monthly,19.0,0.0,none,2024-08-02 00:00:00+00:00,,Starter Plus,starter,19.0,20,16,2026.0,11,20.65,9.0,0.0,2.5,1895.22,0
1187,Mist Hub,Finance,small,Canada,2024-07-01 00:00:00+00:00,organic,True,,none,7.0,2026-03-22 03:05:22.902197+00:00,2.0,active,annual,10.0,0.0,none,2024-09-17 00:00:00+00:00,,Starter,starter,12.0,25,20,1516.4736842105262,12,22.25,2.0,0.0,0.0,886.56,0
1188,WavePlatform,Telecommunications,small,Singapore,2024-09-09 00:00:00+00:00,organic,False,2025-08-04 00:34:44+00:00,Budget cuts,1.0,2026-03-22 03:05:22.902197+00:00,3.0,cancelled,monthly,19.0,0.0,none,2024-09-09 00:00:00+00:00,2025-08-04 00:00:00+00:00,Starter Plus,starter,19.0,29,25,1809.8333333333333,14,26.53,5.0,1.0,5.0,3718.2,1
1189,Cloud Solutions,Healthcare,medium,United States,2023-10-17 00:00:00+00:00,referral,True,,none,10.0,2026-03-22 03:05:22.902197+00:00,5.0,active,monthly,59.0,0.0,none,2023-10-17 00:00:00+00:00,,Professional Plus,professional,59.0,26,20,1726.625,14,23.56,4.0,1.0,4.0,3685.2799999999997,0
1190,Ion Corp,Media,medium,Australia,2024-08-09 00:00:00+00:00,referral,True,,none,6.0,2026-03-22 03:05:22.902197+00:00,6.0,active,annual,74.25,10.0,none,2024-08-09 00:00:00+00:00,,Enterprise,enterprise,99.0,27,21,1388.3809523809523,12,22.93,5.0,0.0,3.0,1311.0600000000002,0
1191,WaveWorks,Consulting,small,United States,2025-09-12 00:00:00+00:00,organic,True,,none,10.0,2026-03-22 03:05:22.902197+00:00,2.0,active,annual,8.5,15.0,none,2025-09-12 00:00:00+00:00,,Starter,starter,12.0,28,23,1994.72,12,25.95,5.0,2.0,3.0,2068.08,0
1192,LinkHQ,Finance,small,India,2023-08-29 00:00:00+00:00,event,True,,none,7.0,2026-03-22 03:05:22.902197+00:00,2.0,active,monthly,12.0,0.0,none,2023-08-29 00:00:00+00:00,,Starter,starter,12.0,14,9,1765.7272727272727,10,15.19,6.0,0.0,4.5,2214.06,0
1193,KeenHub,Manufacturing,small,Germany,2025-06-14 00:00:00+00:00,partner,True,,none,7.0,2026-03-22 03:05:22.902197+00:00,3.0,active,annual,15.83,0.0,none,2025-10-23 00:00:00+00:00,,Starter Plus,starter,19.0,23,19,2048.5333333333333,11,22.83,7.0,0.0,4.0,953.34,0
1194,Edge Cloud,Real Estate,small,Australia,2025-08-25 00:00:00+00:00,partner,True,,none,7.0,2026-03-22 03:05:22.902197+00:00,2.0,active,monthly,12.0,0.0,none,2025-08-25 00:00:00+00:00,,Starter,starter,12.0,21,17,2128.8823529411766,10,21.6,7.0,0.0,0.0,1071.01,0
1195,Link Works,Media,medium,United States,2024-06-29 00:00:00+00:00,event,True,,none,7.0,2026-03-22 03:05:22.902197+00:00,1.0,active,annual,0.0,0.0,none,2024-06-29 00:00:00+00:00,,Free,free,0.0,25,22,1752.05,11,23.54,5.0,0.0,3.0,697.89,0
1196,Acme Hub,Real Estate,medium,United States,2023-11-05 00:00:00+00:00,organic,True,,none,5.0,2026-03-22 03:05:22.902197+00:00,5.0,active,monthly,59.0,0.0,none,2024-06-04 00:00:00+00:00,,Professional Plus,professional,59.0,21,15,2237.785714285714,9,21.26,6.0,0.0,5.0,1057.92,0
1197,Cloud Cloud,Education,medium,Australia,2023-02-25 00:00:00+00:00,organic,True,,none,9.0,2026-03-22 03:05:22.902197+00:00,2.0,active,monthly,12.0,0.0,none,2024-02-18 00:00:00+00:00,,Starter,starter,12.0,30,25,1671.1304347826087,12,26.27,2.0,0.0,2.5,5153.93,0
1198,NovaPro,Marketing,enterprise,Australia,2023-12-12 00:00:00+00:00,organic,True,,none,7.0,2026-03-22 03:05:22.902197+00:00,1.0,active,annual,0.0,0.0,none,2023-12-12 00:00:00+00:00,,Free,free,0.0,29,22,1730.2857142857142,13,25.27,3.0,1.0,4.5,1143.25,0
1199,FlowVentures,Healthcare,small,France,2023-08-15 00:00:00+00:00,partner,False,2024-08-25 03:25:00+00:00,Outgrew the platform,0.0,2026-03-22 03:05:22.902197+00:00,3.0,cancelled,annual,15.83,0.0,none,2024-05-26 00:00:00+00:00,2024-08-25 00:00:00+00:00,Starter Plus,starter,19.0,22,18,1974.9444444444443,10,21.78,8.0,0.0,4.0,279.78,1
1200,Arc Solutions,Telecommunications,large,France,2023-09-29 00:00:00+00:00,organic,True,,none,7.0,2026-03-22 03:05:22.902197+00:00,5.0,cancelled,monthly,53.1,10.0,Too expensive,2024-03-03 00:00:00+00:00,2024-11-25 00:00:00+00:00,Professional Plus,professional,59.0,19,14,1722.25,10,18.54,4.0,0.0,5.0,646.61,0
1201,Acme Labs ,Technology,medium,United States,2024-03-15 00:00:00+00:00,organic,True,,none,7.0,2026-03-22 03:05:22.902197+00:00,,,unknown,0.0,0.0,none,,,unknown,unknown,0.0,19,18,2169.375,10,21.23,0.0,0.0,0.0,0.0,0
1202,AcmeLabs,Technology,medium,United States ,2024-03-15 00:00:00+00:00,referral,True,,none,7.0,2026-03-22 03:05:22.902197+00:00,,,unknown,0.0,0.0,none,,,unknown,unknown,0.0,23,22,2052.2380952380954,11,23.74,0.0,0.0,0.0,0.0,0
1203,Unknown Corp,unknown,unknown,,2025-08-01 00:00:00+00:00,,True,,none,7.0,2026-03-22 03:05:22.902197+00:00,,,unknown,0.0,0.0,none,,,unknown,unknown,0.0,28,17,1827.9,12,23.59,0.0,0.0,0.0,0.0,0
1204,,unknown,unknown,,2025-09-15 00:00:00+00:00,organic,True,,none,7.0,2026-03-22 03:05:22.902197+00:00,,,unknown,0.0,0.0,none,,,unknown,unknown,0.0,27,20,1583.1,12,23.28,0.0,0.0,0.0,0.0,0
